Home_Location,Qualification,Job_Domain,Employment_Type,Company_Size,Joining_Period,Experience_Years,Salary
Jagdalpur,12th Pass,Customer Support,Part Time,Small,45 Days,2,12000
Jagdalpur,BA,HR Executive,Part Time,Large,15 Days,1,27000
Rajnandgaon,BA,Account Manager,Full Time,Large,15 Days,4,75000
Chirmiri,12th Pass,Computer Operator,Full Time,Large,Immediately,0,17000
Bemetra,BA,HR Executive,Full Time,Medium,45 Days,4,39000
Bhatapara,BCA,Account Manager,Full Time,Medium,3 Months,11,114000
Durg,BCA,HR Executive,Full Time,Large,45 Days,12,113000
Manendragarh,BCA,HR Executive,Full Time,Small,3 Months,15,94000
Durg,10th Pass,Customer Support,Contract,Small,45 Days,8,15000
Ambikapur,MBA,Account Manager,Full Time,Small,45 Days,8,150000
Mungeli,MA,Account Manager,Full Time,Medium,Immediately,4,104000
Bemetra,BA,Business Analyst,Full Time,Medium,3 Months,6,68000
Mahasamund,12th Pass,Computer Operator,Full Time,Small,15 Days,4,17000
Bhilai,BCA,Sales Executive,Full Time,Large,2 Months,11,120000
Mahasamund,Diploma,Accountant,Full Time,Medium,45 Days,0,30000
Durg,BCA,Sales Executive,Full Time,Small,2 Months,3,56000
Rajnandgaon,Diploma,Accountant,Full Time,Medium,2 Months,7,56000
Chirmiri,BBA,HR Executive,Contract,Medium,45 Days,10,69000
Jagdalpur,10th Pass,Sales Executive,Full Time,Small,30 Days,1,14000
Tilda Newra,B.Com,MIS Executive,Full Time,Small,45 Days,3,50000
Bhilai,BBA,Digital Marketing Executive,Full Time,Small,30 Days,10,93000
Bilaspur,10th Pass,Computer Operator,Full Time,Medium,3 Months,5,13000
Ambikapur,M.Com,Account Manager,Full Time,Medium,3 Months,7,150000
Durg,M.Com,Business Analyst,Full Time,Small,45 Days,9,144000
Ambikapur,10th Pass,Customer Support,Full Time,Medium,30 Days,0,12000
Bilaspur,MBA,Account Manager,Full Time,Large,15 Days,5,150000
Bilaspur,MBA,Account Manager,Full Time,Large,30 Days,9,150000
Bemetra,BBA,Sales Executive,Full Time,Small,30 Days,3,54000
Ambikapur,BCA,Digital Marketing Executive,Full Time,Medium,2 Months,5,84000
Bhilai,12th Pass,Accountant,Full Time,Small,30 Days,4,24000
Rajnandgaon,12th Pass,Computer Operator,Part Time,Medium,2 Months,8,17000
Bhilai,M.Com,Digital Marketing Executive,Full Time,Small,3 Months,9,123000
Ambikapur,BCA,Digital Marketing Executive,Full Time,Large,3 Months,5,94000
Mahasamund,BA,Account Manager,Full Time,Small,30 Days,7,64000
Korba,BA,Sales Executive,Full Time,Large,15 Days,1,46000
Raigarh,10th Pass,Customer Support,Full Time,Large,Immediately,0,15000
Jagdalpur,BA,Digital Marketing Executive,Intern,Small,3 Months,15,31000
Jagdalpur,B.Com,HR Executive,Full Time,Medium,2 Months,10,64000
Dhamtari,MBA,Digital Marketing Executive,Full Time,Small,2 Months,8,144000
Mungeli,12th Pass,Computer Operator,Full Time,Medium,3 Months,10,25000
Bhilai,BCA,Account Manager,Full Time,Large,45 Days,4,105000
Ambikapur,M.Com,Account Manager,Full Time,Small,Immediately,10,150000
Mahasamund,BBA,Digital Marketing Executive,Full Time,Large,30 Days,1,69000
Dhamtari,BCA,Business Analyst,Full Time,Large,45 Days,5,132000
Manendragarh,Diploma,Content Writer,Full Time,Small,15 Days,4,29000
Raigarh,B.Com,HR Executive,Full Time,Large,3 Months,7,76000
Mahasamund,12th Pass,Accountant,Part Time,Small,2 Months,5,16000
Tilda Newra,BBA,HR Executive,Contract,Large,Immediately,0,51000
Bhatapara,BBA,Business Analyst,Full Time,Small,2 Months,10,126000
Mungeli,12th Pass,Customer Support,Full Time,Medium,30 Days,7,29000
Mahasamund,MBA,HR Executive,Full Time,Medium,2 Months,9,150000
Naila Janjgir,M.Com,Digital Marketing Executive,Part Time,Medium,2 Months,3,63000
Durg,MBA,MIS Executive,Full Time,Large,30 Days,5,150000
Raigarh,Diploma,Customer Support,Full Time,Small,30 Days,6,26000
Bhatapara,BA,Accountant,Full Time,Medium,15 Days,0,36000
Jagdalpur,BA,Business Analyst,Full Time,Medium,Immediately,3,59000
Bemetra,BA,Digital Marketing Executive,Full Time,Large,30 Days,10,83000
Bilaspur,BA,Digital Marketing Executive,Full Time,Medium,30 Days,7,63000
Durg,BA,MIS Executive,Full Time,Medium,45 Days,6,61000
Jagdalpur,12th Pass,Sales Executive,Part Time,Small,2 Months,6,17000
Ambikapur,12th Pass,Content Writer,Full Time,Medium,30 Days,1,18000
Raipur,Diploma,Accountant,Full Time,Medium,3 Months,10,60000
Dhamtari,BBA,Account Manager,Full Time,Large,15 Days,3,108000
Mungeli,B.Com,Account Manager,Full Time,Large,3 Months,5,89000
Korba,B.Com,HR Executive,Full Time,Medium,45 Days,7,65000
Sakti,M.Com,MIS Executive,Full Time,Medium,30 Days,13,150000
Bemetra,MBA,HR Executive,Full Time,Large,Immediately,8,150000
Ambikapur,BBA,MIS Executive,Full Time,Large,15 Days,4,94000
Manendragarh,12th Pass,Content Writer,Full Time,Small,45 Days,3,21000
Dhamtari,12th Pass,Customer Support,Full Time,Large,30 Days,3,26000
Dhamtari,M.Com,Digital Marketing Executive,Full Time,Medium,2 Months,8,142000
Sakti,Diploma,Computer Operator,Full Time,Large,3 Months,7,40000
Manendragarh,B.Com,Digital Marketing Executive,Full Time,Small,2 Months,0,38000
Raipur,Diploma,Sales Executive,Full Time,Large,45 Days,7,64000
Durg,BCA,Account Manager,Full Time,Medium,45 Days,13,134000
Bhilai,MA,Account Manager,Part Time,Large,2 Months,14,137000
Sakti,M.Com,Digital Marketing Executive,Full Time,Medium,2 Months,8,150000
Durg,BBA,HR Executive,Full Time,Small,30 Days,4,49000
Dhamtari,MA,Account Manager,Full Time,Large,45 Days,1,97000
Raigarh,BCA,Sales Executive,Full Time,Medium,30 Days,12,93000
Bemetra,Diploma,Computer Operator,Contract,Large,2 Months,2,25000
Manendragarh,BCA,Sales Executive,Full Time,Medium,30 Days,4,73000
Sakti,MA,Account Manager,Intern,Large,3 Months,2,44000
Mungeli,10th Pass,Customer Support,Full Time,Large,30 Days,6,23000
Dalli-Rajhara,MBA,Digital Marketing Executive,Full Time,Medium,15 Days,17,150000
Bilaspur,MBA,HR Executive,Full Time,Medium,30 Days,7,142000
Naila Janjgir,M.Com,HR Executive,Full Time,Medium,45 Days,10,135000
Manendragarh,MBA,Digital Marketing Executive,Contract,Small,45 Days,11,150000
Dhamtari,MA,Account Manager,Full Time,Large,45 Days,15,150000
Tilda Newra,12th Pass,Customer Support,Full Time,Large,30 Days,0,20000
Bhatapara,MBA,Account Manager,Contract,Small,45 Days,9,150000
Mungeli,BCA,MIS Executive,Part Time,Medium,30 Days,10,61000
Tilda Newra,MBA,HR Executive,Full Time,Medium,2 Months,13,150000
Bhatapara,BBA,Sales Executive,Contract,Small,45 Days,11,74000
Bilaspur,BA,Content Writer,Full Time,Small,30 Days,2,31000
Korba,MBA,Business Analyst,Contract,Medium,3 Months,8,150000
Durg,BCA,HR Executive,Contract,Medium,3 Months,6,60000
Durg,MBA,HR Executive,Full Time,Small,3 Months,10,150000
Bhilai,BA,HR Executive,Full Time,Medium,30 Days,15,66000
Korba,10th Pass,Customer Support,Full Time,Small,30 Days,2,12000
Jagdalpur,12th Pass,Accountant,Contract,Medium,15 Days,3,24000
Manendragarh,BCA,MIS Executive,Full Time,Small,3 Months,7,78000
Raigarh,BA,MIS Executive,Contract,Medium,15 Days,7,53000
Bhatapara,BCA,Account Manager,Full Time,Medium,3 Months,12,150000
Jagdalpur,MA,Digital Marketing Executive,Part Time,Large,30 Days,16,112000
Naila Janjgir,Diploma,Computer Operator,Part Time,Small,30 Days,0,12000
Chirmiri,BA,Accountant,Full Time,Large,15 Days,2,53000
Bhilai,MBA,Digital Marketing Executive,Intern,Medium,15 Days,16,124000
Durg,BA,MIS Executive,Full Time,Medium,45 Days,14,89000
Jagdalpur,BCA,Account Manager,Full Time,Medium,3 Months,5,98000
Dhamtari,BBA,HR Executive,Full Time,Large,15 Days,7,96000
Korba,MBA,MIS Executive,Full Time,Medium,45 Days,4,150000
Bhilai,BA,Content Writer,Part Time,Medium,2 Months,2,21000
Bhilai,BBA,MIS Executive,Full Time,Large,2 Months,3,78000
Durg,BCA,Content Writer,Full Time,Large,30 Days,1,51000
Raigarh,B.Com,Accountant,Contract,Small,30 Days,2,39000
Raipur,BBA,Accountant,Contract,Medium,15 Days,2,48000
Raipur,Diploma,Customer Support,Contract,Medium,Immediately,0,18000
Bhilai,10th Pass,Sales Executive,Full Time,Large,30 Days,3,24000
Mungeli,MBA,Business Analyst,Full Time,Medium,3 Months,10,150000
Naila Janjgir,BA,Content Writer,Contract,Small,15 Days,1,22000
Bhatapara,MA,Digital Marketing Executive,Full Time,Large,45 Days,9,146000
Naila Janjgir,12th Pass,Content Writer,Full Time,Small,3 Months,7,27000
Korba,B.Com,MIS Executive,Contract,Large,Immediately,4,64000
Manendragarh,12th Pass,Customer Support,Full Time,Small,45 Days,8,22000
Bilaspur,B.Com,HR Executive,Full Time,Medium,30 Days,10,69000
Manendragarh,MBA,Sales Executive,Full Time,Medium,15 Days,2,107000
Bemetra,M.Com,HR Executive,Full Time,Large,Immediately,20,150000
Dhamtari,BCA,HR Executive,Full Time,Medium,15 Days,4,61000
Durg,12th Pass,Sales Executive,Full Time,Large,30 Days,5,37000
Durg,BCA,Sales Executive,Full Time,Small,2 Months,11,71000
Naila Janjgir,MBA,HR Executive,Full Time,Medium,2 Months,8,140000
Dhamtari,BCA,Sales Executive,Full Time,Small,3 Months,7,60000
Mahasamund,BBA,MIS Executive,Full Time,Small,2 Months,9,77000
Bhatapara,BBA,Account Manager,Full Time,Large,Immediately,5,127000
Dhamtari,MA,MIS Executive,Full Time,Small,3 Months,7,98000
Dalli-Rajhara,MBA,Business Analyst,Full Time,Small,45 Days,12,150000
Rajnandgaon,BCA,MIS Executive,Full Time,Small,15 Days,8,86000
Bhilai,B.Com,HR Executive,Full Time,Small,15 Days,2,38000
Naila Janjgir,12th Pass,Content Writer,Part Time,Large,45 Days,6,23000
Naila Janjgir,MA,Account Manager,Full Time,Small,2 Months,6,109000
Naila Janjgir,B.Com,Business Analyst,Full Time,Small,2 Months,4,64000
Naila Janjgir,12th Pass,Content Writer,Full Time,Large,45 Days,4,33000
Tilda Newra,MA,HR Executive,Full Time,Large,15 Days,6,113000
Rajnandgaon,B.Com,Sales Executive,Full Time,Small,45 Days,10,67000
Dalli-Rajhara,Diploma,Content Writer,Full Time,Medium,Immediately,4,32000
Ambikapur,B.Com,MIS Executive,Contract,Large,3 Months,6,73000
Dhamtari,12th Pass,Computer Operator,Part Time,Large,15 Days,1,13000
Mungeli,BCA,Digital Marketing Executive,Full Time,Small,45 Days,5,63000
Raigarh,Diploma,Content Writer,Intern,Small,30 Days,12,18000
Bilaspur,M.Com,HR Executive,Full Time,Large,2 Months,16,150000
Bilaspur,Diploma,Content Writer,Full Time,Medium,45 Days,2,30000
Tilda Newra,MBA,Sales Executive,Full Time,Small,2 Months,4,115000
Dalli-Rajhara,BCA,Sales Executive,Part Time,Small,3 Months,11,45000
Mungeli,MBA,Business Analyst,Full Time,Small,2 Months,14,150000
Naila Janjgir,Diploma,Customer Support,Contract,Medium,45 Days,7,31000
Raipur,BA,Digital Marketing Executive,Contract,Medium,3 Months,12,79000
Tilda Newra,Diploma,Customer Support,Full Time,Medium,3 Months,7,31000
Dhamtari,Diploma,Sales Executive,Full Time,Small,Immediately,6,40000
Manendragarh,MBA,HR Executive,Full Time,Small,45 Days,8,129000
Dalli-Rajhara,10th Pass,Sales Executive,Part Time,Small,Immediately,1,12000
Raipur,M.Com,HR Executive,Contract,Medium,Immediately,9,108000
Jagdalpur,10th Pass,Customer Support,Part Time,Large,Immediately,0,12000
Naila Janjgir,Diploma,Customer Support,Full Time,Large,30 Days,5,39000
Raigarh,MBA,HR Executive,Full Time,Small,30 Days,4,106000
Chirmiri,MBA,Sales Executive,Contract,Small,30 Days,4,92000
Rajnandgaon,BA,MIS Executive,Full Time,Medium,30 Days,10,74000
Bemetra,12th Pass,Content Writer,Full Time,Small,30 Days,6,24000
Naila Janjgir,BCA,Digital Marketing Executive,Full Time,Medium,2 Months,6,90000
Bhatapara,BA,Sales Executive,Part Time,Medium,30 Days,0,18000
Korba,MA,Business Analyst,Full Time,Small,2 Months,8,131000
Chirmiri,10th Pass,Customer Support,Full Time,Medium,15 Days,5,15000
Raipur,B.Com,Account Manager,Full Time,Large,30 Days,3,77000
Dhamtari,BCA,Sales Executive,Contract,Large,45 Days,8,97000
Mahasamund,MBA,Business Analyst,Full Time,Large,15 Days,8,150000
Chirmiri,Diploma,Customer Support,Full Time,Large,3 Months,12,58000
Chirmiri,MBA,HR Executive,Part Time,Medium,45 Days,9,90000
Dalli-Rajhara,BCA,Sales Executive,Part Time,Medium,15 Days,7,54000
Korba,MBA,Digital Marketing Executive,Full Time,Large,30 Days,9,150000
Rajnandgaon,10th Pass,Customer Support,Full Time,Small,2 Months,6,16000
Manendragarh,BCA,Digital Marketing Executive,Full Time,Medium,30 Days,9,99000
Bemetra,Diploma,Customer Support,Contract,Large,30 Days,2,27000
Ambikapur,10th Pass,Sales Executive,Full Time,Large,45 Days,5,25000
Jagdalpur,M.Com,MIS Executive,Full Time,Large,45 Days,5,140000
Bemetra,BA,MIS Executive,Full Time,Small,45 Days,3,44000
Manendragarh,BA,Sales Executive,Full Time,Small,45 Days,5,39000
Dalli-Rajhara,12th Pass,Accountant,Intern,Small,2 Months,3,11000
Mungeli,B.Com,Content Writer,Full Time,Medium,30 Days,2,42000
Sakti,M.Com,Account Manager,Full Time,Medium,15 Days,4,136000
Dalli-Rajhara,MBA,HR Executive,Contract,Small,30 Days,1,70000
Manendragarh,BA,MIS Executive,Full Time,Medium,30 Days,3,46000
Bhilai,MA,Account Manager,Full Time,Medium,3 Months,2,89000
Bilaspur,Diploma,Accountant,Full Time,Small,2 Months,6,40000
Bemetra,Diploma,Computer Operator,Full Time,Medium,3 Months,2,22000
Sakti,B.Com,HR Executive,Full Time,Medium,Immediately,7,55000
Tilda Newra,BA,Accountant,Intern,Medium,30 Days,0,14000
Bemetra,10th Pass,Sales Executive,Full Time,Medium,30 Days,1,17000
Dalli-Rajhara,12th Pass,Computer Operator,Full Time,Small,15 Days,3,16000
Korba,MBA,Business Analyst,Full Time,Large,30 Days,15,150000
Mahasamund,B.Com,Sales Executive,Full Time,Large,2 Months,13,123000
Ambikapur,BCA,Digital Marketing Executive,Full Time,Large,2 Months,3,93000
Tilda Newra,BBA,MIS Executive,Full Time,Medium,3 Months,7,88000
Chirmiri,MA,MIS Executive,Full Time,Small,30 Days,7,95000
Raigarh,MBA,Account Manager,Full Time,Large,45 Days,8,150000
Jagdalpur,MA,MIS Executive,Full Time,Large,Immediately,1,89000
Tilda Newra,Diploma,Content Writer,Part Time,Medium,45 Days,2,16000
Sakti,10th Pass,Sales Executive,Full Time,Small,2 Months,7,24000
Bhatapara,Diploma,Sales Executive,Full Time,Medium,45 Days,2,33000
Bhilai,10th Pass,Sales Executive,Full Time,Medium,3 Months,4,20000
Raigarh,Diploma,Computer Operator,Full Time,Small,2 Months,10,34000
Raigarh,10th Pass,Sales Executive,Full Time,Small,2 Months,7,20000
Korba,B.Com,HR Executive,Full Time,Medium,Immediately,1,37000
Sakti,BCA,Sales Executive,Full Time,Small,30 Days,12,87000
Dhamtari,MBA,HR Executive,Full Time,Large,3 Months,7,150000
Naila Janjgir,BBA,Digital Marketing Executive,Intern,Large,30 Days,13,68000
Jagdalpur,M.Com,Account Manager,Part Time,Large,3 Months,16,150000
Manendragarh,B.Com,Sales Executive,Full Time,Large,15 Days,1,58000
Tilda Newra,MBA,MIS Executive,Contract,Small,30 Days,4,94000
Naila Janjgir,BA,Accountant,Contract,Large,30 Days,0,40000
Chirmiri,BBA,Content Writer,Full Time,Large,3 Months,0,46000
Korba,MBA,Account Manager,Intern,Large,2 Months,7,106000
Durg,BA,Business Analyst,Intern,Large,3 Months,6,36000
Mungeli,12th Pass,Content Writer,Full Time,Small,15 Days,4,18000
Bhatapara,BCA,Sales Executive,Full Time,Small,30 Days,6,69000
Bemetra,12th Pass,Content Writer,Full Time,Small,15 Days,5,23000
Naila Janjgir,10th Pass,Customer Support,Part Time,Small,30 Days,0,12000
Bemetra,BCA,Sales Executive,Part Time,Large,30 Days,5,62000
Bilaspur,M.Com,Digital Marketing Executive,Contract,Large,3 Months,5,142000
Bhatapara,BA,Customer Support,Part Time,Large,15 Days,0,18000
Korba,M.Com,Sales Executive,Contract,Medium,30 Days,4,97000
Mahasamund,Diploma,Customer Support,Full Time,Large,30 Days,4,37000
Bemetra,BBA,HR Executive,Full Time,Large,15 Days,6,94000
Dhamtari,M.Com,Sales Executive,Full Time,Small,15 Days,4,92000
Raigarh,MBA,HR Executive,Contract,Medium,45 Days,19,150000
Chirmiri,M.Com,Digital Marketing Executive,Contract,Large,45 Days,5,143000
Dalli-Rajhara,B.Com,MIS Executive,Full Time,Small,30 Days,12,70000
Korba,MA,Digital Marketing Executive,Full Time,Small,30 Days,7,100000
Tilda Newra,B.Com,HR Executive,Full Time,Medium,2 Months,7,61000
Mungeli,MBA,Business Analyst,Part Time,Small,15 Days,9,115000
Durg,10th Pass,Computer Operator,Full Time,Large,30 Days,5,16000
Raipur,MA,MIS Executive,Full Time,Small,45 Days,19,147000
Dalli-Rajhara,M.Com,HR Executive,Full Time,Small,15 Days,14,116000
Bhatapara,M.Com,Digital Marketing Executive,Full Time,Small,45 Days,6,118000
Bilaspur,BBA,Digital Marketing Executive,Full Time,Small,15 Days,1,50000
Sakti,Diploma,Computer Operator,Contract,Small,3 Months,6,24000
Ambikapur,MA,HR Executive,Full Time,Large,Immediately,1,75000
Dhamtari,BBA,Account Manager,Full Time,Small,45 Days,6,89000
Mungeli,M.Com,HR Executive,Intern,Large,Immediately,3,46000
Raipur,B.Com,MIS Executive,Full Time,Large,3 Months,6,83000
Bemetra,BA,Account Manager,Part Time,Medium,2 Months,6,35000
Bhilai,Diploma,Computer Operator,Full Time,Small,30 Days,9,28000
Manendragarh,Diploma,Content Writer,Full Time,Large,15 Days,6,44000
Raipur,MA,MIS Executive,Full Time,Medium,2 Months,6,110000
Bhatapara,BBA,Digital Marketing Executive,Full Time,Small,30 Days,2,48000
Durg,BA,Business Analyst,Full Time,Medium,15 Days,4,65000
Raipur,BBA,Customer Support,Full Time,Medium,45 Days,2,43000
Mahasamund,B.Com,Customer Support,Contract,Large,15 Days,2,43000
Jagdalpur,B.Com,Sales Executive,Full Time,Medium,3 Months,7,61000
Manendragarh,MA,Account Manager,Intern,Small,45 Days,9,50000
Tilda Newra,BCA,Business Analyst,Full Time,Small,30 Days,7,99000
Bhatapara,BA,Sales Executive,Full Time,Large,3 Months,7,74000
Durg,B.Com,Sales Executive,Part Time,Small,2 Months,11,42000
Bhatapara,10th Pass,Sales Executive,Intern,Medium,45 Days,5,8000
Sakti,M.Com,HR Executive,Full Time,Small,30 Days,14,146000
Bhilai,M.Com,Digital Marketing Executive,Full Time,Medium,2 Months,1,92000
Raigarh,Diploma,Content Writer,Full Time,Large,45 Days,5,45000
Bhilai,B.Com,Digital Marketing Executive,Contract,Small,30 Days,0,31000
Manendragarh,BBA,Customer Support,Intern,Medium,15 Days,2,16000
Sakti,BA,Business Analyst,Full Time,Medium,45 Days,3,60000
Rajnandgaon,12th Pass,Accountant,Full Time,Medium,45 Days,6,36000
Bhatapara,M.Com,HR Executive,Full Time,Large,15 Days,16,150000
Bemetra,Diploma,Computer Operator,Full Time,Large,15 Days,12,45000
Bhatapara,Diploma,Accountant,Full Time,Medium,30 Days,2,33000
Rajnandgaon,M.Com,MIS Executive,Full Time,Medium,15 Days,3,107000
Raigarh,B.Com,Digital Marketing Executive,Intern,Medium,45 Days,13,41000
Rajnandgaon,BA,Business Analyst,Full Time,Small,2 Months,10,65000
Sakti,BBA,Content Writer,Part Time,Large,30 Days,2,37000
Bilaspur,BCA,Sales Executive,Full Time,Large,30 Days,9,118000
Ambikapur,BBA,Content Writer,Contract,Medium,Immediately,0,33000
Bemetra,BBA,HR Executive,Full Time,Large,2 Months,5,91000
Bemetra,10th Pass,Customer Support,Full Time,Large,3 Months,4,19000
Korba,M.Com,Business Analyst,Contract,Medium,3 Months,19,150000
Bhatapara,Diploma,Customer Support,Full Time,Medium,2 Months,5,31000
Bhatapara,12th Pass,Sales Executive,Full Time,Large,2 Months,6,45000
Naila Janjgir,MBA,HR Executive,Part Time,Large,15 Days,1,69000
Ambikapur,BBA,Business Analyst,Part Time,Medium,30 Days,11,83000
Bilaspur,MBA,Business Analyst,Full Time,Small,3 Months,15,150000
Raigarh,Diploma,Content Writer,Intern,Large,45 Days,0,13000
Durg,BCA,MIS Executive,Full Time,Medium,2 Months,5,75000
Bhilai,BBA,Digital Marketing Executive,Full Time,Small,Immediately,1,49000
Dalli-Rajhara,MBA,Business Analyst,Full Time,Large,15 Days,6,150000
Korba,12th Pass,Computer Operator,Part Time,Medium,45 Days,2,12000
Rajnandgaon,Diploma,Accountant,Part Time,Medium,Immediately,0,18000
Bhilai,MA,HR Executive,Part Time,Small,30 Days,4,43000
Durg,B.Com,MIS Executive,Full Time,Small,2 Months,8,71000
Mungeli,10th Pass,Computer Operator,Full Time,Large,2 Months,7,18000
Tilda Newra,BBA,HR Executive,Full Time,Large,15 Days,1,68000
Manendragarh,B.Com,MIS Executive,Full Time,Large,45 Days,6,84000
Bilaspur,MA,Account Manager,Contract,Small,30 Days,5,88000
Manendragarh,BA,Account Manager,Full Time,Large,30 Days,6,82000
Mahasamund,BBA,Sales Executive,Full Time,Medium,2 Months,11,107000
Jagdalpur,BCA,Account Manager,Contract,Small,15 Days,3,55000
Rajnandgaon,Diploma,Sales Executive,Intern,Medium,30 Days,2,14000
Raipur,Diploma,Sales Executive,Part Time,Medium,15 Days,4,23000
Mungeli,MA,MIS Executive,Full Time,Medium,3 Months,8,103000
Mungeli,12th Pass,Customer Support,Full Time,Small,3 Months,6,21000
Manendragarh,BA,Account Manager,Full Time,Large,45 Days,11,104000
Chirmiri,B.Com,Accountant,Full Time,Small,45 Days,1,39000
Dhamtari,10th Pass,Customer Support,Full Time,Medium,45 Days,7,16000
Jagdalpur,MA,HR Executive,Full Time,Medium,3 Months,15,150000
Raipur,M.Com,Account Manager,Full Time,Medium,45 Days,11,150000
Bhatapara,10th Pass,Sales Executive,Full Time,Large,15 Days,7,29000
Durg,MBA,Digital Marketing Executive,Contract,Small,3 Months,15,150000
Bhilai,B.Com,Accountant,Full Time,Large,30 Days,1,54000
Dhamtari,BA,HR Executive,Contract,Medium,2 Months,2,35000
Durg,B.Com,Digital Marketing Executive,Full Time,Small,45 Days,4,45000
Manendragarh,MBA,Business Analyst,Intern,Medium,30 Days,7,77000
Bemetra,12th Pass,Computer Operator,Full Time,Small,3 Months,6,19000
Dhamtari,B.Com,Digital Marketing Executive,Contract,Medium,Immediately,0,41000
Naila Janjgir,M.Com,Business Analyst,Part Time,Small,15 Days,11,98000
Durg,BBA,MIS Executive,Full Time,Large,3 Months,6,107000
Durg,BBA,Digital Marketing Executive,Full Time,Medium,3 Months,13,117000
Raipur,BA,Business Analyst,Full Time,Medium,30 Days,10,79000
Bemetra,BCA,Sales Executive,Part Time,Large,45 Days,2,47000
Korba,MBA,MIS Executive,Full Time,Medium,3 Months,5,150000
Tilda Newra,M.Com,Digital Marketing Executive,Part Time,Large,30 Days,13,132000
Jagdalpur,BCA,Sales Executive,Contract,Small,2 Months,5,57000
Rajnandgaon,M.Com,Account Manager,Full Time,Small,30 Days,10,150000
Bhatapara,10th Pass,Sales Executive,Contract,Medium,3 Months,6,19000
Sakti,B.Com,MIS Executive,Full Time,Small,30 Days,12,76000
Dhamtari,BBA,Sales Executive,Full Time,Small,15 Days,10,73000
Raigarh,M.Com,HR Executive,Full Time,Small,30 Days,6,101000
Korba,10th Pass,Sales Executive,Part Time,Small,2 Months,4,12000
Mahasamund,BA,MIS Executive,Intern,Small,2 Months,5,19000
Bemetra,MBA,MIS Executive,Full Time,Medium,30 Days,3,121000
Sakti,BCA,Digital Marketing Executive,Contract,Medium,30 Days,0,44000
Sakti,B.Com,Digital Marketing Executive,Contract,Small,15 Days,14,79000
Mahasamund,B.Com,Digital Marketing Executive,Full Time,Medium,Immediately,1,46000
Naila Janjgir,12th Pass,Content Writer,Full Time,Large,30 Days,6,38000
Sakti,B.Com,Content Writer,Part Time,Large,Immediately,1,29000
Bhilai,10th Pass,Customer Support,Full Time,Small,2 Months,2,12000
Raipur,12th Pass,Content Writer,Contract,Medium,15 Days,4,22000
Manendragarh,12th Pass,Content Writer,Contract,Large,15 Days,1,21000
Tilda Newra,12th Pass,Accountant,Full Time,Small,Immediately,4,26000
Raigarh,MA,HR Executive,Part Time,Small,3 Months,2,31000
Manendragarh,BA,Account Manager,Full Time,Medium,2 Months,4,57000
Ambikapur,BCA,Digital Marketing Executive,Full Time,Large,45 Days,4,85000
Jagdalpur,B.Com,Sales Executive,Full Time,Large,30 Days,10,109000
Dhamtari,MBA,Digital Marketing Executive,Full Time,Small,2 Months,4,114000
Korba,M.Com,HR Executive,Contract,Small,45 Days,15,131000
Dalli-Rajhara,BBA,Account Manager,Intern,Small,45 Days,8,41000
Bhatapara,MA,HR Executive,Full Time,Large,30 Days,2,81000
Dalli-Rajhara,10th Pass,Computer Operator,Full Time,Small,45 Days,8,17000
Manendragarh,12th Pass,Computer Operator,Contract,Medium,Immediately,0,13000
Korba,MBA,MIS Executive,Full Time,Large,2 Months,5,150000
Tilda Newra,B.Com,Digital Marketing Executive,Contract,Medium,Immediately,0,37000
Bhilai,BCA,HR Executive,Full Time,Small,3 Months,12,87000
Durg,BCA,HR Executive,Full Time,Small,3 Months,11,77000
Mungeli,M.Com,Business Analyst,Full Time,Small,2 Months,16,150000
Raigarh,M.Com,Account Manager,Part Time,Small,30 Days,10,99000
Bhatapara,BBA,Sales Executive,Contract,Large,2 Months,7,88000
Manendragarh,MBA,HR Executive,Full Time,Medium,3 Months,8,150000
Rajnandgaon,12th Pass,Sales Executive,Part Time,Large,15 Days,3,19000
Raipur,BBA,Sales Executive,Full Time,Large,3 Months,6,100000
Ambikapur,10th Pass,Customer Support,Contract,Medium,2 Months,4,13000
Bhilai,BCA,Sales Executive,Full Time,Small,2 Months,6,67000
Tilda Newra,MA,Business Analyst,Full Time,Small,30 Days,5,96000
Bemetra,BCA,Account Manager,Full Time,Medium,45 Days,3,82000
Bhatapara,BCA,Business Analyst,Full Time,Large,2 Months,6,121000
Chirmiri,BBA,HR Executive,Full Time,Large,30 Days,7,97000
Ambikapur,BCA,Digital Marketing Executive,Contract,Large,45 Days,2,71000
Jagdalpur,B.Com,MIS Executive,Contract,Large,30 Days,3,63000
Bilaspur,MA,Digital Marketing Executive,Full Time,Large,2 Months,2,103000
Dhamtari,M.Com,HR Executive,Full Time,Medium,3 Months,7,99000
Mahasamund,BA,Digital Marketing Executive,Full Time,Large,15 Days,13,110000
Ambikapur,B.Com,Content Writer,Contract,Small,Immediately,0,25000
Bhatapara,12th Pass,Content Writer,Intern,Medium,30 Days,3,8000
Raigarh,B.Com,Sales Executive,Full Time,Small,2 Months,12,73000
Mungeli,B.Com,Content Writer,Full Time,Large,Immediately,1,49000
Mahasamund,MBA,HR Executive,Contract,Medium,3 Months,14,150000
Raipur,B.Com,Business Analyst,Full Time,Small,3 Months,8,69000
Bhatapara,M.Com,Business Analyst,Full Time,Large,45 Days,6,150000
Bhilai,12th Pass,Sales Executive,Part Time,Medium,Immediately,0,13000
Dalli-Rajhara,BBA,Customer Support,Full Time,Large,15 Days,0,47000
Bemetra,BA,Sales Executive,Full Time,Small,2 Months,7,50000
Dalli-Rajhara,BCA,MIS Executive,Full Time,Medium,45 Days,8,104000
Durg,MBA,HR Executive,Contract,Small,30 Days,1,65000
Jagdalpur,M.Com,Sales Executive,Intern,Medium,15 Days,2,32000
Mahasamund,Diploma,Computer Operator,Full Time,Medium,15 Days,9,34000
Chirmiri,Diploma,Computer Operator,Intern,Medium,15 Days,2,9000
Naila Janjgir,B.Com,Business Analyst,Part Time,Medium,2 Months,6,50000
Bhilai,Diploma,Customer Support,Intern,Medium,15 Days,0,8000
Raipur,MA,HR Executive,Contract,Large,2 Months,6,105000
Bilaspur,MBA,MIS Executive,Full Time,Small,30 Days,7,150000
Mungeli,MA,Digital Marketing Executive,Full Time,Large,2 Months,11,150000
Manendragarh,MBA,Account Manager,Full Time,Large,2 Months,7,150000
Mahasamund,MBA,MIS Executive,Full Time,Small,30 Days,10,150000
Naila Janjgir,BA,Account Manager,Part Time,Medium,30 Days,3,33000
Bhatapara,12th Pass,Sales Executive,Full Time,Medium,45 Days,8,44000
Raigarh,MA,HR Executive,Full Time,Large,3 Months,9,117000
Bemetra,BBA,Sales Executive,Full Time,Large,2 Months,9,110000
Dhamtari,BBA,HR Executive,Full Time,Large,2 Months,5,72000
Bhilai,Diploma,Content Writer,Full Time,Medium,30 Days,12,55000
Bhilai,MBA,Digital Marketing Executive,Full Time,Medium,2 Months,11,150000
Korba,MBA,HR Executive,Full Time,Medium,2 Months,10,150000
Sakti,MA,Account Manager,Full Time,Small,15 Days,9,122000
Bemetra,B.Com,Business Analyst,Part Time,Large,30 Days,6,74000
Bemetra,MBA,MIS Executive,Contract,Large,45 Days,11,150000
Raigarh,B.Com,HR Executive,Full Time,Small,2 Months,11,73000
Mungeli,Diploma,Customer Support,Full Time,Large,30 Days,15,58000
Dhamtari,MBA,HR Executive,Part Time,Medium,45 Days,7,74000
Ambikapur,10th Pass,Customer Support,Contract,Small,30 Days,1,12000
Bemetra,10th Pass,Computer Operator,Full Time,Large,2 Months,3,16000
Bilaspur,BBA,HR Executive,Full Time,Medium,3 Months,4,63000
Bemetra,M.Com,Account Manager,Part Time,Medium,3 Months,5,86000
Raigarh,MA,Account Manager,Full Time,Medium,3 Months,10,150000
Ambikapur,M.Com,Digital Marketing Executive,Full Time,Large,Immediately,1,98000
Korba,MBA,Business Analyst,Full Time,Medium,2 Months,11,150000
Mahasamund,BCA,Account Manager,Full Time,Large,30 Days,5,106000
Chirmiri,BA,Account Manager,Contract,Small,2 Months,6,48000
Bhilai,MA,Business Analyst,Full Time,Large,30 Days,9,150000
Bhatapara,BBA,MIS Executive,Full Time,Small,45 Days,15,113000
Bilaspur,B.Com,Business Analyst,Contract,Medium,30 Days,7,88000
Raipur,Diploma,Accountant,Full Time,Large,2 Months,14,96000
Dalli-Rajhara,BA,Sales Executive,Part Time,Large,15 Days,8,42000
Rajnandgaon,B.Com,Sales Executive,Full Time,Medium,15 Days,1,41000
Mahasamund,BA,Business Analyst,Full Time,Small,15 Days,6,59000
Chirmiri,12th Pass,Sales Executive,Full Time,Large,2 Months,6,38000
Rajnandgaon,MBA,Digital Marketing Executive,Full Time,Large,30 Days,1,149000
Chirmiri,BCA,MIS Executive,Full Time,Small,45 Days,11,77000
Dhamtari,MA,Business Analyst,Full Time,Small,3 Months,9,124000
Bemetra,M.Com,Account Manager,Full Time,Medium,15 Days,3,129000
Dhamtari,M.Com,Business Analyst,Full Time,Large,15 Days,9,150000
Dhamtari,B.Com,Account Manager,Full Time,Large,15 Days,3,78000
Sakti,BCA,Accountant,Contract,Medium,3 Months,2,49000
Ambikapur,BBA,Business Analyst,Full Time,Medium,2 Months,12,150000
Bhilai,B.Com,Sales Executive,Full Time,Small,15 Days,10,69000
Raipur,M.Com,HR Executive,Part Time,Large,2 Months,2,63000
Manendragarh,BBA,MIS Executive,Full Time,Large,2 Months,14,143000
Naila Janjgir,MA,Account Manager,Full Time,Large,30 Days,12,150000
Naila Janjgir,MA,Account Manager,Full Time,Small,3 Months,9,138000
Tilda Newra,MBA,Account Manager,Full Time,Small,30 Days,14,150000
Bilaspur,B.Com,Account Manager,Full Time,Large,2 Months,7,113000
Bhatapara,BCA,Content Writer,Full Time,Medium,2 Months,2,44000
Tilda Newra,BBA,MIS Executive,Contract,Medium,Immediately,5,73000
Korba,BBA,Digital Marketing Executive,Full Time,Small,45 Days,4,66000
Tilda Newra,BA,Account Manager,Full Time,Large,30 Days,12,114000
Sakti,10th Pass,Sales Executive,Full Time,Small,15 Days,1,13000
Bhatapara,Diploma,Accountant,Intern,Large,45 Days,2,18000
Bemetra,BCA,Business Analyst,Contract,Medium,30 Days,11,132000
Mungeli,MA,HR Executive,Full Time,Medium,2 Months,11,129000
Bhilai,12th Pass,Customer Support,Full Time,Small,2 Months,3,18000
Bemetra,Diploma,Content Writer,Full Time,Large,45 Days,2,32000
Raipur,MBA,HR Executive,Full Time,Large,45 Days,10,150000
Chirmiri,M.Com,MIS Executive,Part Time,Large,3 Months,8,113000
Durg,BA,Digital Marketing Executive,Full Time,Medium,45 Days,7,54000
Raipur,10th Pass,Sales Executive,Part Time,Medium,30 Days,0,12000
Manendragarh,Diploma,Computer Operator,Full Time,Medium,45 Days,4,27000
Chirmiri,BBA,Digital Marketing Executive,Full Time,Large,30 Days,7,104000
Jagdalpur,BA,Account Manager,Part Time,Medium,3 Months,12,51000
Bilaspur,B.Com,HR Executive,Full Time,Small,2 Months,11,73000
Durg,MBA,Business Analyst,Full Time,Medium,15 Days,17,150000
Bemetra,BA,HR Executive,Contract,Small,2 Months,4,33000
Raigarh,BBA,MIS Executive,Part Time,Small,45 Days,11,59000
Rajnandgaon,10th Pass,Computer Operator,Intern,Small,2 Months,5,8000
Durg,MA,HR Executive,Full Time,Large,30 Days,1,75000
Bhatapara,BCA,Business Analyst,Full Time,Large,15 Days,3,105000
Ambikapur,M.Com,MIS Executive,Contract,Large,30 Days,2,117000
Naila Janjgir,MA,Sales Executive,Full Time,Large,30 Days,4,92000
Jagdalpur,12th Pass,Customer Support,Full Time,Medium,30 Days,6,27000
Mahasamund,BCA,Content Writer,Full Time,Small,Immediately,1,35000
Raigarh,MA,Digital Marketing Executive,Full Time,Small,2 Months,4,71000
Bhilai,BBA,Digital Marketing Executive,Contract,Small,2 Months,9,80000
Chirmiri,M.Com,MIS Executive,Full Time,Large,3 Months,20,150000
Jagdalpur,BCA,Business Analyst,Full Time,Large,30 Days,4,121000
Rajnandgaon,10th Pass,Sales Executive,Intern,Medium,45 Days,3,8000
Bhilai,10th Pass,Sales Executive,Full Time,Medium,2 Months,3,17000
Rajnandgaon,BCA,MIS Executive,Full Time,Medium,45 Days,5,78000
Korba,BA,Accountant,Part Time,Large,2 Months,2,33000
Korba,M.Com,Account Manager,Full Time,Large,3 Months,7,150000
Dhamtari,M.Com,MIS Executive,Full Time,Medium,45 Days,6,128000
Bhilai,10th Pass,Customer Support,Part Time,Medium,15 Days,2,12000
Chirmiri,BCA,Account Manager,Intern,Large,30 Days,6,50000
Mahasamund,Diploma,Computer Operator,Full Time,Large,2 Months,12,47000
Mahasamund,MA,Account Manager,Full Time,Medium,30 Days,3,93000
Dhamtari,Diploma,Computer Operator,Full Time,Large,2 Months,5,34000
Dalli-Rajhara,B.Com,Business Analyst,Full Time,Small,Immediately,11,102000
Bhilai,12th Pass,Sales Executive,Contract,Small,30 Days,3,22000
Ambikapur,M.Com,Business Analyst,Full Time,Large,2 Months,10,150000
Korba,BBA,HR Executive,Full Time,Small,30 Days,10,66000
Ambikapur,B.Com,Sales Executive,Full Time,Large,3 Months,10,96000
Mungeli,MA,MIS Executive,Full Time,Large,30 Days,10,150000
Ambikapur,12th Pass,Content Writer,Full Time,Small,Immediately,2,20000
Tilda Newra,B.Com,Digital Marketing Executive,Full Time,Medium,30 Days,0,44000
Manendragarh,10th Pass,Customer Support,Full Time,Medium,Immediately,1,12000
Jagdalpur,BA,Content Writer,Part Time,Large,45 Days,1,24000
Raigarh,BCA,Business Analyst,Full Time,Small,15 Days,4,79000
Mahasamund,BCA,Digital Marketing Executive,Full Time,Small,3 Months,10,88000
Raipur,BCA,HR Executive,Full Time,Small,Immediately,7,60000
Mahasamund,MBA,Business Analyst,Part Time,Small,3 Months,17,150000
Ambikapur,12th Pass,Customer Support,Contract,Medium,Immediately,1,15000
Naila Janjgir,MBA,Account Manager,Part Time,Large,15 Days,1,96000
Bilaspur,BCA,HR Executive,Contract,Large,45 Days,11,101000
Raigarh,BBA,Digital Marketing Executive,Full Time,Small,15 Days,0,47000
Bilaspur,MA,HR Executive,Part Time,Large,30 Days,4,57000
Bemetra,12th Pass,Sales Executive,Contract,Medium,3 Months,3,23000
Tilda Newra,Diploma,Customer Support,Full Time,Small,45 Days,7,30000
Chirmiri,MBA,MIS Executive,Full Time,Large,3 Months,10,150000
Sakti,BCA,Digital Marketing Executive,Full Time,Small,30 Days,7,80000
Durg,MA,Account Manager,Full Time,Large,30 Days,18,150000
Rajnandgaon,10th Pass,Sales Executive,Full Time,Small,30 Days,8,22000
Raigarh,12th Pass,Content Writer,Full Time,Large,45 Days,4,29000
Mungeli,BA,Sales Executive,Full Time,Large,30 Days,1,49000
Bilaspur,BBA,Account Manager,Full Time,Large,30 Days,3,100000
Bemetra,MA,Account Manager,Full Time,Large,3 Months,6,144000
Chirmiri,12th Pass,Sales Executive,Full Time,Large,3 Months,5,45000
Bilaspur,10th Pass,Sales Executive,Full Time,Large,30 Days,7,36000
Bhatapara,12th Pass,Accountant,Full Time,Small,30 Days,1,22000
Sakti,M.Com,Business Analyst,Full Time,Medium,2 Months,13,150000
Manendragarh,Diploma,Customer Support,Full Time,Large,30 Days,5,42000
Dalli-Rajhara,B.Com,HR Executive,Full Time,Large,30 Days,10,89000
Naila Janjgir,M.Com,Digital Marketing Executive,Intern,Medium,Immediately,16,69000
Dhamtari,10th Pass,Computer Operator,Full Time,Small,30 Days,2,12000
Sakti,BCA,Sales Executive,Full Time,Large,Immediately,14,129000
Ambikapur,B.Com,Digital Marketing Executive,Full Time,Medium,30 Days,8,87000
Sakti,B.Com,Business Analyst,Full Time,Small,30 Days,8,85000
Dalli-Rajhara,12th Pass,Computer Operator,Contract,Medium,15 Days,8,26000
Bilaspur,MA,MIS Executive,Full Time,Medium,30 Days,19,150000
Bemetra,BBA,Business Analyst,Full Time,Large,30 Days,6,121000
Bilaspur,Diploma,Accountant,Full Time,Large,15 Days,7,63000
Raigarh,Diploma,Accountant,Full Time,Medium,45 Days,10,62000
Dalli-Rajhara,M.Com,Sales Executive,Part Time,Medium,30 Days,2,50000
Bemetra,B.Com,MIS Executive,Full Time,Large,30 Days,5,88000
Jagdalpur,MBA,Business Analyst,Full Time,Small,30 Days,8,150000
Dhamtari,10th Pass,Computer Operator,Full Time,Small,2 Months,4,12000
Manendragarh,B.Com,Digital Marketing Executive,Part Time,Large,30 Days,3,46000
Bilaspur,10th Pass,Sales Executive,Full Time,Medium,30 Days,5,23000
Bhatapara,10th Pass,Computer Operator,Full Time,Large,45 Days,0,13000
Jagdalpur,10th Pass,Customer Support,Full Time,Medium,2 Months,5,17000
Mungeli,MA,Account Manager,Full Time,Medium,45 Days,3,102000
Rajnandgaon,BCA,HR Executive,Full Time,Small,30 Days,6,58000
Bhatapara,M.Com,Sales Executive,Contract,Small,45 Days,1,58000
Bhatapara,BA,Digital Marketing Executive,Intern,Large,30 Days,1,19000
Bemetra,BBA,MIS Executive,Full Time,Medium,15 Days,6,86000
Mungeli,BBA,HR Executive,Full Time,Small,3 Months,9,77000
Manendragarh,MA,Business Analyst,Contract,Large,15 Days,16,150000
Dhamtari,10th Pass,Customer Support,Full Time,Medium,3 Months,8,21000
Rajnandgaon,Diploma,Customer Support,Part Time,Small,2 Months,7,18000
Raipur,BBA,HR Executive,Full Time,Medium,45 Days,3,59000
Bhatapara,MBA,Account Manager,Full Time,Medium,30 Days,12,150000
Raigarh,10th Pass,Computer Operator,Full Time,Small,3 Months,10,19000
Dalli-Rajhara,MBA,Account Manager,Part Time,Medium,2 Months,8,138000
Bhilai,BA,Accountant,Part Time,Medium,45 Days,0,19000
Bhatapara,M.Com,MIS Executive,Part Time,Large,2 Months,1,63000
Rajnandgaon,BCA,Business Analyst,Full Time,Medium,3 Months,9,136000
Mungeli,MBA,Business Analyst,Full Time,Small,45 Days,13,150000
Rajnandgaon,BA,Account Manager,Full Time,Medium,2 Months,7,67000
Bhilai,BCA,Digital Marketing Executive,Full Time,Small,30 Days,2,53000
Rajnandgaon,BA,Sales Executive,Full Time,Medium,Immediately,11,64000
Bilaspur,Diploma,Customer Support,Full Time,Medium,45 Days,2,25000
Raipur,Diploma,Customer Support,Part Time,Large,Immediately,2,19000
Raigarh,10th Pass,Computer Operator,Full Time,Large,30 Days,3,16000
Bemetra,10th Pass,Customer Support,Full Time,Large,2 Months,4,17000
Sakti,B.Com,Digital Marketing Executive,Full Time,Large,45 Days,0,53000
Bemetra,Diploma,Accountant,Part Time,Large,15 Days,4,30000
Chirmiri,10th Pass,Customer Support,Contract,Medium,45 Days,2,12000
Mungeli,MBA,Digital Marketing Executive,Full Time,Medium,2 Months,5,140000
Dhamtari,M.Com,HR Executive,Full Time,Medium,30 Days,17,150000
Tilda Newra,B.Com,Sales Executive,Full Time,Large,45 Days,14,137000
Bhilai,BBA,Account Manager,Full Time,Small,2 Months,8,90000
Mahasamund,MA,Business Analyst,Full Time,Medium,2 Months,17,150000
Dhamtari,BCA,Customer Support,Full Time,Large,30 Days,1,47000
Rajnandgaon,BA,Account Manager,Full Time,Small,30 Days,11,84000
Naila Janjgir,10th Pass,Computer Operator,Contract,Large,30 Days,3,16000
Mahasamund,10th Pass,Sales Executive,Full Time,Large,30 Days,7,33000
Raipur,B.Com,Customer Support,Intern,Medium,45 Days,2,15000
Mahasamund,BA,Customer Support,Full Time,Large,15 Days,1,33000
Mungeli,MBA,Account Manager,Full Time,Medium,30 Days,12,150000
Mungeli,12th Pass,Content Writer,Full Time,Small,45 Days,0,15000
Korba,B.Com,Accountant,Part Time,Small,15 Days,1,22000
Bemetra,10th Pass,Sales Executive,Part Time,Small,45 Days,0,12000
Raigarh,BCA,HR Executive,Full Time,Medium,15 Days,4,65000
Bhilai,12th Pass,Computer Operator,Intern,Small,15 Days,1,8000
Sakti,M.Com,Sales Executive,Full Time,Small,30 Days,3,83000
Bilaspur,10th Pass,Sales Executive,Full Time,Small,Immediately,3,16000
Chirmiri,MA,HR Executive,Full Time,Medium,30 Days,8,111000
Korba,12th Pass,Accountant,Part Time,Small,3 Months,11,23000
Bemetra,MBA,Account Manager,Contract,Medium,30 Days,4,150000
Tilda Newra,B.Com,Sales Executive,Part Time,Small,15 Days,0,21000
Bhatapara,MA,Business Analyst,Part Time,Large,30 Days,9,125000
Jagdalpur,M.Com,MIS Executive,Full Time,Large,30 Days,10,150000
Dalli-Rajhara,BBA,Business Analyst,Part Time,Large,45 Days,11,98000
Sakti,12th Pass,Sales Executive,Full Time,Large,45 Days,9,51000
Bemetra,BA,Digital Marketing Executive,Full Time,Medium,30 Days,1,37000
Korba,Diploma,Sales Executive,Full Time,Large,45 Days,12,77000
Sakti,BBA,MIS Executive,Full Time,Large,3 Months,5,106000
Bemetra,B.Com,Account Manager,Full Time,Large,15 Days,14,138000
Chirmiri,M.Com,HR Executive,Contract,Small,3 Months,14,118000
Bhatapara,BA,Business Analyst,Full Time,Medium,2 Months,6,67000
Korba,BA,Business Analyst,Intern,Medium,2 Months,9,29000
Dalli-Rajhara,10th Pass,Sales Executive,Full Time,Small,45 Days,3,16000
Naila Janjgir,MA,Account Manager,Full Time,Large,3 Months,18,150000
Jagdalpur,BA,HR Executive,Full Time,Large,45 Days,7,64000
Bhilai,10th Pass,Customer Support,Full Time,Large,2 Months,5,20000
Bemetra,BCA,Accountant,Full Time,Small,30 Days,1,47000
Bilaspur,M.Com,HR Executive,Full Time,Medium,Immediately,12,150000
Dhamtari,MA,Digital Marketing Executive,Full Time,Medium,2 Months,13,148000
Rajnandgaon,MA,HR Executive,Full Time,Large,3 Months,8,135000
Durg,BCA,Accountant,Full Time,Medium,45 Days,2,54000
Naila Janjgir,12th Pass,Customer Support,Part Time,Medium,15 Days,4,14000
Korba,M.Com,Business Analyst,Contract,Large,30 Days,12,150000
Rajnandgaon,BA,HR Executive,Full Time,Small,3 Months,7,39000
Tilda Newra,12th Pass,Content Writer,Full Time,Medium,2 Months,3,23000
Dalli-Rajhara,BA,Accountant,Full Time,Small,45 Days,2,33000
Manendragarh,M.Com,HR Executive,Full Time,Large,30 Days,1,94000
Ambikapur,BCA,Account Manager,Full Time,Large,30 Days,4,102000
Rajnandgaon,MA,Digital Marketing Executive,Full Time,Medium,2 Months,14,150000
Chirmiri,12th Pass,Content Writer,Full Time,Small,30 Days,5,22000
Bhilai,10th Pass,Sales Executive,Intern,Large,15 Days,8,13000
Rajnandgaon,MA,Business Analyst,Full Time,Medium,2 Months,11,150000
Mahasamund,BCA,HR Executive,Full Time,Medium,15 Days,12,100000
Rajnandgaon,B.Com,MIS Executive,Full Time,Medium,3 Months,12,86000
Raigarh,MBA,MIS Executive,Full Time,Large,3 Months,9,150000
Naila Janjgir,12th Pass,Computer Operator,Contract,Small,15 Days,5,18000
Sakti,BA,Business Analyst,Full Time,Small,3 Months,5,56000
Tilda Newra,12th Pass,Content Writer,Part Time,Small,45 Days,0,12000
Manendragarh,BA,Customer Support,Full Time,Medium,15 Days,1,29000
Dhamtari,Diploma,Customer Support,Full Time,Large,15 Days,6,43000
Raigarh,MBA,Business Analyst,Full Time,Small,45 Days,11,150000
Naila Janjgir,M.Com,HR Executive,Full Time,Small,15 Days,8,96000
Naila Janjgir,12th Pass,Accountant,Contract,Large,45 Days,5,36000
Raipur,12th Pass,Content Writer,Contract,Medium,30 Days,1,18000
Bhilai,10th Pass,Customer Support,Part Time,Medium,30 Days,0,12000
Jagdalpur,12th Pass,Accountant,Part Time,Small,45 Days,6,20000
Raigarh,BA,Customer Support,Full Time,Small,30 Days,2,23000
Rajnandgaon,BA,Sales Executive,Full Time,Medium,45 Days,5,51000
Tilda Newra,MA,HR Executive,Full Time,Small,15 Days,3,61000
Korba,BCA,HR Executive,Full Time,Small,30 Days,7,60000
Rajnandgaon,Diploma,Accountant,Part Time,Large,2 Months,0,22000
Bhilai,B.Com,Digital Marketing Executive,Intern,Large,45 Days,3,32000
Bilaspur,M.Com,Sales Executive,Full Time,Small,15 Days,4,96000
Chirmiri,MBA,HR Executive,Full Time,Medium,Immediately,1,101000
Rajnandgaon,MBA,MIS Executive,Part Time,Small,15 Days,1,60000
Raigarh,MBA,MIS Executive,Full Time,Large,30 Days,6,150000
Bhatapara,12th Pass,Customer Support,Full Time,Small,30 Days,3,17000
Bhatapara,BBA,Digital Marketing Executive,Full Time,Medium,2 Months,13,135000
Sakti,BBA,Digital Marketing Executive,Full Time,Small,Immediately,0,43000
Rajnandgaon,B.Com,Sales Executive,Intern,Large,2 Months,4,28000
Sakti,BBA,Digital Marketing Executive,Part Time,Medium,30 Days,7,58000
Jagdalpur,BBA,Sales Executive,Contract,Large,3 Months,6,90000
Mungeli,10th Pass,Sales Executive,Full Time,Small,30 Days,3,17000
Manendragarh,12th Pass,Sales Executive,Part Time,Small,15 Days,1,12000
Tilda Newra,BBA,Sales Executive,Full Time,Large,30 Days,1,70000
Bhatapara,10th Pass,Computer Operator,Part Time,Small,30 Days,10,12000
Mungeli,12th Pass,Computer Operator,Full Time,Small,2 Months,5,19000
Bemetra,MA,Business Analyst,Full Time,Medium,15 Days,16,150000
Bemetra,10th Pass,Customer Support,Full Time,Small,15 Days,2,12000
Manendragarh,BBA,Digital Marketing Executive,Full Time,Small,2 Months,5,74000
Chirmiri,BBA,MIS Executive,Full Time,Medium,45 Days,8,84000
Tilda Newra,MBA,Business Analyst,Full Time,Large,3 Months,9,150000
Raigarh,B.Com,Account Manager,Full Time,Medium,30 Days,12,111000
Korba,12th Pass,Sales Executive,Full Time,Medium,15 Days,2,24000
Tilda Newra,BA,Digital Marketing Executive,Full Time,Medium,2 Months,14,73000
Mahasamund,10th Pass,Sales Executive,Full Time,Medium,2 Months,6,24000
Dhamtari,M.Com,MIS Executive,Full Time,Large,2 Months,13,150000
Korba,MBA,Business Analyst,Full Time,Medium,3 Months,5,150000
Rajnandgaon,M.Com,Account Manager,Full Time,Small,3 Months,3,99000
Mahasamund,B.Com,Digital Marketing Executive,Full Time,Medium,15 Days,0,43000
Korba,12th Pass,Content Writer,Contract,Medium,30 Days,11,38000
Dhamtari,M.Com,MIS Executive,Full Time,Large,2 Months,5,150000
Korba,B.Com,Account Manager,Full Time,Large,30 Days,7,111000
Bemetra,MBA,Business Analyst,Full Time,Large,45 Days,6,150000
Durg,BBA,HR Executive,Full Time,Large,45 Days,7,95000
Korba,10th Pass,Customer Support,Contract,Large,30 Days,9,22000
Durg,B.Com,Sales Executive,Full Time,Small,45 Days,7,66000
Dalli-Rajhara,BCA,HR Executive,Part Time,Small,45 Days,6,33000
Bhatapara,M.Com,HR Executive,Full Time,Small,2 Months,14,119000
Raigarh,MBA,Account Manager,Part Time,Small,30 Days,16,150000
Manendragarh,BCA,Business Analyst,Full Time,Large,Immediately,9,131000
Rajnandgaon,MBA,MIS Executive,Contract,Medium,2 Months,5,133000
Chirmiri,MBA,HR Executive,Full Time,Large,45 Days,14,150000
Raipur,12th Pass,Accountant,Full Time,Medium,15 Days,5,34000
Chirmiri,Diploma,Computer Operator,Part Time,Medium,2 Months,0,12000
Bhilai,12th Pass,Customer Support,Part Time,Large,45 Days,6,22000
Manendragarh,BCA,Account Manager,Full Time,Large,15 Days,5,102000
Raigarh,MBA,HR Executive,Full Time,Small,2 Months,3,97000
Bhilai,M.Com,HR Executive,Full Time,Medium,15 Days,15,150000
Naila Janjgir,MBA,Account Manager,Full Time,Large,3 Months,6,150000
Jagdalpur,12th Pass,Customer Support,Full Time,Medium,15 Days,6,25000
Dalli-Rajhara,12th Pass,Content Writer,Full Time,Small,Immediately,6,26000
Durg,MBA,Business Analyst,Full Time,Medium,2 Months,5,150000
Chirmiri,BBA,Digital Marketing Executive,Full Time,Small,2 Months,3,65000
Sakti,B.Com,Sales Executive,Full Time,Small,30 Days,3,39000
Raipur,BBA,Sales Executive,Full Time,Large,30 Days,11,131000
Bhilai,B.Com,Content Writer,Contract,Small,3 Months,2,30000
Naila Janjgir,BA,Account Manager,Full Time,Small,45 Days,5,50000
Bhatapara,10th Pass,Computer Operator,Full Time,Medium,45 Days,3,14000
Raigarh,BBA,Business Analyst,Contract,Small,2 Months,4,70000
Bhilai,10th Pass,Sales Executive,Full Time,Medium,2 Months,10,25000
Rajnandgaon,BA,Digital Marketing Executive,Full Time,Small,Immediately,1,36000
Tilda Newra,BA,HR Executive,Part Time,Medium,2 Months,6,32000
Mungeli,BA,Business Analyst,Full Time,Medium,45 Days,6,67000
Bhilai,BBA,Sales Executive,Full Time,Large,Immediately,2,80000
Dhamtari,BA,Digital Marketing Executive,Full Time,Large,2 Months,5,70000
Tilda Newra,MBA,Digital Marketing Executive,Full Time,Medium,45 Days,11,150000
Bhilai,10th Pass,Customer Support,Full Time,Medium,3 Months,7,16000
Tilda Newra,Diploma,Customer Support,Full Time,Medium,45 Days,4,27000
Tilda Newra,MBA,HR Executive,Full Time,Medium,30 Days,9,140000
Dhamtari,MA,Digital Marketing Executive,Full Time,Medium,45 Days,18,150000
Bhilai,MA,MIS Executive,Full Time,Medium,30 Days,6,106000
Durg,BBA,Sales Executive,Full Time,Large,30 Days,4,75000
Mungeli,B.Com,Sales Executive,Full Time,Medium,2 Months,6,70000
Bhilai,BA,Sales Executive,Full Time,Medium,2 Months,5,49000
Dalli-Rajhara,B.Com,MIS Executive,Full Time,Small,2 Months,4,56000
Dhamtari,M.Com,Business Analyst,Full Time,Large,30 Days,5,150000
Durg,MA,Digital Marketing Executive,Part Time,Large,45 Days,6,80000
Manendragarh,BCA,Business Analyst,Full Time,Medium,30 Days,4,90000
Rajnandgaon,M.Com,MIS Executive,Full Time,Large,30 Days,1,118000
Dalli-Rajhara,BCA,Sales Executive,Full Time,Large,15 Days,14,133000
Dalli-Rajhara,BBA,Business Analyst,Contract,Medium,2 Months,4,88000
Ambikapur,BCA,Digital Marketing Executive,Full Time,Large,45 Days,12,123000
Tilda Newra,BBA,Business Analyst,Intern,Large,45 Days,9,62000
Manendragarh,BCA,MIS Executive,Full Time,Small,Immediately,4,67000
Bemetra,10th Pass,Customer Support,Contract,Medium,3 Months,5,14000
Jagdalpur,12th Pass,Customer Support,Full Time,Small,45 Days,6,21000
Tilda Newra,MA,Digital Marketing Executive,Full Time,Small,15 Days,18,150000
Dalli-Rajhara,MA,Account Manager,Full Time,Small,30 Days,16,150000
Manendragarh,BCA,Business Analyst,Full Time,Medium,15 Days,7,109000
Tilda Newra,BBA,MIS Executive,Full Time,Large,30 Days,11,150000
Jagdalpur,10th Pass,Sales Executive,Full Time,Medium,30 Days,5,22000
Bhatapara,12th Pass,Content Writer,Contract,Small,15 Days,1,15000
Raigarh,12th Pass,Computer Operator,Contract,Small,2 Months,9,24000
Tilda Newra,BA,Account Manager,Full Time,Medium,3 Months,9,76000
Durg,12th Pass,Accountant,Full Time,Medium,2 Months,8,38000
Naila Janjgir,10th Pass,Sales Executive,Full Time,Large,45 Days,6,28000
Korba,12th Pass,Accountant,Part Time,Large,30 Days,1,18000
Raigarh,Diploma,Computer Operator,Full Time,Small,30 Days,5,27000
Bemetra,MA,MIS Executive,Full Time,Large,Immediately,1,86000
Ambikapur,Diploma,Accountant,Full Time,Small,30 Days,6,38000
Bhilai,M.Com,MIS Executive,Full Time,Small,30 Days,8,134000
Dalli-Rajhara,BCA,Digital Marketing Executive,Full Time,Small,3 Months,10,88000
Dhamtari,BA,Sales Executive,Full Time,Medium,30 Days,2,40000
Mahasamund,MBA,Account Manager,Full Time,Large,30 Days,8,150000
Bilaspur,MA,MIS Executive,Full Time,Small,15 Days,2,75000
Raipur,MA,Business Analyst,Full Time,Medium,30 Days,16,150000
Sakti,Diploma,Sales Executive,Full Time,Small,45 Days,14,68000
Ambikapur,Diploma,Customer Support,Full Time,Small,3 Months,6,31000
Ambikapur,BCA,MIS Executive,Part Time,Large,3 Months,10,77000
Manendragarh,Diploma,Customer Support,Full Time,Large,45 Days,7,39000
Naila Janjgir,Diploma,Customer Support,Full Time,Medium,2 Months,4,29000
Korba,M.Com,Business Analyst,Full Time,Small,30 Days,8,150000
Raigarh,M.Com,HR Executive,Intern,Large,Immediately,14,79000
Mahasamund,12th Pass,Sales Executive,Full Time,Small,3 Months,3,22000
Durg,12th Pass,Sales Executive,Part Time,Medium,2 Months,7,24000
Bemetra,MA,Business Analyst,Full Time,Medium,2 Months,6,146000
Mahasamund,MA,Sales Executive,Part Time,Small,15 Days,1,31000
Raipur,BCA,Account Manager,Full Time,Small,2 Months,6,83000
Dhamtari,Diploma,Content Writer,Full Time,Large,30 Days,7,45000
Ambikapur,BBA,Business Analyst,Full Time,Large,15 Days,6,123000
Bilaspur,Diploma,Sales Executive,Full Time,Large,45 Days,6,56000
Durg,Diploma,Accountant,Full Time,Medium,15 Days,14,69000
Mungeli,Diploma,Customer Support,Full Time,Medium,Immediately,4,26000
Naila Janjgir,12th Pass,Sales Executive,Full Time,Large,2 Months,3,35000
Rajnandgaon,M.Com,Account Manager,Full Time,Medium,45 Days,8,150000
Ambikapur,MBA,HR Executive,Intern,Medium,3 Months,13,68000
Manendragarh,MA,Digital Marketing Executive,Full Time,Small,15 Days,2,65000
Tilda Newra,BA,Sales Executive,Full Time,Medium,3 Months,12,74000
Korba,BA,Digital Marketing Executive,Full Time,Small,3 Months,7,51000
Jagdalpur,10th Pass,Computer Operator,Part Time,Medium,3 Months,5,12000
Bhilai,MBA,Business Analyst,Contract,Small,2 Months,7,150000
Dhamtari,10th Pass,Computer Operator,Part Time,Large,30 Days,6,12000
Sakti,BA,HR Executive,Full Time,Large,3 Months,13,78000
Jagdalpur,M.Com,MIS Executive,Full Time,Large,Immediately,10,150000
Bhilai,BCA,Business Analyst,Full Time,Medium,2 Months,10,125000
Chirmiri,Diploma,Content Writer,Full Time,Medium,15 Days,3,31000
Korba,MA,MIS Executive,Full Time,Medium,30 Days,15,150000
Raigarh,B.Com,Sales Executive,Full Time,Medium,15 Days,8,66000
Tilda Newra,Diploma,Content Writer,Full Time,Medium,15 Days,1,25000
Mungeli,BCA,HR Executive,Contract,Small,30 Days,2,37000
Chirmiri,M.Com,Digital Marketing Executive,Part Time,Small,45 Days,5,67000
Naila Janjgir,M.Com,HR Executive,Intern,Medium,45 Days,2,35000
Bilaspur,MA,HR Executive,Full Time,Large,2 Months,10,150000
Mungeli,Diploma,Content Writer,Full Time,Medium,15 Days,12,51000
Dalli-Rajhara,Diploma,Content Writer,Full Time,Small,2 Months,3,26000
Chirmiri,12th Pass,Content Writer,Full Time,Large,30 Days,5,34000
Dalli-Rajhara,BBA,Business Analyst,Intern,Medium,45 Days,6,46000
Durg,MBA,MIS Executive,Full Time,Small,15 Days,1,93000
Korba,BA,HR Executive,Full Time,Large,2 Months,12,91000
Manendragarh,M.Com,MIS Executive,Full Time,Medium,30 Days,17,150000
Naila Janjgir,M.Com,Digital Marketing Executive,Full Time,Large,30 Days,3,134000
Raigarh,B.Com,Business Analyst,Full Time,Medium,45 Days,12,118000
Durg,Diploma,Customer Support,Full Time,Large,30 Days,4,35000
Dhamtari,10th Pass,Computer Operator,Full Time,Large,45 Days,7,23000
Bilaspur,BCA,Account Manager,Contract,Large,45 Days,5,92000
Sakti,B.Com,Sales Executive,Contract,Large,2 Months,15,114000
Bhatapara,B.Com,Digital Marketing Executive,Part Time,Large,15 Days,2,36000
Dalli-Rajhara,B.Com,Digital Marketing Executive,Full Time,Medium,Immediately,2,53000
Sakti,MBA,MIS Executive,Full Time,Large,30 Days,9,150000
Dalli-Rajhara,BA,Business Analyst,Full Time,Small,15 Days,15,93000
Naila Janjgir,M.Com,Account Manager,Full Time,Medium,30 Days,10,150000
Bhilai,12th Pass,Sales Executive,Full Time,Medium,Immediately,3,26000
Korba,B.Com,Account Manager,Part Time,Small,45 Days,7,44000
Bhilai,BCA,Account Manager,Full Time,Large,3 Months,7,128000
Tilda Newra,MA,MIS Executive,Part Time,Large,15 Days,6,76000
Durg,MBA,Sales Executive,Full Time,Large,30 Days,3,143000
Durg,M.Com,Digital Marketing Executive,Full Time,Small,45 Days,8,131000
Raigarh,M.Com,Business Analyst,Full Time,Large,2 Months,9,150000
Manendragarh,MBA,HR Executive,Intern,Small,Immediately,1,33000
Mahasamund,MA,HR Executive,Full Time,Medium,45 Days,9,110000
Ambikapur,Diploma,Content Writer,Full Time,Small,15 Days,5,26000
Dalli-Rajhara,BCA,MIS Executive,Full Time,Large,2 Months,8,103000
Korba,10th Pass,Customer Support,Contract,Medium,Immediately,0,12000
Jagdalpur,10th Pass,Sales Executive,Full Time,Medium,30 Days,4,20000
Tilda Newra,B.Com,Account Manager,Full Time,Small,30 Days,6,68000
Korba,MA,MIS Executive,Full Time,Medium,30 Days,4,95000
Manendragarh,Diploma,Customer Support,Intern,Medium,30 Days,2,10000
Bilaspur,MA,HR Executive,Full Time,Medium,15 Days,3,81000
Rajnandgaon,BBA,Account Manager,Full Time,Large,Immediately,4,104000
Raigarh,Diploma,Content Writer,Full Time,Large,3 Months,9,65000
Ambikapur,BCA,Business Analyst,Full Time,Small,30 Days,15,138000
Raipur,B.Com,Digital Marketing Executive,Full Time,Large,2 Months,2,64000
Durg,MBA,Business Analyst,Full Time,Large,3 Months,14,150000
Chirmiri,B.Com,Sales Executive,Full Time,Medium,2 Months,13,86000
Raipur,MBA,Digital Marketing Executive,Full Time,Small,45 Days,4,127000
Jagdalpur,BBA,HR Executive,Intern,Small,3 Months,4,20000
Bhilai,MA,Digital Marketing Executive,Full Time,Medium,30 Days,4,95000
Rajnandgaon,MA,HR Executive,Full Time,Small,2 Months,10,95000
Raigarh,BBA,MIS Executive,Full Time,Large,3 Months,12,150000
Bilaspur,M.Com,MIS Executive,Full Time,Medium,3 Months,10,150000
Jagdalpur,MBA,Business Analyst,Full Time,Small,45 Days,9,150000
Jagdalpur,BBA,Digital Marketing Executive,Part Time,Large,Immediately,0,36000
Tilda Newra,BCA,Sales Executive,Contract,Medium,15 Days,1,46000
Mahasamund,BCA,Digital Marketing Executive,Part Time,Small,45 Days,7,39000
Sakti,MA,Digital Marketing Executive,Full Time,Small,Immediately,2,62000
Bilaspur,12th Pass,Content Writer,Full Time,Medium,45 Days,6,25000
Bhilai,10th Pass,Customer Support,Part Time,Large,15 Days,3,12000
Bemetra,10th Pass,Customer Support,Full Time,Large,45 Days,3,16000
Bhilai,M.Com,HR Executive,Full Time,Small,Immediately,4,76000
Chirmiri,MA,Digital Marketing Executive,Full Time,Medium,2 Months,9,109000
Dalli-Rajhara,10th Pass,Sales Executive,Intern,Large,45 Days,2,9000
Mahasamund,Diploma,Accountant,Full Time,Medium,Immediately,4,41000
Dalli-Rajhara,10th Pass,Computer Operator,Full Time,Medium,15 Days,4,15000
Naila Janjgir,B.Com,HR Executive,Full Time,Large,3 Months,7,75000
Naila Janjgir,BCA,Sales Executive,Full Time,Small,2 Months,2,51000
Mahasamund,MBA,Digital Marketing Executive,Full Time,Large,30 Days,4,150000
Bhilai,10th Pass,Sales Executive,Full Time,Small,Immediately,0,13000
Dhamtari,10th Pass,Computer Operator,Full Time,Small,30 Days,8,15000
Ambikapur,BBA,HR Executive,Full Time,Small,30 Days,0,40000
Naila Janjgir,12th Pass,Computer Operator,Full Time,Small,15 Days,1,13000
Bhilai,MA,Business Analyst,Contract,Small,15 Days,15,144000
Jagdalpur,B.Com,HR Executive,Part Time,Small,45 Days,6,30000
Korba,Diploma,Computer Operator,Intern,Large,45 Days,0,9000
Rajnandgaon,MBA,Business Analyst,Full Time,Large,3 Months,14,150000
Mungeli,M.Com,Digital Marketing Executive,Full Time,Large,3 Months,6,150000
Raigarh,MA,Account Manager,Contract,Medium,30 Days,4,100000
Manendragarh,MA,Digital Marketing Executive,Full Time,Small,15 Days,6,86000
Mahasamund,MA,HR Executive,Full Time,Medium,45 Days,9,103000
Jagdalpur,BCA,Content Writer,Part Time,Medium,30 Days,2,30000
Jagdalpur,M.Com,Sales Executive,Full Time,Small,30 Days,2,71000
Bemetra,B.Com,Digital Marketing Executive,Intern,Small,45 Days,4,23000
Bhatapara,10th Pass,Customer Support,Part Time,Medium,2 Months,7,12000
Raigarh,Diploma,Customer Support,Full Time,Medium,45 Days,8,38000
Raigarh,MBA,Sales Executive,Part Time,Medium,45 Days,2,65000
Korba,M.Com,MIS Executive,Contract,Medium,Immediately,3,100000
Bhatapara,B.Com,HR Executive,Full Time,Large,30 Days,6,71000
Bemetra,Diploma,Accountant,Full Time,Large,30 Days,5,56000
Bhilai,12th Pass,Content Writer,Full Time,Medium,15 Days,1,18000
Bemetra,12th Pass,Sales Executive,Full Time,Medium,Immediately,1,24000
Bilaspur,BBA,Content Writer,Full Time,Medium,Immediately,1,44000
Dalli-Rajhara,Diploma,Accountant,Full Time,Medium,30 Days,11,60000
Bemetra,BBA,Digital Marketing Executive,Contract,Large,45 Days,7,103000
Durg,BCA,Content Writer,Part Time,Medium,15 Days,2,29000
Durg,MBA,Business Analyst,Full Time,Medium,3 Months,10,150000
Jagdalpur,BCA,Content Writer,Contract,Small,45 Days,2,40000
Bilaspur,Diploma,Content Writer,Contract,Small,Immediately,1,20000
Tilda Newra,12th Pass,Customer Support,Intern,Medium,45 Days,5,9000
Dalli-Rajhara,12th Pass,Computer Operator,Full Time,Medium,30 Days,6,19000
Bhatapara,MBA,Account Manager,Full Time,Small,15 Days,7,150000
Manendragarh,MBA,HR Executive,Full Time,Large,3 Months,2,132000
Bhilai,Diploma,Accountant,Full Time,Small,15 Days,0,22000
Chirmiri,10th Pass,Customer Support,Full Time,Small,Immediately,1,12000
Dhamtari,10th Pass,Customer Support,Full Time,Medium,Immediately,5,18000
Durg,BBA,Digital Marketing Executive,Full Time,Small,3 Months,3,53000
Rajnandgaon,12th Pass,Customer Support,Part Time,Small,Immediately,0,12000
Bhilai,BBA,Business Analyst,Full Time,Small,30 Days,6,81000
Jagdalpur,B.Com,Business Analyst,Full Time,Small,15 Days,3,54000
Manendragarh,BBA,Account Manager,Full Time,Large,3 Months,7,142000
Rajnandgaon,BA,Customer Support,Part Time,Large,45 Days,2,24000
Naila Janjgir,12th Pass,Accountant,Full Time,Medium,45 Days,4,31000
Dhamtari,10th Pass,Computer Operator,Full Time,Small,45 Days,4,12000
Bhatapara,B.Com,Digital Marketing Executive,Full Time,Small,15 Days,3,53000
Ambikapur,MBA,Account Manager,Full Time,Medium,2 Months,12,150000
Mahasamund,BCA,HR Executive,Full Time,Medium,45 Days,8,88000
Jagdalpur,BBA,HR Executive,Contract,Large,45 Days,12,104000
Bilaspur,12th Pass,Customer Support,Intern,Large,3 Months,6,11000
Mungeli,M.Com,Account Manager,Full Time,Small,45 Days,11,140000
Dhamtari,BA,MIS Executive,Full Time,Large,45 Days,3,61000
Bhatapara,12th Pass,Content Writer,Full Time,Small,45 Days,10,31000
Bhatapara,Diploma,Sales Executive,Contract,Medium,2 Months,10,56000
Bhatapara,Diploma,Computer Operator,Full Time,Medium,15 Days,2,22000
Korba,B.Com,Digital Marketing Executive,Full Time,Small,3 Months,7,63000
Chirmiri,BA,HR Executive,Full Time,Medium,2 Months,13,71000
Sakti,10th Pass,Customer Support,Full Time,Small,45 Days,7,16000
Chirmiri,B.Com,HR Executive,Full Time,Large,30 Days,7,72000
Korba,MBA,Business Analyst,Full Time,Medium,3 Months,6,150000
Raipur,MA,Account Manager,Part Time,Small,2 Months,20,126000
Raigarh,MA,HR Executive,Full Time,Medium,45 Days,14,139000
Dhamtari,M.Com,HR Executive,Full Time,Large,3 Months,7,134000
Ambikapur,MA,Account Manager,Full Time,Large,2 Months,12,150000
Durg,Diploma,Sales Executive,Full Time,Large,45 Days,7,57000
Tilda Newra,Diploma,Customer Support,Full Time,Small,15 Days,2,20000
Ambikapur,BBA,HR Executive,Full Time,Medium,2 Months,2,53000
Ambikapur,12th Pass,Sales Executive,Full Time,Small,30 Days,3,25000
Sakti,12th Pass,Sales Executive,Full Time,Small,30 Days,2,22000
Bemetra,BCA,MIS Executive,Full Time,Medium,2 Months,13,111000
Bhatapara,BBA,Business Analyst,Full Time,Large,30 Days,15,150000
Raipur,MBA,Account Manager,Full Time,Large,45 Days,13,150000
Dalli-Rajhara,BBA,Sales Executive,Full Time,Large,3 Months,7,117000
Mahasamund,10th Pass,Sales Executive,Part Time,Large,30 Days,0,12000
Bhatapara,12th Pass,Sales Executive,Full Time,Medium,45 Days,3,31000
Dhamtari,M.Com,Business Analyst,Intern,Large,3 Months,8,93000
Jagdalpur,12th Pass,Customer Support,Full Time,Small,2 Months,4,18000
Ambikapur,10th Pass,Customer Support,Part Time,Small,45 Days,2,12000
Durg,Diploma,Content Writer,Full Time,Large,30 Days,15,81000
Manendragarh,12th Pass,Content Writer,Part Time,Medium,15 Days,3,12000
Bhilai,12th Pass,Customer Support,Full Time,Large,2 Months,4,30000
Raigarh,10th Pass,Sales Executive,Intern,Medium,30 Days,4,8000
Bhatapara,Diploma,Sales Executive,Full Time,Small,30 Days,3,33000
Bemetra,BBA,Digital Marketing Executive,Full Time,Medium,2 Months,7,97000
Ambikapur,MA,Business Analyst,Full Time,Large,2 Months,9,150000
Raigarh,BA,Digital Marketing Executive,Contract,Large,30 Days,5,69000
Dhamtari,Diploma,Content Writer,Contract,Large,30 Days,12,51000
Bhatapara,BA,Business Analyst,Full Time,Small,30 Days,5,55000
Sakti,M.Com,Sales Executive,Part Time,Small,45 Days,3,44000
Korba,Diploma,Computer Operator,Full Time,Small,2 Months,7,25000
Dalli-Rajhara,MA,Digital Marketing Executive,Part Time,Large,2 Months,3,67000
Mahasamund,Diploma,Accountant,Full Time,Large,15 Days,10,70000
Bemetra,12th Pass,Computer Operator,Full Time,Small,30 Days,3,17000
Naila Janjgir,12th Pass,Computer Operator,Full Time,Medium,15 Days,9,26000
Sakti,M.Com,HR Executive,Full Time,Medium,2 Months,10,131000
Dhamtari,MBA,MIS Executive,Full Time,Large,30 Days,19,150000
Manendragarh,M.Com,Digital Marketing Executive,Part Time,Large,15 Days,1,68000
Raigarh,M.Com,Business Analyst,Contract,Large,30 Days,16,150000
Bilaspur,M.Com,Business Analyst,Full Time,Small,2 Months,6,117000
Dhamtari,10th Pass,Sales Executive,Intern,Medium,Immediately,0,8000
Manendragarh,BBA,HR Executive,Full Time,Medium,30 Days,4,65000
Bhilai,B.Com,HR Executive,Part Time,Large,15 Days,3,33000
Raigarh,BBA,Sales Executive,Full Time,Large,15 Days,14,136000
Naila Janjgir,BCA,Content Writer,Contract,Small,45 Days,2,35000
Raigarh,BBA,HR Executive,Full Time,Large,45 Days,4,81000
Bhatapara,BA,Business Analyst,Intern,Small,30 Days,9,28000
Chirmiri,M.Com,Business Analyst,Part Time,Medium,15 Days,6,92000
Bhilai,12th Pass,Content Writer,Full Time,Small,30 Days,1,18000
Dhamtari,MBA,HR Executive,Full Time,Large,15 Days,6,150000
Sakti,BA,Business Analyst,Full Time,Small,2 Months,6,65000
Chirmiri,Diploma,Sales Executive,Part Time,Large,45 Days,4,29000
Mungeli,MBA,MIS Executive,Full Time,Medium,45 Days,20,150000
Dalli-Rajhara,BBA,Customer Support,Contract,Medium,30 Days,1,33000
Dhamtari,12th Pass,Sales Executive,Intern,Large,30 Days,0,12000
Tilda Newra,M.Com,MIS Executive,Full Time,Large,2 Months,15,150000
Dalli-Rajhara,10th Pass,Computer Operator,Full Time,Large,30 Days,5,20000
Naila Janjgir,M.Com,MIS Executive,Part Time,Small,45 Days,1,41000
Chirmiri,12th Pass,Accountant,Full Time,Small,15 Days,1,19000
Dhamtari,BBA,MIS Executive,Full Time,Medium,30 Days,7,93000
Bilaspur,BBA,Sales Executive,Contract,Medium,3 Months,15,87000
Raipur,MBA,Business Analyst,Contract,Medium,30 Days,6,150000
Korba,MBA,HR Executive,Full Time,Medium,45 Days,9,150000
Chirmiri,BBA,MIS Executive,Contract,Medium,45 Days,5,75000
Raipur,MBA,MIS Executive,Contract,Medium,2 Months,6,130000
Rajnandgaon,Diploma,Sales Executive,Full Time,Large,45 Days,5,51000
Korba,BA,HR Executive,Part Time,Medium,2 Months,7,32000
Korba,BA,Sales Executive,Full Time,Small,Immediately,1,29000
Tilda Newra,B.Com,Content Writer,Full Time,Medium,Immediately,0,34000
Ambikapur,M.Com,Business Analyst,Full Time,Large,3 Months,5,150000
Sakti,12th Pass,Customer Support,Full Time,Large,30 Days,7,29000
Bemetra,BBA,Account Manager,Full Time,Small,15 Days,13,110000
Bilaspur,BBA,Business Analyst,Full Time,Large,15 Days,6,117000
Bilaspur,B.Com,MIS Executive,Full Time,Small,15 Days,8,65000
Dalli-Rajhara,MBA,Business Analyst,Full Time,Small,45 Days,10,150000
Chirmiri,10th Pass,Customer Support,Contract,Large,30 Days,1,14000
Bhatapara,BBA,Sales Executive,Contract,Small,15 Days,3,45000
Raigarh,MA,Account Manager,Full Time,Large,15 Days,19,150000
Korba,BCA,Sales Executive,Full Time,Small,45 Days,8,82000
Bhilai,M.Com,MIS Executive,Full Time,Medium,45 Days,16,150000
Korba,10th Pass,Sales Executive,Full Time,Medium,30 Days,2,18000
Naila Janjgir,BA,HR Executive,Full Time,Large,30 Days,1,40000
Raipur,Diploma,Accountant,Full Time,Large,45 Days,3,44000
Bhilai,BBA,Sales Executive,Full Time,Small,30 Days,4,57000
Jagdalpur,BCA,Account Manager,Full Time,Small,Immediately,12,111000
Korba,B.Com,HR Executive,Contract,Medium,15 Days,4,49000
Ambikapur,10th Pass,Sales Executive,Full Time,Small,Immediately,6,22000
Bemetra,MA,Digital Marketing Executive,Full Time,Large,45 Days,7,127000
Dalli-Rajhara,BA,HR Executive,Full Time,Medium,30 Days,3,40000
Dhamtari,Diploma,Customer Support,Full Time,Small,3 Months,7,33000
Jagdalpur,BBA,Content Writer,Contract,Medium,2 Months,1,39000
Raipur,10th Pass,Customer Support,Part Time,Small,45 Days,3,12000
Bemetra,BBA,Digital Marketing Executive,Part Time,Small,Immediately,9,54000
Korba,B.Com,Digital Marketing Executive,Part Time,Medium,3 Months,7,44000
Ambikapur,MBA,MIS Executive,Full Time,Large,Immediately,1,137000
Korba,12th Pass,Content Writer,Contract,Small,Immediately,6,20000
Bhilai,BCA,HR Executive,Full Time,Medium,15 Days,6,72000
Chirmiri,B.Com,Account Manager,Contract,Small,2 Months,5,55000
Dhamtari,MA,Account Manager,Part Time,Large,30 Days,7,98000
Raipur,B.Com,Account Manager,Part Time,Small,15 Days,15,57000
Dalli-Rajhara,MBA,HR Executive,Full Time,Large,15 Days,10,150000
Tilda Newra,BA,Business Analyst,Intern,Large,2 Months,7,36000
Manendragarh,BBA,Sales Executive,Full Time,Medium,3 Months,7,81000
Durg,BA,HR Executive,Full Time,Small,15 Days,3,34000
Chirmiri,MBA,Business Analyst,Part Time,Medium,3 Months,14,150000
Jagdalpur,Diploma,Content Writer,Part Time,Small,15 Days,11,25000
Chirmiri,Diploma,Content Writer,Contract,Small,30 Days,0,19000
Durg,Diploma,Customer Support,Full Time,Small,45 Days,5,26000
Dhamtari,Diploma,Accountant,Full Time,Medium,30 Days,2,36000
Bilaspur,BCA,Digital Marketing Executive,Contract,Large,15 Days,0,62000
Mungeli,MBA,HR Executive,Full Time,Medium,45 Days,5,133000
Bhatapara,M.Com,Account Manager,Full Time,Large,30 Days,3,150000
Tilda Newra,MA,MIS Executive,Full Time,Medium,45 Days,16,150000
Bhilai,B.Com,MIS Executive,Full Time,Small,45 Days,3,44000
Raigarh,BCA,Sales Executive,Full Time,Large,45 Days,1,61000
Sakti,10th Pass,Sales Executive,Part Time,Small,30 Days,0,12000
Bhatapara,BCA,MIS Executive,Full Time,Large,2 Months,5,110000
Bhilai,12th Pass,Accountant,Part Time,Large,30 Days,5,24000
Rajnandgaon,MA,Digital Marketing Executive,Full Time,Small,15 Days,10,125000
Korba,BBA,HR Executive,Full Time,Large,3 Months,12,127000
Korba,M.Com,MIS Executive,Full Time,Medium,2 Months,16,150000
Sakti,BA,HR Executive,Intern,Large,Immediately,1,18000
Bhilai,BCA,Content Writer,Full Time,Medium,45 Days,1,42000
Naila Janjgir,B.Com,HR Executive,Intern,Medium,2 Months,1,16000
Bilaspur,Diploma,Content Writer,Contract,Medium,45 Days,14,59000
Durg,Diploma,Computer Operator,Full Time,Large,45 Days,5,40000
Jagdalpur,10th Pass,Computer Operator,Part Time,Large,Immediately,5,12000
Bhatapara,Diploma,Customer Support,Part Time,Medium,15 Days,1,14000
Bhatapara,MBA,HR Executive,Full Time,Medium,30 Days,3,119000
Ambikapur,MBA,Business Analyst,Full Time,Medium,30 Days,8,150000
Chirmiri,B.Com,Account Manager,Intern,Medium,30 Days,6,27000
Korba,BA,Sales Executive,Full Time,Small,Immediately,2,35000
Bilaspur,BA,Digital Marketing Executive,Contract,Small,30 Days,4,39000
Tilda Newra,BBA,Business Analyst,Full Time,Large,30 Days,6,128000
Bemetra,MA,MIS Executive,Full Time,Small,30 Days,1,59000
Tilda Newra,B.Com,Digital Marketing Executive,Full Time,Medium,3 Months,7,72000
Naila Janjgir,10th Pass,Sales Executive,Intern,Large,15 Days,8,13000
Bhatapara,BA,Accountant,Full Time,Small,3 Months,2,36000
Dhamtari,10th Pass,Computer Operator,Full Time,Medium,2 Months,2,12000
Manendragarh,MBA,Digital Marketing Executive,Full Time,Medium,2 Months,6,141000
Dalli-Rajhara,BA,Accountant,Full Time,Medium,45 Days,2,42000
Durg,MA,Business Analyst,Full Time,Small,Immediately,20,150000
Mungeli,MA,MIS Executive,Part Time,Large,2 Months,14,120000
Tilda Newra,MBA,Account Manager,Full Time,Small,45 Days,2,127000
Mungeli,BA,Digital Marketing Executive,Full Time,Medium,2 Months,5,57000
Bilaspur,BA,Content Writer,Full Time,Small,30 Days,0,24000
Dalli-Rajhara,MA,MIS Executive,Full Time,Small,30 Days,3,72000
Bhatapara,10th Pass,Computer Operator,Full Time,Large,3 Months,8,21000
Bhilai,12th Pass,Accountant,Full Time,Large,30 Days,7,52000
Durg,M.Com,Account Manager,Full Time,Small,Immediately,6,119000
Bhatapara,MA,HR Executive,Full Time,Small,15 Days,10,96000
Raigarh,B.Com,MIS Executive,Part Time,Large,45 Days,3,42000
Korba,BCA,Account Manager,Full Time,Large,3 Months,4,101000
Ambikapur,MA,Sales Executive,Full Time,Small,30 Days,3,70000
Durg,BA,Content Writer,Intern,Medium,Immediately,0,11000
Rajnandgaon,B.Com,Digital Marketing Executive,Full Time,Medium,30 Days,7,75000
Tilda Newra,10th Pass,Customer Support,Full Time,Large,Immediately,2,15000
Raipur,12th Pass,Accountant,Part Time,Large,Immediately,0,15000
Durg,BBA,HR Executive,Part Time,Large,15 Days,2,37000
Naila Janjgir,12th Pass,Computer Operator,Part Time,Large,30 Days,4,17000
Bhilai,BCA,Business Analyst,Part Time,Large,30 Days,4,61000
Bemetra,MBA,MIS Executive,Full Time,Large,30 Days,8,150000
Durg,BBA,HR Executive,Full Time,Medium,Immediately,5,67000
Raipur,BCA,Business Analyst,Full Time,Small,30 Days,5,82000
Korba,12th Pass,Computer Operator,Full Time,Medium,30 Days,2,16000
Manendragarh,MBA,Account Manager,Full Time,Small,2 Months,6,145000
Sakti,BCA,Account Manager,Full Time,Large,2 Months,12,150000
Bilaspur,BBA,Business Analyst,Full Time,Medium,15 Days,7,99000
Raipur,BA,Customer Support,Contract,Large,15 Days,0,28000
Manendragarh,Diploma,Sales Executive,Full Time,Large,2 Months,10,59000
Chirmiri,BA,MIS Executive,Full Time,Medium,2 Months,9,63000
Bhilai,BCA,Business Analyst,Contract,Medium,15 Days,7,100000
Jagdalpur,Diploma,Content Writer,Full Time,Small,2 Months,5,33000
Ambikapur,M.Com,Business Analyst,Full Time,Small,3 Months,19,150000
Rajnandgaon,MA,Digital Marketing Executive,Full Time,Small,15 Days,13,114000
Bhilai,MA,MIS Executive,Full Time,Large,45 Days,13,150000
Durg,B.Com,Digital Marketing Executive,Part Time,Medium,2 Months,10,53000
Durg,BBA,HR Executive,Intern,Small,Immediately,3,18000
Raigarh,BA,Customer Support,Part Time,Large,15 Days,1,22000
Korba,MBA,Business Analyst,Contract,Small,30 Days,9,150000
Ambikapur,BBA,Account Manager,Full Time,Medium,30 Days,8,119000
Jagdalpur,Diploma,Sales Executive,Contract,Small,Immediately,1,24000
Durg,MBA,MIS Executive,Full Time,Medium,15 Days,2,120000
Bilaspur,10th Pass,Computer Operator,Full Time,Large,2 Months,2,13000
Dalli-Rajhara,Diploma,Accountant,Full Time,Small,2 Months,7,41000
Durg,10th Pass,Computer Operator,Full Time,Large,30 Days,7,22000
Ambikapur,BA,HR Executive,Full Time,Medium,45 Days,3,38000
Rajnandgaon,MA,HR Executive,Contract,Large,30 Days,1,74000
Rajnandgaon,BBA,HR Executive,Contract,Medium,Immediately,1,43000
Rajnandgaon,B.Com,Account Manager,Part Time,Large,Immediately,4,51000
Bhilai,10th Pass,Customer Support,Contract,Small,15 Days,1,12000
Bhilai,M.Com,HR Executive,Part Time,Medium,30 Days,3,50000
Chirmiri,M.Com,Digital Marketing Executive,Full Time,Medium,30 Days,8,150000
Raipur,MA,HR Executive,Intern,Small,3 Months,5,27000
Chirmiri,MBA,MIS Executive,Full Time,Small,30 Days,10,150000
Naila Janjgir,BCA,Sales Executive,Full Time,Large,3 Months,12,123000
Raigarh,MA,Digital Marketing Executive,Full Time,Small,2 Months,5,81000
Bhilai,MBA,Digital Marketing Executive,Full Time,Small,2 Months,6,126000
Tilda Newra,BCA,Customer Support,Full Time,Medium,15 Days,2,41000
Raipur,MA,Digital Marketing Executive,Full Time,Medium,3 Months,8,101000
Manendragarh,BCA,HR Executive,Intern,Small,2 Months,11,30000
Jagdalpur,BA,Customer Support,Full Time,Small,15 Days,1,24000
Dhamtari,BA,Customer Support,Full Time,Large,15 Days,1,34000
Korba,MA,Sales Executive,Full Time,Medium,30 Days,4,82000
Bhilai,MBA,MIS Executive,Full Time,Small,2 Months,7,150000
Dalli-Rajhara,B.Com,Business Analyst,Full Time,Medium,3 Months,6,83000
Sakti,12th Pass,Customer Support,Full Time,Large,2 Months,8,42000
Bhatapara,10th Pass,Computer Operator,Full Time,Large,3 Months,8,23000
Bhilai,10th Pass,Sales Executive,Full Time,Medium,2 Months,2,18000
Mungeli,10th Pass,Sales Executive,Full Time,Large,45 Days,4,26000
Dhamtari,MBA,Sales Executive,Intern,Large,Immediately,3,62000
Bhilai,12th Pass,Accountant,Full Time,Large,Immediately,1,32000
Bhatapara,MBA,Sales Executive,Intern,Medium,2 Months,2,46000
Dalli-Rajhara,MA,Business Analyst,Full Time,Small,30 Days,10,150000
Tilda Newra,Diploma,Content Writer,Full Time,Medium,15 Days,3,30000
Dalli-Rajhara,BCA,Content Writer,Full Time,Medium,Immediately,1,42000
Bilaspur,MA,MIS Executive,Intern,Medium,45 Days,10,52000
Mungeli,Diploma,Computer Operator,Full Time,Medium,15 Days,3,24000
Dhamtari,MA,Sales Executive,Full Time,Medium,2 Months,3,86000
Mungeli,MA,HR Executive,Full Time,Medium,30 Days,10,117000
Raipur,MA,Business Analyst,Full Time,Large,15 Days,10,150000
Bhilai,MBA,Account Manager,Full Time,Small,30 Days,4,150000
Durg,10th Pass,Computer Operator,Contract,Medium,30 Days,0,12000
Korba,B.Com,Business Analyst,Full Time,Large,30 Days,7,106000
Mungeli,BCA,Content Writer,Full Time,Small,Immediately,2,39000
Dalli-Rajhara,10th Pass,Customer Support,Full Time,Large,15 Days,5,20000
Tilda Newra,M.Com,MIS Executive,Full Time,Large,45 Days,4,127000
Durg,12th Pass,Content Writer,Full Time,Large,2 Months,5,30000
Jagdalpur,BBA,Account Manager,Contract,Medium,30 Days,5,76000
Sakti,Diploma,Accountant,Contract,Small,3 Months,10,42000
Tilda Newra,10th Pass,Sales Executive,Part Time,Medium,Immediately,0,12000
Mahasamund,10th Pass,Sales Executive,Contract,Large,Immediately,4,24000
Chirmiri,MA,Business Analyst,Contract,Small,45 Days,19,150000
Bilaspur,M.Com,Sales Executive,Full Time,Small,30 Days,3,80000
Bilaspur,BCA,Account Manager,Part Time,Small,3 Months,8,59000
Bhatapara,10th Pass,Customer Support,Full Time,Large,30 Days,0,12000
Raigarh,12th Pass,Computer Operator,Full Time,Medium,15 Days,8,25000
Jagdalpur,BBA,Sales Executive,Full Time,Small,Immediately,0,37000
Korba,B.Com,MIS Executive,Full Time,Large,45 Days,3,65000
Naila Janjgir,M.Com,Account Manager,Full Time,Large,30 Days,6,150000
Manendragarh,BBA,MIS Executive,Full Time,Large,30 Days,4,98000
Mungeli,MBA,Account Manager,Full Time,Small,30 Days,4,137000
Naila Janjgir,Diploma,Content Writer,Full Time,Small,2 Months,3,26000
Ambikapur,BCA,Account Manager,Full Time,Large,Immediately,7,124000
Dalli-Rajhara,BBA,Digital Marketing Executive,Full Time,Large,30 Days,2,76000
Sakti,10th Pass,Customer Support,Part Time,Small,30 Days,9,12000
Bhilai,BA,Account Manager,Full Time,Large,2 Months,12,129000
Mungeli,M.Com,HR Executive,Full Time,Medium,30 Days,10,150000
Durg,Diploma,Computer Operator,Part Time,Small,30 Days,12,19000
Bemetra,BCA,HR Executive,Full Time,Small,30 Days,4,49000
Raipur,Diploma,Content Writer,Full Time,Medium,15 Days,0,24000
Bemetra,BA,Customer Support,Full Time,Large,Immediately,1,36000
Jagdalpur,BCA,Digital Marketing Executive,Full Time,Large,3 Months,7,107000
Sakti,10th Pass,Customer Support,Full Time,Medium,45 Days,4,15000
Chirmiri,BCA,HR Executive,Full Time,Large,2 Months,10,98000
Raigarh,MBA,Account Manager,Full Time,Medium,2 Months,2,128000
Mahasamund,BA,Account Manager,Part Time,Large,30 Days,8,57000
Raipur,MBA,HR Executive,Full Time,Small,30 Days,16,150000
Mungeli,12th Pass,Computer Operator,Part Time,Large,45 Days,6,17000
Korba,BBA,Digital Marketing Executive,Contract,Medium,30 Days,0,51000
Bhilai,BBA,Sales Executive,Part Time,Large,2 Months,6,59000
Mahasamund,B.Com,Digital Marketing Executive,Part Time,Small,3 Months,4,29000
Chirmiri,12th Pass,Content Writer,Full Time,Small,30 Days,3,21000
Sakti,MA,Account Manager,Contract,Small,30 Days,7,109000
Mahasamund,Diploma,Computer Operator,Full Time,Small,30 Days,4,24000
Rajnandgaon,BBA,Account Manager,Full Time,Small,2 Months,10,106000
Raipur,12th Pass,Content Writer,Full Time,Large,Immediately,0,23000
Bhatapara,BA,Digital Marketing Executive,Full Time,Large,2 Months,12,99000
Bilaspur,B.Com,Digital Marketing Executive,Part Time,Small,15 Days,1,24000
Tilda Newra,MBA,Digital Marketing Executive,Full Time,Large,30 Days,13,150000
Sakti,M.Com,MIS Executive,Part Time,Medium,15 Days,1,48000
Dhamtari,MA,Account Manager,Full Time,Medium,30 Days,2,95000
Rajnandgaon,BA,MIS Executive,Full Time,Small,3 Months,6,55000
Chirmiri,BA,Account Manager,Full Time,Medium,30 Days,5,59000
Bhilai,Diploma,Accountant,Full Time,Small,15 Days,4,34000
Manendragarh,Diploma,Accountant,Full Time,Small,30 Days,0,22000
Korba,MA,HR Executive,Full Time,Medium,15 Days,8,111000
Durg,MBA,Digital Marketing Executive,Intern,Small,2 Months,13,69000
Mahasamund,12th Pass,Sales Executive,Full Time,Small,30 Days,7,32000
Dalli-Rajhara,12th Pass,Sales Executive,Contract,Small,2 Months,8,31000
Korba,10th Pass,Computer Operator,Full Time,Large,3 Months,7,20000
Dhamtari,Diploma,Content Writer,Full Time,Small,2 Months,2,26000
Manendragarh,BBA,Content Writer,Full Time,Large,Immediately,1,52000
Chirmiri,BA,HR Executive,Full Time,Medium,3 Months,3,44000
Bhatapara,BCA,HR Executive,Full Time,Large,45 Days,7,81000
Jagdalpur,BCA,MIS Executive,Full Time,Large,30 Days,7,123000
Tilda Newra,B.Com,Content Writer,Full Time,Large,15 Days,2,49000
Mahasamund,BA,MIS Executive,Full Time,Medium,45 Days,5,58000
Bilaspur,BCA,MIS Executive,Full Time,Medium,15 Days,3,70000
Mahasamund,12th Pass,Accountant,Full Time,Small,Immediately,12,45000
Manendragarh,12th Pass,Computer Operator,Full Time,Small,45 Days,8,20000
Dhamtari,Diploma,Customer Support,Contract,Small,30 Days,10,32000
Bhilai,10th Pass,Sales Executive,Part Time,Large,15 Days,0,12000
Ambikapur,BBA,Account Manager,Full Time,Large,45 Days,3,92000
Mungeli,BCA,Account Manager,Full Time,Large,2 Months,7,123000
Sakti,M.Com,HR Executive,Full Time,Medium,45 Days,3,81000
Naila Janjgir,M.Com,Digital Marketing Executive,Full Time,Small,3 Months,12,145000
Ambikapur,BA,Sales Executive,Full Time,Medium,2 Months,6,53000
Bhilai,MBA,HR Executive,Full Time,Medium,3 Months,12,150000
Dhamtari,B.Com,Digital Marketing Executive,Full Time,Medium,30 Days,1,47000
Jagdalpur,BBA,Sales Executive,Full Time,Small,2 Months,10,85000
Ambikapur,MA,MIS Executive,Full Time,Medium,30 Days,10,118000
Raigarh,MA,Sales Executive,Part Time,Large,15 Days,1,51000
Manendragarh,B.Com,Sales Executive,Intern,Large,15 Days,7,33000
Mungeli,BA,HR Executive,Full Time,Large,Immediately,0,36000
Manendragarh,BA,Digital Marketing Executive,Full Time,Medium,30 Days,7,59000
Rajnandgaon,BCA,Sales Executive,Full Time,Small,2 Months,5,69000
Naila Janjgir,B.Com,Business Analyst,Contract,Small,2 Months,4,62000
Mahasamund,Diploma,Sales Executive,Full Time,Medium,45 Days,7,47000
Naila Janjgir,BBA,Accountant,Full Time,Medium,30 Days,1,48000
Raigarh,M.Com,Business Analyst,Full Time,Medium,3 Months,12,150000
Manendragarh,B.Com,MIS Executive,Full Time,Large,30 Days,6,80000
Bhilai,BBA,Sales Executive,Part Time,Small,30 Days,4,34000
Raigarh,MA,MIS Executive,Full Time,Small,30 Days,10,114000
Raipur,MA,Digital Marketing Executive,Full Time,Medium,3 Months,3,87000
Mungeli,BA,MIS Executive,Full Time,Small,30 Days,5,50000
Durg,B.Com,Sales Executive,Part Time,Large,3 Months,5,50000
Tilda Newra,Diploma,Content Writer,Part Time,Large,2 Months,11,37000
Chirmiri,B.Com,Business Analyst,Full Time,Large,2 Months,5,113000
Raipur,BBA,Digital Marketing Executive,Full Time,Small,30 Days,2,49000
Raipur,12th Pass,Accountant,Full Time,Large,2 Months,10,54000
Raipur,BCA,Accountant,Intern,Large,3 Months,0,24000
Bhilai,MBA,HR Executive,Full Time,Small,2 Months,15,150000
Dalli-Rajhara,Diploma,Sales Executive,Full Time,Small,2 Months,8,36000
Raipur,M.Com,MIS Executive,Part Time,Medium,2 Months,4,67000
Raipur,MA,HR Executive,Full Time,Large,3 Months,12,144000
Rajnandgaon,M.Com,Business Analyst,Full Time,Medium,2 Months,5,145000
Bhilai,10th Pass,Customer Support,Full Time,Medium,2 Months,4,16000
Durg,12th Pass,Customer Support,Part Time,Small,30 Days,0,12000
Durg,10th Pass,Customer Support,Contract,Large,30 Days,2,16000
Dhamtari,BBA,Digital Marketing Executive,Full Time,Small,30 Days,12,94000
Raigarh,BA,MIS Executive,Intern,Small,15 Days,3,15000
Mungeli,B.Com,HR Executive,Part Time,Medium,2 Months,5,34000
Raigarh,MA,HR Executive,Full Time,Large,2 Months,9,130000
Mungeli,B.Com,Account Manager,Full Time,Small,30 Days,4,51000
Mahasamund,Diploma,Accountant,Full Time,Medium,2 Months,7,49000
Rajnandgaon,12th Pass,Sales Executive,Full Time,Medium,30 Days,6,34000
Rajnandgaon,B.Com,Sales Executive,Full Time,Small,2 Months,7,60000
Chirmiri,BA,MIS Executive,Full Time,Large,45 Days,3,64000
Dalli-Rajhara,BBA,Account Manager,Part Time,Medium,3 Months,11,67000
Mungeli,M.Com,HR Executive,Intern,Small,45 Days,5,33000
Chirmiri,10th Pass,Computer Operator,Full Time,Medium,45 Days,9,18000
Jagdalpur,Diploma,Customer Support,Full Time,Small,30 Days,1,20000
Bhilai,B.Com,Customer Support,Full Time,Medium,30 Days,2,35000
Bhilai,BA,Digital Marketing Executive,Full Time,Medium,2 Months,12,78000
Bemetra,BCA,Business Analyst,Full Time,Medium,30 Days,12,150000
Jagdalpur,10th Pass,Computer Operator,Full Time,Medium,30 Days,4,13000
Korba,BA,Digital Marketing Executive,Full Time,Medium,30 Days,15,87000
Bhatapara,Diploma,Computer Operator,Part Time,Large,Immediately,4,20000
Durg,Diploma,Content Writer,Part Time,Medium,Immediately,1,17000
Mungeli,10th Pass,Sales Executive,Part Time,Medium,Immediately,1,12000
Ambikapur,BA,Business Analyst,Full Time,Large,2 Months,9,111000
Manendragarh,B.Com,MIS Executive,Full Time,Medium,30 Days,12,98000
Ambikapur,12th Pass,Accountant,Full Time,Small,45 Days,2,22000
Naila Janjgir,MBA,Digital Marketing Executive,Full Time,Medium,30 Days,2,117000
Ambikapur,BCA,Sales Executive,Full Time,Small,45 Days,7,66000
Bilaspur,10th Pass,Sales Executive,Part Time,Large,15 Days,2,12000
Chirmiri,Diploma,Computer Operator,Full Time,Medium,30 Days,6,34000
Mahasamund,M.Com,HR Executive,Full Time,Medium,30 Days,1,78000
Mahasamund,12th Pass,Sales Executive,Full Time,Large,45 Days,5,41000
Dalli-Rajhara,BCA,Account Manager,Part Time,Small,45 Days,12,76000
Chirmiri,M.Com,Business Analyst,Full Time,Large,2 Months,11,150000
Bhatapara,Diploma,Accountant,Part Time,Small,Immediately,0,13000
Naila Janjgir,BA,MIS Executive,Part Time,Large,45 Days,4,34000
Bemetra,B.Com,HR Executive,Full Time,Medium,45 Days,4,49000
Chirmiri,M.Com,Digital Marketing Executive,Full Time,Medium,3 Months,6,126000
Bilaspur,Diploma,Content Writer,Contract,Large,3 Months,4,38000
Dhamtari,B.Com,MIS Executive,Full Time,Medium,45 Days,5,62000
Raipur,MA,MIS Executive,Full Time,Medium,45 Days,7,115000
Bhatapara,Diploma,Sales Executive,Full Time,Small,Immediately,1,28000
Dalli-Rajhara,BA,Digital Marketing Executive,Full Time,Large,2 Months,5,72000
Bhatapara,B.Com,Digital Marketing Executive,Part Time,Medium,30 Days,6,41000
Mahasamund,Diploma,Accountant,Part Time,Medium,30 Days,0,17000
Raipur,BA,Digital Marketing Executive,Full Time,Large,2 Months,13,96000
Bemetra,MA,Digital Marketing Executive,Full Time,Small,2 Months,10,126000
Mungeli,10th Pass,Sales Executive,Contract,Small,30 Days,8,21000
Korba,Diploma,Computer Operator,Full Time,Medium,Immediately,3,24000
Naila Janjgir,MA,Account Manager,Full Time,Large,2 Months,4,148000
Bilaspur,Diploma,Sales Executive,Part Time,Large,45 Days,1,25000
Bhilai,12th Pass,Accountant,Part Time,Large,2 Months,8,27000
Bhatapara,MBA,Digital Marketing Executive,Part Time,Large,30 Days,10,150000
Korba,MBA,HR Executive,Part Time,Medium,30 Days,2,65000
Jagdalpur,B.Com,Digital Marketing Executive,Full Time,Medium,15 Days,5,60000
Mahasamund,MBA,Digital Marketing Executive,Full Time,Medium,30 Days,16,150000
Mungeli,BCA,HR Executive,Full Time,Medium,2 Months,2,55000
Dhamtari,BCA,Sales Executive,Full Time,Medium,2 Months,11,99000
Ambikapur,Diploma,Content Writer,Full Time,Large,2 Months,4,38000
Mungeli,10th Pass,Sales Executive,Full Time,Medium,3 Months,5,24000
Chirmiri,MA,HR Executive,Contract,Medium,45 Days,12,102000
Durg,Diploma,Sales Executive,Full Time,Medium,30 Days,6,43000
Naila Janjgir,12th Pass,Content Writer,Contract,Large,2 Months,2,27000
Chirmiri,M.Com,Account Manager,Full Time,Large,2 Months,15,150000
Naila Janjgir,BCA,Sales Executive,Full Time,Large,Immediately,1,62000
Bilaspur,BBA,Digital Marketing Executive,Full Time,Large,30 Days,7,120000
Dhamtari,12th Pass,Accountant,Full Time,Small,30 Days,9,36000
Mahasamund,12th Pass,Sales Executive,Full Time,Large,45 Days,6,43000
Tilda Newra,12th Pass,Accountant,Full Time,Medium,15 Days,1,22000
Bemetra,MBA,HR Executive,Intern,Medium,30 Days,11,67000
Dhamtari,Diploma,Accountant,Full Time,Large,3 Months,7,55000
Rajnandgaon,M.Com,Business Analyst,Full Time,Medium,3 Months,8,150000
Bhilai,Diploma,Computer Operator,Full Time,Medium,2 Months,6,29000
Mungeli,12th Pass,Computer Operator,Full Time,Medium,45 Days,7,22000
Rajnandgaon,MA,Sales Executive,Part Time,Small,45 Days,3,42000
Dalli-Rajhara,Diploma,Accountant,Full Time,Large,3 Months,7,64000
Chirmiri,BCA,MIS Executive,Full Time,Large,30 Days,4,96000
Dalli-Rajhara,10th Pass,Computer Operator,Full Time,Medium,15 Days,8,16000
Chirmiri,BBA,MIS Executive,Full Time,Small,45 Days,4,61000
Naila Janjgir,BBA,Sales Executive,Full Time,Medium,30 Days,11,97000
Tilda Newra,MA,Digital Marketing Executive,Full Time,Small,30 Days,1,56000
Dhamtari,B.Com,Business Analyst,Full Time,Small,3 Months,5,70000
Dhamtari,BA,Sales Executive,Full Time,Large,15 Days,8,73000
Raipur,BCA,HR Executive,Part Time,Small,Immediately,4,34000
Raigarh,B.Com,Business Analyst,Full Time,Small,30 Days,12,90000
Bhilai,BCA,HR Executive,Part Time,Large,15 Days,0,30000
Raipur,M.Com,Digital Marketing Executive,Full Time,Large,Immediately,9,150000
Durg,M.Com,Digital Marketing Executive,Full Time,Large,15 Days,10,150000
Naila Janjgir,Diploma,Accountant,Full Time,Large,30 Days,7,58000
Mahasamund,BCA,Digital Marketing Executive,Full Time,Small,30 Days,2,56000
Dhamtari,BA,Sales Executive,Full Time,Small,30 Days,10,50000
Mahasamund,Diploma,Accountant,Full Time,Large,45 Days,3,47000
Korba,B.Com,Sales Executive,Part Time,Small,30 Days,12,37000
Manendragarh,MA,Account Manager,Intern,Medium,30 Days,14,66000
Ambikapur,BBA,Content Writer,Contract,Small,15 Days,2,34000
Naila Janjgir,MBA,Business Analyst,Contract,Large,30 Days,7,150000
Bhilai,BBA,Sales Executive,Intern,Small,45 Days,6,27000
Bemetra,Diploma,Content Writer,Full Time,Medium,30 Days,7,41000
Bhilai,M.Com,HR Executive,Full Time,Medium,30 Days,5,107000
Dalli-Rajhara,12th Pass,Sales Executive,Full Time,Large,3 Months,2,32000
Mahasamund,BA,MIS Executive,Full Time,Small,30 Days,7,49000
Bilaspur,Diploma,Sales Executive,Part Time,Large,3 Months,7,36000
Rajnandgaon,BA,Digital Marketing Executive,Intern,Large,2 Months,10,36000
Raigarh,12th Pass,Content Writer,Full Time,Medium,30 Days,6,31000
Tilda Newra,10th Pass,Computer Operator,Full Time,Small,15 Days,7,14000
Bhilai,MA,Account Manager,Full Time,Small,30 Days,11,121000
Naila Janjgir,MBA,HR Executive,Contract,Small,3 Months,7,101000
Bhilai,BCA,Sales Executive,Full Time,Medium,3 Months,5,67000
Durg,M.Com,Account Manager,Full Time,Large,30 Days,3,140000
Naila Janjgir,BBA,MIS Executive,Full Time,Large,30 Days,4,92000
Sakti,Diploma,Customer Support,Contract,Large,Immediately,5,37000
Korba,10th Pass,Computer Operator,Full Time,Large,2 Months,6,18000
Sakti,MA,Account Manager,Full Time,Medium,30 Days,6,124000
Rajnandgaon,12th Pass,Computer Operator,Full Time,Medium,3 Months,8,27000
Ambikapur,12th Pass,Accountant,Part Time,Small,30 Days,2,13000
Bhilai,12th Pass,Sales Executive,Full Time,Large,15 Days,3,34000
Rajnandgaon,M.Com,HR Executive,Part Time,Medium,3 Months,14,88000
Chirmiri,BBA,HR Executive,Full Time,Large,30 Days,8,106000
Rajnandgaon,M.Com,MIS Executive,Full Time,Medium,45 Days,4,119000
Manendragarh,BBA,Digital Marketing Executive,Full Time,Large,30 Days,12,141000
Naila Janjgir,BA,Business Analyst,Full Time,Medium,3 Months,6,63000
Bemetra,M.Com,MIS Executive,Full Time,Small,30 Days,4,95000
Dalli-Rajhara,BBA,Digital Marketing Executive,Full Time,Medium,15 Days,2,58000
Sakti,BCA,Account Manager,Full Time,Large,45 Days,6,130000
Mungeli,10th Pass,Customer Support,Part Time,Small,30 Days,4,12000
Korba,12th Pass,Content Writer,Contract,Small,45 Days,4,21000
Naila Janjgir,10th Pass,Computer Operator,Full Time,Medium,2 Months,2,12000
Bemetra,BCA,Sales Executive,Contract,Large,Immediately,1,60000
Ambikapur,BA,Customer Support,Part Time,Medium,15 Days,1,16000
Tilda Newra,B.Com,Digital Marketing Executive,Full Time,Small,Immediately,1,38000
Bemetra,MBA,MIS Executive,Contract,Large,2 Months,10,150000
Chirmiri,12th Pass,Customer Support,Part Time,Large,45 Days,0,12000
Sakti,10th Pass,Customer Support,Full Time,Large,30 Days,3,19000
Sakti,BA,HR Executive,Full Time,Small,45 Days,0,28000
Chirmiri,10th Pass,Customer Support,Intern,Medium,30 Days,7,8000
Raigarh,MBA,Account Manager,Part Time,Large,45 Days,5,124000
Durg,B.Com,Business Analyst,Full Time,Medium,45 Days,8,110000
Durg,B.Com,HR Executive,Full Time,Large,2 Months,7,83000
Mahasamund,BBA,MIS Executive,Contract,Medium,2 Months,7,83000
Manendragarh,12th Pass,Accountant,Part Time,Medium,30 Days,2,16000
Korba,BBA,MIS Executive,Full Time,Large,30 Days,6,96000
Jagdalpur,BCA,Customer Support,Contract,Medium,Immediately,1,39000
Jagdalpur,10th Pass,Computer Operator,Full Time,Small,3 Months,5,12000
Dalli-Rajhara,10th Pass,Customer Support,Full Time,Large,45 Days,8,26000
Ambikapur,MA,MIS Executive,Part Time,Large,30 Days,10,103000
Manendragarh,B.Com,MIS Executive,Full Time,Medium,2 Months,11,92000
Bhilai,BBA,Digital Marketing Executive,Full Time,Large,45 Days,11,133000
Manendragarh,BBA,HR Executive,Full Time,Small,45 Days,12,76000
Raipur,MBA,Account Manager,Full Time,Large,45 Days,2,150000
Ambikapur,Diploma,Sales Executive,Full Time,Large,3 Months,5,50000
Raigarh,BA,Business Analyst,Full Time,Large,45 Days,8,100000
Korba,MA,MIS Executive,Intern,Large,45 Days,14,93000
Bhilai,10th Pass,Sales Executive,Full Time,Small,45 Days,7,23000
Raipur,BBA,Digital Marketing Executive,Contract,Large,2 Months,11,109000
Bhatapara,BA,Business Analyst,Full Time,Large,3 Months,6,82000
Durg,Diploma,Content Writer,Full Time,Small,30 Days,9,38000
Mungeli,12th Pass,Sales Executive,Full Time,Medium,2 Months,6,34000
Raipur,B.Com,Accountant,Part Time,Small,15 Days,0,20000
Bemetra,B.Com,Digital Marketing Executive,Full Time,Medium,30 Days,8,81000
Rajnandgaon,Diploma,Content Writer,Full Time,Large,2 Months,2,31000
Dhamtari,M.Com,Business Analyst,Full Time,Medium,2 Months,16,150000
Bemetra,12th Pass,Customer Support,Contract,Medium,2 Months,4,20000
Durg,MBA,HR Executive,Full Time,Medium,15 Days,19,150000
Sakti,BA,Content Writer,Contract,Small,Immediately,0,23000
Bhatapara,MA,HR Executive,Full Time,Large,30 Days,9,129000
Dalli-Rajhara,BCA,Business Analyst,Full Time,Medium,Immediately,13,136000
Bilaspur,MA,Digital Marketing Executive,Part Time,Large,30 Days,8,88000
Manendragarh,MA,Business Analyst,Full Time,Small,30 Days,6,114000
Mungeli,10th Pass,Sales Executive,Part Time,Large,45 Days,8,18000
Mahasamund,BBA,HR Executive,Part Time,Small,30 Days,2,28000
Bhilai,10th Pass,Sales Executive,Full Time,Medium,30 Days,8,29000
Bhatapara,Diploma,Computer Operator,Full Time,Small,45 Days,11,33000
Ambikapur,BA,Digital Marketing Executive,Full Time,Medium,30 Days,4,48000
Bemetra,BBA,MIS Executive,Full Time,Small,30 Days,10,91000
Rajnandgaon,BBA,Sales Executive,Full Time,Medium,15 Days,1,55000
Sakti,BA,MIS Executive,Full Time,Medium,15 Days,4,57000
Korba,12th Pass,Customer Support,Intern,Large,30 Days,3,10000
Dalli-Rajhara,BA,HR Executive,Full Time,Large,30 Days,1,45000
Mahasamund,M.Com,Account Manager,Full Time,Small,3 Months,11,150000
Bhatapara,Diploma,Sales Executive,Full Time,Medium,15 Days,3,33000
Naila Janjgir,BBA,Account Manager,Part Time,Small,2 Months,7,47000
Durg,M.Com,Business Analyst,Full Time,Medium,Immediately,14,150000
Jagdalpur,B.Com,Sales Executive,Full Time,Small,30 Days,2,43000
Manendragarh,12th Pass,Accountant,Full Time,Small,3 Months,6,30000
Jagdalpur,BA,Business Analyst,Full Time,Large,30 Days,6,99000
Manendragarh,MBA,MIS Executive,Full Time,Medium,30 Days,15,150000
Raipur,BA,MIS Executive,Part Time,Medium,15 Days,11,47000
Chirmiri,M.Com,Account Manager,Contract,Small,45 Days,13,150000
Mahasamund,MBA,Digital Marketing Executive,Full Time,Medium,15 Days,17,150000
Manendragarh,BBA,Business Analyst,Full Time,Medium,30 Days,5,94000
Dalli-Rajhara,M.Com,HR Executive,Full Time,Small,30 Days,5,91000
Raigarh,M.Com,Business Analyst,Full Time,Medium,30 Days,8,150000
Dalli-Rajhara,Diploma,Customer Support,Full Time,Medium,2 Months,3,29000
Bhilai,B.Com,Digital Marketing Executive,Full Time,Small,Immediately,0,33000
Korba,12th Pass,Customer Support,Full Time,Small,Immediately,2,16000
Dhamtari,MBA,Sales Executive,Part Time,Small,15 Days,3,59000
Rajnandgaon,12th Pass,Content Writer,Full Time,Large,30 Days,4,35000
Naila Janjgir,BBA,Digital Marketing Executive,Part Time,Small,15 Days,15,63000
Naila Janjgir,Diploma,Computer Operator,Full Time,Large,45 Days,11,44000
Chirmiri,MA,Business Analyst,Full Time,Small,2 Months,6,122000
Dhamtari,12th Pass,Computer Operator,Part Time,Large,2 Months,9,22000
Rajnandgaon,MBA,MIS Executive,Contract,Medium,30 Days,10,150000
Jagdalpur,10th Pass,Computer Operator,Full Time,Large,15 Days,1,12000
Bilaspur,MBA,HR Executive,Contract,Small,3 Months,6,97000
Bhatapara,BCA,Business Analyst,Full Time,Small,30 Days,7,88000
Dalli-Rajhara,M.Com,MIS Executive,Full Time,Large,3 Months,16,150000
Durg,MBA,Digital Marketing Executive,Contract,Large,2 Months,2,125000
Durg,Diploma,Customer Support,Full Time,Small,30 Days,7,34000
Bemetra,12th Pass,Computer Operator,Full Time,Small,30 Days,0,12000
Bhilai,B.Com,Sales Executive,Full Time,Small,30 Days,7,55000
Dalli-Rajhara,12th Pass,Sales Executive,Full Time,Large,Immediately,6,39000
Bemetra,M.Com,Digital Marketing Executive,Full Time,Large,15 Days,4,149000
Durg,10th Pass,Computer Operator,Intern,Small,15 Days,4,8000
Rajnandgaon,BBA,HR Executive,Part Time,Medium,Immediately,1,31000
Dalli-Rajhara,BCA,Digital Marketing Executive,Part Time,Medium,45 Days,4,45000
Bilaspur,BCA,Sales Executive,Full Time,Small,2 Months,2,50000
Durg,BA,Account Manager,Full Time,Medium,3 Months,7,72000
Naila Janjgir,12th Pass,Computer Operator,Full Time,Medium,45 Days,5,23000
Sakti,B.Com,Digital Marketing Executive,Full Time,Small,30 Days,3,47000
Korba,BA,Business Analyst,Full Time,Small,30 Days,7,75000
Chirmiri,B.Com,Content Writer,Full Time,Small,2 Months,2,32000
Tilda Newra,Diploma,Content Writer,Full Time,Small,Immediately,0,19000
Bemetra,M.Com,Digital Marketing Executive,Full Time,Large,30 Days,4,142000
Mahasamund,10th Pass,Computer Operator,Part Time,Large,Immediately,0,12000
Rajnandgaon,BBA,Customer Support,Part Time,Medium,30 Days,0,20000
Korba,Diploma,Computer Operator,Full Time,Medium,45 Days,5,26000
Jagdalpur,BBA,HR Executive,Full Time,Medium,3 Months,5,63000
Raigarh,B.Com,HR Executive,Intern,Small,2 Months,5,20000
Sakti,MA,Digital Marketing Executive,Contract,Medium,30 Days,4,84000
Tilda Newra,Diploma,Accountant,Part Time,Medium,45 Days,1,18000
Korba,MBA,Sales Executive,Part Time,Medium,Immediately,4,77000
Korba,B.Com,Sales Executive,Intern,Medium,45 Days,7,28000
Bemetra,BBA,Digital Marketing Executive,Full Time,Large,2 Months,12,141000
Raipur,M.Com,MIS Executive,Full Time,Medium,15 Days,7,126000
Naila Janjgir,BA,Digital Marketing Executive,Full Time,Large,30 Days,7,74000
Bemetra,BCA,HR Executive,Full Time,Medium,30 Days,3,51000
Korba,10th Pass,Customer Support,Part Time,Medium,30 Days,8,12000
Bilaspur,B.Com,Sales Executive,Full Time,Large,45 Days,5,81000
Durg,10th Pass,Customer Support,Full Time,Small,15 Days,6,15000
Durg,12th Pass,Computer Operator,Full Time,Medium,15 Days,8,23000
Korba,BA,HR Executive,Part Time,Large,3 Months,6,34000
Manendragarh,BCA,Digital Marketing Executive,Full Time,Small,30 Days,0,40000
Mungeli,BBA,Digital Marketing Executive,Full Time,Medium,2 Months,8,87000
Durg,BCA,Sales Executive,Full Time,Small,Immediately,6,63000
Mungeli,B.Com,MIS Executive,Full Time,Small,30 Days,11,70000
Mungeli,MA,Digital Marketing Executive,Full Time,Medium,30 Days,9,123000
Dhamtari,B.Com,Account Manager,Full Time,Medium,2 Months,10,102000
Bhatapara,BA,Sales Executive,Part Time,Small,45 Days,1,19000
Sakti,BCA,Digital Marketing Executive,Full Time,Medium,15 Days,12,119000
Raipur,BCA,Customer Support,Contract,Small,45 Days,0,30000
Bemetra,BA,Business Analyst,Contract,Small,45 Days,10,74000
Raipur,BBA,Sales Executive,Full Time,Large,Immediately,1,59000
Bhilai,MBA,Account Manager,Full Time,Small,2 Months,10,150000
Raipur,B.Com,HR Executive,Part Time,Medium,3 Months,6,32000
Rajnandgaon,BBA,Content Writer,Full Time,Small,30 Days,0,37000
Tilda Newra,M.Com,MIS Executive,Part Time,Small,Immediately,1,45000
Dalli-Rajhara,10th Pass,Customer Support,Intern,Small,30 Days,3,8000
Raigarh,BCA,Business Analyst,Full Time,Medium,30 Days,12,144000
Sakti,MBA,Business Analyst,Full Time,Medium,2 Months,15,150000
Chirmiri,10th Pass,Sales Executive,Contract,Medium,15 Days,0,14000
Dalli-Rajhara,M.Com,Digital Marketing Executive,Full Time,Small,30 Days,6,120000
Dalli-Rajhara,Diploma,Accountant,Intern,Medium,15 Days,10,20000
Rajnandgaon,B.Com,Sales Executive,Full Time,Small,3 Months,7,57000
Korba,B.Com,Accountant,Contract,Small,30 Days,2,40000
Sakti,M.Com,Business Analyst,Full Time,Small,45 Days,9,150000
Chirmiri,B.Com,HR Executive,Contract,Large,45 Days,5,60000
Jagdalpur,B.Com,Account Manager,Full Time,Large,30 Days,12,149000
Korba,10th Pass,Customer Support,Full Time,Small,30 Days,5,14000
Raipur,BBA,HR Executive,Full Time,Small,Immediately,1,43000
Dalli-Rajhara,12th Pass,Sales Executive,Full Time,Medium,Immediately,3,27000
Sakti,B.Com,Sales Executive,Full Time,Medium,45 Days,6,71000
Tilda Newra,MBA,Sales Executive,Part Time,Medium,30 Days,1,62000
Raipur,B.Com,Business Analyst,Full Time,Medium,45 Days,15,144000
Naila Janjgir,M.Com,HR Executive,Full Time,Medium,15 Days,4,88000
Bemetra,BCA,Digital Marketing Executive,Full Time,Medium,2 Months,7,93000
Mungeli,10th Pass,Computer Operator,Full Time,Small,2 Months,10,17000
Mungeli,10th Pass,Sales Executive,Full Time,Medium,15 Days,0,13000
Durg,MA,Account Manager,Full Time,Small,15 Days,2,80000
Rajnandgaon,Diploma,Computer Operator,Full Time,Small,2 Months,7,27000
Rajnandgaon,MBA,Business Analyst,Full Time,Small,3 Months,10,150000
Mungeli,MBA,Business Analyst,Full Time,Large,45 Days,7,150000
Durg,BA,Account Manager,Full Time,Small,3 Months,6,55000
Raipur,BBA,Account Manager,Full Time,Small,30 Days,11,103000
Durg,M.Com,MIS Executive,Full Time,Large,45 Days,5,140000
Chirmiri,Diploma,Sales Executive,Full Time,Small,Immediately,6,37000
Jagdalpur,M.Com,Sales Executive,Part Time,Medium,15 Days,3,56000
Durg,12th Pass,Accountant,Full Time,Small,2 Months,4,26000
Rajnandgaon,MBA,MIS Executive,Part Time,Small,30 Days,2,67000
Mahasamund,BCA,Account Manager,Full Time,Medium,2 Months,6,100000
Tilda Newra,MA,Account Manager,Contract,Large,45 Days,11,150000
Durg,Diploma,Content Writer,Full Time,Medium,30 Days,4,34000
Ambikapur,Diploma,Computer Operator,Full Time,Medium,2 Months,7,33000
Mungeli,M.Com,MIS Executive,Full Time,Medium,3 Months,5,125000
Tilda Newra,MA,Account Manager,Full Time,Medium,45 Days,10,147000
Dhamtari,12th Pass,Computer Operator,Full Time,Large,30 Days,2,24000
Mahasamund,MA,Account Manager,Full Time,Large,30 Days,5,148000
Dhamtari,BBA,HR Executive,Full Time,Small,30 Days,8,65000
Dhamtari,MBA,HR Executive,Full Time,Large,30 Days,3,135000
Ambikapur,MBA,MIS Executive,Full Time,Large,30 Days,7,150000
Raipur,12th Pass,Content Writer,Full Time,Small,3 Months,12,36000
Sakti,M.Com,HR Executive,Full Time,Medium,15 Days,5,107000
Mahasamund,MA,MIS Executive,Full Time,Small,15 Days,7,108000
Manendragarh,10th Pass,Computer Operator,Full Time,Large,2 Months,7,23000
Bhilai,BBA,Sales Executive,Intern,Medium,30 Days,0,18000
Chirmiri,BBA,Sales Executive,Full Time,Small,30 Days,4,53000
Durg,BA,HR Executive,Contract,Large,2 Months,0,35000
Jagdalpur,12th Pass,Customer Support,Full Time,Medium,2 Months,3,21000
Sakti,10th Pass,Customer Support,Contract,Large,30 Days,2,15000
Bhatapara,BA,Digital Marketing Executive,Part Time,Large,Immediately,10,54000
Mahasamund,MBA,Digital Marketing Executive,Full Time,Small,2 Months,9,150000
Bhatapara,B.Com,Accountant,Part Time,Small,Immediately,1,22000
Bemetra,BBA,Business Analyst,Intern,Medium,2 Months,8,48000
Bhatapara,12th Pass,Sales Executive,Full Time,Large,30 Days,6,45000
Jagdalpur,BA,MIS Executive,Full Time,Medium,3 Months,4,47000
Raigarh,MA,HR Executive,Intern,Small,30 Days,10,36000
Durg,Diploma,Computer Operator,Intern,Large,15 Days,0,10000
Dalli-Rajhara,BCA,Digital Marketing Executive,Full Time,Medium,15 Days,8,102000
Manendragarh,MA,Sales Executive,Contract,Medium,2 Months,3,73000
Bhilai,BBA,Sales Executive,Contract,Medium,Immediately,1,47000
Rajnandgaon,B.Com,Sales Executive,Part Time,Small,30 Days,8,33000
Korba,10th Pass,Customer Support,Full Time,Small,Immediately,0,12000
Jagdalpur,B.Com,Business Analyst,Full Time,Medium,15 Days,4,74000
Raipur,10th Pass,Computer Operator,Full Time,Medium,45 Days,3,12000
Mungeli,M.Com,MIS Executive,Part Time,Medium,45 Days,14,119000
Mungeli,BCA,Digital Marketing Executive,Full Time,Medium,Immediately,6,86000
Bhatapara,BCA,Business Analyst,Full Time,Medium,30 Days,6,88000
Sakti,BA,Business Analyst,Full Time,Large,2 Months,8,92000
Bhatapara,BBA,Business Analyst,Full Time,Medium,30 Days,12,122000
Bhilai,10th Pass,Sales Executive,Full Time,Medium,15 Days,1,17000
Mungeli,BA,MIS Executive,Full Time,Large,2 Months,4,66000
Rajnandgaon,B.Com,Sales Executive,Intern,Small,15 Days,4,18000
Chirmiri,10th Pass,Sales Executive,Full Time,Small,30 Days,5,18000
Sakti,B.Com,Accountant,Contract,Small,30 Days,0,30000
Durg,M.Com,HR Executive,Contract,Small,30 Days,14,124000
Bemetra,BCA,Account Manager,Full Time,Medium,15 Days,3,67000
Korba,Diploma,Content Writer,Full Time,Medium,15 Days,3,28000
Tilda Newra,12th Pass,Computer Operator,Full Time,Small,45 Days,0,13000
Bemetra,12th Pass,Computer Operator,Intern,Large,2 Months,3,9000
Mungeli,M.Com,Digital Marketing Executive,Full Time,Small,3 Months,6,111000
Raipur,MA,Account Manager,Full Time,Medium,30 Days,11,150000
Bhilai,BA,MIS Executive,Full Time,Small,2 Months,4,46000
Mungeli,MBA,HR Executive,Full Time,Medium,30 Days,14,150000
Durg,BBA,HR Executive,Contract,Medium,15 Days,7,65000
Chirmiri,BA,Customer Support,Part Time,Small,15 Days,0,14000
Jagdalpur,BA,Business Analyst,Full Time,Medium,3 Months,6,71000
Durg,MA,HR Executive,Part Time,Small,Immediately,2,34000
Raipur,12th Pass,Sales Executive,Full Time,Medium,15 Days,9,44000
Rajnandgaon,B.Com,Sales Executive,Full Time,Medium,Immediately,1,48000
Bhatapara,MA,Account Manager,Full Time,Medium,30 Days,4,108000
Bemetra,MA,Digital Marketing Executive,Full Time,Medium,45 Days,2,79000
Mahasamund,BBA,Content Writer,Full Time,Large,15 Days,0,55000
Jagdalpur,BCA,Business Analyst,Full Time,Medium,30 Days,6,106000
Korba,10th Pass,Computer Operator,Intern,Small,15 Days,4,8000
Tilda Newra,B.Com,HR Executive,Full Time,Medium,2 Months,3,50000
Bilaspur,MA,Digital Marketing Executive,Full Time,Medium,15 Days,4,79000
Bhatapara,BCA,Business Analyst,Contract,Large,45 Days,7,135000
Rajnandgaon,BA,Sales Executive,Full Time,Medium,30 Days,2,39000
Raigarh,Diploma,Computer Operator,Full Time,Large,Immediately,7,36000
Raipur,B.Com,MIS Executive,Full Time,Small,3 Months,9,65000
Bhatapara,B.Com,Sales Executive,Intern,Large,45 Days,4,28000
Manendragarh,10th Pass,Sales Executive,Full Time,Medium,2 Months,5,20000
Dalli-Rajhara,BA,Content Writer,Contract,Medium,30 Days,1,26000
Bilaspur,MA,Digital Marketing Executive,Full Time,Small,45 Days,5,74000
Bhatapara,BBA,Digital Marketing Executive,Full Time,Small,3 Months,7,75000
Dhamtari,M.Com,HR Executive,Full Time,Large,45 Days,14,150000
Bhatapara,M.Com,Account Manager,Part Time,Large,15 Days,2,74000
Raipur,BA,Business Analyst,Full Time,Small,45 Days,3,50000
Rajnandgaon,BCA,Digital Marketing Executive,Full Time,Medium,3 Months,6,82000
Bhilai,M.Com,Account Manager,Intern,Small,Immediately,2,39000
Mahasamund,BCA,Business Analyst,Full Time,Small,3 Months,10,110000
Chirmiri,MBA,Business Analyst,Full Time,Small,30 Days,5,150000
Rajnandgaon,10th Pass,Computer Operator,Full Time,Small,45 Days,7,13000
Bhilai,B.Com,Business Analyst,Part Time,Large,45 Days,6,62000
Jagdalpur,MBA,Business Analyst,Contract,Large,2 Months,15,150000
Bilaspur,B.Com,Account Manager,Full Time,Medium,30 Days,3,64000
Raipur,B.Com,HR Executive,Contract,Medium,15 Days,6,56000
Tilda Newra,M.Com,Account Manager,Full Time,Medium,45 Days,14,150000
Dhamtari,10th Pass,Computer Operator,Part Time,Large,30 Days,7,12000
Ambikapur,BCA,Digital Marketing Executive,Intern,Medium,15 Days,2,28000
Dhamtari,M.Com,Digital Marketing Executive,Full Time,Medium,3 Months,8,142000
Bhilai,Diploma,Accountant,Full Time,Medium,3 Months,14,69000
Durg,12th Pass,Accountant,Full Time,Small,15 Days,1,21000
Dhamtari,12th Pass,Accountant,Contract,Small,2 Months,8,30000
Bilaspur,BA,MIS Executive,Full Time,Small,3 Months,5,43000
Manendragarh,MBA,MIS Executive,Full Time,Small,45 Days,6,145000
Bhilai,12th Pass,Accountant,Contract,Large,15 Days,1,25000
Mungeli,M.Com,Business Analyst,Full Time,Medium,2 Months,7,150000
Bhatapara,BBA,Sales Executive,Part Time,Small,15 Days,3,34000
Jagdalpur,BA,MIS Executive,Contract,Large,15 Days,12,91000
Sakti,MBA,Digital Marketing Executive,Part Time,Small,45 Days,2,65000
Bilaspur,MA,Account Manager,Intern,Small,45 Days,4,38000
Sakti,Diploma,Sales Executive,Full Time,Small,2 Months,12,51000
Korba,12th Pass,Customer Support,Full Time,Large,15 Days,3,28000
Raigarh,BA,Business Analyst,Full Time,Large,30 Days,4,78000
Bilaspur,BBA,Business Analyst,Full Time,Medium,30 Days,4,92000
Dalli-Rajhara,10th Pass,Computer Operator,Contract,Small,15 Days,7,12000
Sakti,10th Pass,Computer Operator,Full Time,Medium,45 Days,4,14000
Rajnandgaon,BCA,MIS Executive,Full Time,Medium,3 Months,10,89000
Korba,MBA,HR Executive,Full Time,Small,30 Days,9,120000
Raipur,M.Com,MIS Executive,Full Time,Small,3 Months,15,149000
Bemetra,BBA,Sales Executive,Part Time,Large,45 Days,12,74000
Manendragarh,M.Com,Sales Executive,Full Time,Medium,Immediately,1,72000
Ambikapur,BCA,MIS Executive,Full Time,Large,45 Days,10,142000
Bemetra,MA,MIS Executive,Contract,Small,30 Days,7,88000
Dalli-Rajhara,BBA,Digital Marketing Executive,Full Time,Large,15 Days,7,104000
Dalli-Rajhara,BA,Business Analyst,Intern,Large,15 Days,8,46000
Raigarh,MBA,Account Manager,Full Time,Medium,30 Days,11,150000
Durg,BCA,Digital Marketing Executive,Contract,Medium,2 Months,7,71000
Tilda Newra,MA,HR Executive,Full Time,Large,15 Days,4,104000
Mahasamund,MBA,MIS Executive,Full Time,Small,45 Days,11,150000
Manendragarh,BA,Business Analyst,Full Time,Large,2 Months,5,91000
Bilaspur,BCA,HR Executive,Full Time,Large,2 Months,2,62000
Korba,10th Pass,Sales Executive,Full Time,Small,45 Days,1,14000
Durg,BCA,Digital Marketing Executive,Full Time,Small,Immediately,10,87000
Durg,BA,HR Executive,Full Time,Small,30 Days,2,30000
Sakti,M.Com,HR Executive,Intern,Large,3 Months,15,83000
Dalli-Rajhara,M.Com,Digital Marketing Executive,Full Time,Small,45 Days,4,86000
Bhatapara,BBA,Digital Marketing Executive,Full Time,Medium,45 Days,10,121000
Jagdalpur,12th Pass,Sales Executive,Full Time,Large,3 Months,7,43000
Bilaspur,MA,Account Manager,Full Time,Large,3 Months,16,150000
Durg,10th Pass,Sales Executive,Full Time,Small,Immediately,4,16000
Bilaspur,BCA,HR Executive,Full Time,Medium,2 Months,2,55000
Durg,12th Pass,Content Writer,Full Time,Medium,30 Days,4,25000
Bilaspur,Diploma,Sales Executive,Part Time,Small,2 Months,5,24000
Sakti,10th Pass,Sales Executive,Full Time,Small,Immediately,1,13000
Raipur,M.Com,MIS Executive,Full Time,Large,15 Days,1,99000
Rajnandgaon,M.Com,Digital Marketing Executive,Full Time,Small,15 Days,5,102000
Rajnandgaon,BCA,HR Executive,Full Time,Medium,30 Days,1,48000
Bemetra,M.Com,HR Executive,Full Time,Small,Immediately,1,59000
Korba,B.Com,Sales Executive,Full Time,Medium,15 Days,4,58000
Bilaspur,M.Com,Digital Marketing Executive,Full Time,Medium,30 Days,6,132000
Bilaspur,M.Com,MIS Executive,Full Time,Medium,45 Days,15,150000
Mungeli,MA,MIS Executive,Full Time,Small,Immediately,1,67000
Mungeli,BA,Accountant,Full Time,Large,30 Days,1,49000
Jagdalpur,Diploma,Content Writer,Full Time,Large,2 Months,7,49000
Durg,BA,Digital Marketing Executive,Part Time,Small,45 Days,2,21000
Dhamtari,MA,MIS Executive,Full Time,Small,3 Months,5,80000
Ambikapur,M.Com,Sales Executive,Full Time,Small,Immediately,2,79000
Bilaspur,BA,MIS Executive,Full Time,Small,30 Days,5,46000
Tilda Newra,Diploma,Sales Executive,Part Time,Medium,30 Days,0,17000
Bhilai,M.Com,Account Manager,Full Time,Medium,30 Days,1,106000
Bemetra,BCA,Content Writer,Full Time,Large,45 Days,2,60000
Raigarh,10th Pass,Computer Operator,Full Time,Small,2 Months,9,16000
Jagdalpur,BCA,Content Writer,Contract,Small,Immediately,1,34000
Manendragarh,MBA,Business Analyst,Full Time,Small,30 Days,16,150000
Mahasamund,BBA,Content Writer,Full Time,Small,30 Days,2,36000
Tilda Newra,12th Pass,Accountant,Intern,Medium,15 Days,12,22000
Raipur,M.Com,Business Analyst,Full Time,Small,Immediately,14,150000
Korba,B.Com,Sales Executive,Full Time,Large,Immediately,7,84000
Bhilai,MBA,HR Executive,Contract,Large,3 Months,5,150000
Bilaspur,BA,Digital Marketing Executive,Full Time,Small,15 Days,5,44000
Jagdalpur,MA,Digital Marketing Executive,Full Time,Small,45 Days,9,115000
Bemetra,BA,HR Executive,Full Time,Large,Immediately,2,45000
Dhamtari,BA,Account Manager,Full Time,Small,30 Days,4,55000
Tilda Newra,10th Pass,Computer Operator,Full Time,Medium,3 Months,7,17000
Raipur,12th Pass,Content Writer,Contract,Small,45 Days,1,16000
Bhatapara,B.Com,Sales Executive,Part Time,Small,Immediately,1,21000
Chirmiri,Diploma,Computer Operator,Part Time,Small,45 Days,9,17000
Manendragarh,MBA,MIS Executive,Contract,Large,2 Months,8,150000
Jagdalpur,BCA,Account Manager,Contract,Medium,Immediately,7,91000
Manendragarh,BBA,Business Analyst,Contract,Large,15 Days,3,85000
Bhilai,B.Com,Sales Executive,Full Time,Large,30 Days,1,57000
Durg,M.Com,HR Executive,Full Time,Medium,30 Days,10,131000
Bemetra,BCA,Content Writer,Full Time,Large,2 Months,2,61000
Manendragarh,BA,MIS Executive,Full Time,Large,2 Months,12,109000
Korba,MBA,Digital Marketing Executive,Part Time,Large,45 Days,9,148000
Raipur,Diploma,Computer Operator,Contract,Large,15 Days,1,25000
Jagdalpur,Diploma,Customer Support,Part Time,Medium,2 Months,7,22000
Manendragarh,10th Pass,Computer Operator,Full Time,Medium,2 Months,5,14000
Raigarh,10th Pass,Sales Executive,Full Time,Medium,3 Months,1,16000
Jagdalpur,B.Com,HR Executive,Full Time,Large,3 Months,5,75000
Bhilai,BCA,Business Analyst,Contract,Small,45 Days,9,83000
Korba,Diploma,Accountant,Full Time,Medium,15 Days,5,43000
Raipur,B.Com,HR Executive,Full Time,Large,15 Days,1,52000
Sakti,Diploma,Computer Operator,Intern,Medium,2 Months,11,14000
Sakti,BCA,HR Executive,Contract,Medium,15 Days,2,52000
Raipur,Diploma,Sales Executive,Contract,Large,30 Days,3,44000
Mungeli,12th Pass,Content Writer,Full Time,Small,2 Months,8,28000
Mungeli,10th Pass,Customer Support,Part Time,Small,Immediately,0,12000
Mungeli,B.Com,Digital Marketing Executive,Contract,Small,3 Months,6,55000
Ambikapur,10th Pass,Sales Executive,Full Time,Medium,45 Days,6,22000
Bhatapara,Diploma,Customer Support,Full Time,Medium,45 Days,7,35000
Bhatapara,12th Pass,Content Writer,Intern,Small,45 Days,9,11000
Raigarh,BCA,Account Manager,Full Time,Small,15 Days,4,82000
Chirmiri,B.Com,HR Executive,Full Time,Medium,30 Days,2,38000
Rajnandgaon,Diploma,Accountant,Full Time,Small,Immediately,1,28000
Sakti,B.Com,Sales Executive,Full Time,Medium,30 Days,7,72000
Bilaspur,M.Com,HR Executive,Intern,Large,3 Months,5,45000
Dalli-Rajhara,BA,Sales Executive,Full Time,Medium,Immediately,0,35000
Korba,12th Pass,Sales Executive,Full Time,Medium,30 Days,4,33000
Tilda Newra,12th Pass,Sales Executive,Full Time,Large,Immediately,1,28000
Tilda Newra,BA,HR Executive,Full Time,Large,45 Days,5,64000
Bhilai,BBA,Digital Marketing Executive,Full Time,Large,2 Months,11,119000
Raipur,BBA,HR Executive,Part Time,Medium,45 Days,7,46000
Bhatapara,12th Pass,Sales Executive,Full Time,Medium,45 Days,5,31000
Manendragarh,10th Pass,Customer Support,Full Time,Small,30 Days,0,12000
Chirmiri,B.Com,Content Writer,Part Time,Small,15 Days,1,17000
Durg,BCA,Digital Marketing Executive,Part Time,Large,2 Months,2,46000
Bilaspur,B.Com,Sales Executive,Full Time,Large,2 Months,7,80000
Rajnandgaon,MA,Business Analyst,Contract,Small,Immediately,9,103000
Dalli-Rajhara,MA,MIS Executive,Full Time,Large,45 Days,4,110000
Mungeli,Diploma,Accountant,Full Time,Large,2 Months,5,51000
Durg,M.Com,Digital Marketing Executive,Contract,Medium,Immediately,1,77000
Bemetra,MBA,HR Executive,Full Time,Medium,45 Days,3,105000
Bhatapara,MBA,MIS Executive,Full Time,Large,2 Months,9,150000
Mungeli,Diploma,Computer Operator,Full Time,Large,3 Months,8,40000
Rajnandgaon,B.Com,Content Writer,Part Time,Large,Immediately,0,24000
Bhatapara,10th Pass,Customer Support,Part Time,Large,45 Days,2,12000
Mahasamund,12th Pass,Customer Support,Full Time,Medium,15 Days,4,23000
Dhamtari,BA,Sales Executive,Full Time,Small,2 Months,5,41000
Jagdalpur,MA,MIS Executive,Full Time,Small,3 Months,16,136000
Mahasamund,BA,Digital Marketing Executive,Full Time,Small,15 Days,1,35000
Sakti,B.Com,Content Writer,Contract,Small,15 Days,2,32000
Bhatapara,B.Com,Accountant,Full Time,Medium,2 Months,1,41000
Raipur,BA,MIS Executive,Full Time,Large,45 Days,14,121000
Bemetra,BBA,HR Executive,Contract,Small,2 Months,4,45000
Rajnandgaon,12th Pass,Content Writer,Full Time,Small,3 Months,12,31000
Bhatapara,10th Pass,Computer Operator,Full Time,Medium,15 Days,2,12000
Bemetra,BBA,Customer Support,Contract,Small,30 Days,2,34000
Bilaspur,BBA,MIS Executive,Intern,Small,30 Days,10,39000
Bilaspur,12th Pass,Sales Executive,Full Time,Medium,30 Days,6,38000
Bemetra,MA,Business Analyst,Part Time,Large,2 Months,9,101000
Chirmiri,BBA,Sales Executive,Full Time,Medium,15 Days,11,103000
Mungeli,BA,Sales Executive,Part Time,Medium,45 Days,5,29000
Mahasamund,Diploma,Accountant,Contract,Large,30 Days,5,50000
Bemetra,BA,HR Executive,Full Time,Medium,15 Days,12,81000
Raipur,12th Pass,Computer Operator,Contract,Small,Immediately,9,18000
Jagdalpur,BCA,Sales Executive,Intern,Small,15 Days,3,24000
Raigarh,12th Pass,Sales Executive,Full Time,Small,45 Days,8,34000
Bhilai,BA,Digital Marketing Executive,Full Time,Medium,2 Months,2,43000
Tilda Newra,MA,Account Manager,Intern,Large,30 Days,8,69000
Korba,MBA,MIS Executive,Full Time,Large,30 Days,12,150000
Durg,Diploma,Customer Support,Full Time,Large,3 Months,12,64000
Korba,12th Pass,Sales Executive,Full Time,Small,3 Months,7,33000
Durg,MA,Business Analyst,Full Time,Large,30 Days,7,150000
Tilda Newra,MBA,Account Manager,Full Time,Medium,15 Days,9,150000
Chirmiri,B.Com,MIS Executive,Full Time,Large,45 Days,5,85000
Mungeli,10th Pass,Computer Operator,Full Time,Large,30 Days,4,16000
Naila Janjgir,12th Pass,Customer Support,Full Time,Small,15 Days,4,18000
Sakti,MBA,Account Manager,Full Time,Large,30 Days,15,150000
Rajnandgaon,Diploma,Content Writer,Full Time,Small,45 Days,3,27000
Rajnandgaon,BCA,HR Executive,Part Time,Medium,45 Days,2,32000
Ambikapur,M.Com,Digital Marketing Executive,Full Time,Medium,2 Months,9,150000
Jagdalpur,MBA,Digital Marketing Executive,Full Time,Small,30 Days,7,147000
Naila Janjgir,MBA,Account Manager,Contract,Large,2 Months,2,146000
Mahasamund,Diploma,Sales Executive,Part Time,Small,30 Days,2,19000
Korba,12th Pass,Computer Operator,Intern,Large,3 Months,5,10000
Chirmiri,10th Pass,Computer Operator,Full Time,Medium,2 Months,5,13000
Tilda Newra,10th Pass,Sales Executive,Part Time,Large,2 Months,7,18000
Mungeli,MA,Sales Executive,Full Time,Medium,45 Days,4,76000
Jagdalpur,10th Pass,Customer Support,Part Time,Medium,2 Months,2,12000
Raigarh,12th Pass,Customer Support,Full Time,Large,2 Months,2,25000
Raipur,MA,Digital Marketing Executive,Full Time,Small,45 Days,10,120000
Sakti,BBA,Account Manager,Intern,Medium,Immediately,3,32000
Bilaspur,MA,MIS Executive,Full Time,Large,30 Days,15,150000
Bhilai,MBA,HR Executive,Part Time,Large,45 Days,3,78000
Bhilai,12th Pass,Sales Executive,Part Time,Large,15 Days,1,19000
Bemetra,M.Com,Account Manager,Full Time,Large,Immediately,11,150000
Rajnandgaon,B.Com,Digital Marketing Executive,Part Time,Medium,30 Days,0,26000
Bhilai,Diploma,Customer Support,Full Time,Small,2 Months,9,36000
Mahasamund,Diploma,Accountant,Full Time,Small,30 Days,10,47000
Bhatapara,MA,Digital Marketing Executive,Part Time,Small,2 Months,6,54000
Tilda Newra,MA,MIS Executive,Part Time,Small,15 Days,3,40000
Mahasamund,BBA,Sales Executive,Full Time,Large,30 Days,5,90000
Korba,10th Pass,Sales Executive,Full Time,Small,15 Days,0,12000
Tilda Newra,MA,MIS Executive,Full Time,Medium,30 Days,4,91000
Raipur,12th Pass,Accountant,Full Time,Medium,15 Days,6,34000
Raipur,12th Pass,Customer Support,Part Time,Small,2 Months,2,12000
Sakti,10th Pass,Customer Support,Full Time,Large,30 Days,3,18000
Dhamtari,B.Com,MIS Executive,Part Time,Medium,3 Months,5,40000
Dalli-Rajhara,Diploma,Content Writer,Full Time,Small,45 Days,9,42000
Dalli-Rajhara,M.Com,HR Executive,Full Time,Large,30 Days,4,123000
Manendragarh,MBA,Business Analyst,Full Time,Small,3 Months,9,150000
Bilaspur,Diploma,Computer Operator,Full Time,Medium,15 Days,1,19000
Durg,10th Pass,Customer Support,Contract,Small,Immediately,1,12000
Bhilai,MBA,Account Manager,Full Time,Large,Immediately,7,150000
Dalli-Rajhara,M.Com,MIS Executive,Full Time,Large,Immediately,8,147000
Bhatapara,BBA,Sales Executive,Part Time,Small,3 Months,11,48000
Durg,BA,Digital Marketing Executive,Full Time,Medium,45 Days,10,81000
Bhatapara,MBA,Sales Executive,Full Time,Medium,15 Days,1,103000
Sakti,12th Pass,Content Writer,Full Time,Medium,15 Days,6,25000
Sakti,BCA,Digital Marketing Executive,Contract,Large,30 Days,1,57000
Rajnandgaon,BBA,Customer Support,Full Time,Small,30 Days,1,34000
Mungeli,MA,HR Executive,Full Time,Medium,2 Months,13,121000
Manendragarh,12th Pass,Accountant,Full Time,Large,45 Days,9,46000
Tilda Newra,BBA,Content Writer,Full Time,Large,Immediately,0,48000
Sakti,Diploma,Accountant,Intern,Small,30 Days,4,13000
Korba,BCA,HR Executive,Full Time,Small,15 Days,6,64000
Rajnandgaon,Diploma,Sales Executive,Full Time,Large,Immediately,6,60000
Chirmiri,12th Pass,Customer Support,Full Time,Large,2 Months,6,32000
Durg,MA,HR Executive,Intern,Medium,45 Days,3,30000
Durg,BCA,Account Manager,Contract,Large,3 Months,14,143000
Mungeli,12th Pass,Accountant,Contract,Large,30 Days,2,29000
Bilaspur,MBA,Account Manager,Full Time,Small,Immediately,18,150000
Bhatapara,12th Pass,Customer Support,Full Time,Large,45 Days,7,33000
Sakti,12th Pass,Content Writer,Part Time,Medium,45 Days,12,25000
Tilda Newra,Diploma,Accountant,Full Time,Large,30 Days,6,54000
Sakti,12th Pass,Sales Executive,Full Time,Medium,45 Days,6,35000
Manendragarh,BBA,HR Executive,Full Time,Large,45 Days,4,80000
Dhamtari,MBA,Account Manager,Full Time,Large,2 Months,7,150000
Ambikapur,MA,Account Manager,Full Time,Large,30 Days,9,150000
Bhilai,MBA,Digital Marketing Executive,Full Time,Medium,3 Months,9,150000
Mungeli,BA,Sales Executive,Intern,Large,45 Days,2,19000
Korba,M.Com,Digital Marketing Executive,Full Time,Medium,Immediately,1,88000
Bemetra,MA,Business Analyst,Full Time,Small,15 Days,7,116000
Dalli-Rajhara,BBA,HR Executive,Full Time,Small,30 Days,2,40000
Mahasamund,Diploma,Computer Operator,Full Time,Large,45 Days,10,51000
Tilda Newra,Diploma,Computer Operator,Full Time,Small,45 Days,4,23000
Sakti,BBA,Account Manager,Full Time,Medium,Immediately,4,86000
Bemetra,12th Pass,Computer Operator,Full Time,Large,45 Days,7,29000
Korba,10th Pass,Sales Executive,Full Time,Small,45 Days,8,23000
Rajnandgaon,12th Pass,Accountant,Full Time,Medium,3 Months,8,40000
Bhatapara,M.Com,MIS Executive,Full Time,Large,30 Days,4,140000
Mahasamund,BCA,Customer Support,Full Time,Large,15 Days,1,46000
Bilaspur,MA,Account Manager,Part Time,Large,3 Months,10,117000
Durg,10th Pass,Customer Support,Part Time,Medium,Immediately,0,12000
Mahasamund,M.Com,MIS Executive,Full Time,Small,2 Months,11,129000
Tilda Newra,BCA,Content Writer,Full Time,Small,15 Days,0,33000
Bilaspur,Diploma,Customer Support,Contract,Medium,3 Months,4,26000
Dalli-Rajhara,M.Com,MIS Executive,Full Time,Small,45 Days,7,113000
Naila Janjgir,BCA,Business Analyst,Full Time,Medium,Immediately,5,104000
Bemetra,B.Com,Sales Executive,Full Time,Small,30 Days,11,71000
Rajnandgaon,BA,HR Executive,Full Time,Medium,30 Days,8,53000
Raipur,MA,HR Executive,Contract,Large,30 Days,4,84000
Tilda Newra,Diploma,Content Writer,Full Time,Large,30 Days,7,45000
Rajnandgaon,12th Pass,Sales Executive,Contract,Medium,Immediately,0,21000
Mungeli,M.Com,HR Executive,Full Time,Large,15 Days,12,150000
Bhatapara,10th Pass,Sales Executive,Full Time,Medium,3 Months,4,21000
Raipur,Diploma,Content Writer,Full Time,Medium,3 Months,5,33000
Korba,Diploma,Sales Executive,Full Time,Large,30 Days,6,51000
Sakti,MBA,Digital Marketing Executive,Full Time,Large,2 Months,7,150000
Rajnandgaon,Diploma,Accountant,Full Time,Medium,45 Days,4,38000
Bilaspur,B.Com,MIS Executive,Full Time,Small,45 Days,9,65000
Durg,MBA,Account Manager,Full Time,Small,15 Days,3,146000
Tilda Newra,BCA,HR Executive,Contract,Large,2 Months,11,113000
Dhamtari,BA,HR Executive,Full Time,Large,2 Months,8,63000
Tilda Newra,M.Com,HR Executive,Full Time,Medium,45 Days,3,88000
Ambikapur,MA,Business Analyst,Full Time,Medium,30 Days,11,150000
Bemetra,BBA,Customer Support,Full Time,Small,15 Days,2,33000
Naila Janjgir,12th Pass,Content Writer,Full Time,Medium,45 Days,5,25000
Ambikapur,Diploma,Computer Operator,Full Time,Medium,2 Months,4,26000
Bemetra,B.Com,Sales Executive,Full Time,Small,2 Months,7,55000
Manendragarh,B.Com,HR Executive,Intern,Medium,15 Days,1,16000
Dalli-Rajhara,BA,Sales Executive,Full Time,Large,2 Months,11,100000
Sakti,MA,MIS Executive,Full Time,Large,45 Days,6,125000
Durg,Diploma,Sales Executive,Intern,Large,30 Days,3,20000
Jagdalpur,Diploma,Accountant,Full Time,Large,30 Days,3,47000
Tilda Newra,Diploma,Accountant,Full Time,Small,3 Months,15,67000
Manendragarh,Diploma,Accountant,Full Time,Small,Immediately,0,22000
Durg,BBA,Sales Executive,Part Time,Large,15 Days,0,33000
Manendragarh,10th Pass,Sales Executive,Full Time,Large,30 Days,5,23000
Dhamtari,BCA,Account Manager,Contract,Small,30 Days,6,80000
Mungeli,BBA,Accountant,Part Time,Small,Immediately,1,29000
Dhamtari,M.Com,Sales Executive,Contract,Medium,30 Days,4,100000
Naila Janjgir,10th Pass,Computer Operator,Contract,Medium,Immediately,5,13000
Naila Janjgir,B.Com,Business Analyst,Full Time,Small,3 Months,14,95000
Raipur,BA,Sales Executive,Full Time,Large,15 Days,1,49000
Manendragarh,BBA,Business Analyst,Full Time,Medium,2 Months,10,141000
Raipur,MA,HR Executive,Part Time,Medium,2 Months,9,63000
Sakti,BCA,Sales Executive,Full Time,Large,30 Days,6,103000
Manendragarh,M.Com,HR Executive,Contract,Large,45 Days,7,138000
Raipur,MBA,Digital Marketing Executive,Part Time,Medium,45 Days,10,125000
Bemetra,MA,Business Analyst,Full Time,Small,3 Months,7,118000
Raipur,B.Com,Content Writer,Intern,Medium,30 Days,2,17000
Naila Janjgir,MA,HR Executive,Full Time,Medium,30 Days,3,75000
Tilda Newra,MBA,Account Manager,Full Time,Medium,15 Days,2,136000
Sakti,M.Com,MIS Executive,Contract,Medium,30 Days,2,77000
Naila Janjgir,MBA,Business Analyst,Part Time,Small,3 Months,10,130000
Manendragarh,B.Com,Sales Executive,Part Time,Medium,30 Days,2,26000
Sakti,BA,Account Manager,Full Time,Small,3 Months,8,58000
Bhatapara,MA,HR Executive,Contract,Small,45 Days,1,51000
Tilda Newra,MBA,Sales Executive,Full Time,Small,2 Months,3,111000
Mungeli,BCA,Content Writer,Contract,Large,30 Days,1,51000
Durg,MBA,Digital Marketing Executive,Contract,Medium,30 Days,3,128000
Manendragarh,10th Pass,Customer Support,Part Time,Large,45 Days,0,12000
Durg,10th Pass,Computer Operator,Full Time,Medium,Immediately,3,14000
Sakti,BBA,Account Manager,Full Time,Small,Immediately,13,104000
Ambikapur,B.Com,Content Writer,Contract,Large,30 Days,0,38000
Dhamtari,BCA,HR Executive,Part Time,Small,15 Days,5,34000
Chirmiri,MA,Digital Marketing Executive,Full Time,Small,15 Days,4,72000
Tilda Newra,12th Pass,Customer Support,Part Time,Small,3 Months,12,18000
Korba,12th Pass,Sales Executive,Part Time,Medium,45 Days,2,16000
Chirmiri,12th Pass,Customer Support,Full Time,Medium,45 Days,2,19000
Ambikapur,Diploma,Content Writer,Part Time,Large,30 Days,0,18000
Manendragarh,BBA,MIS Executive,Full Time,Large,30 Days,12,141000
Bhatapara,BA,MIS Executive,Full Time,Small,30 Days,15,73000
Naila Janjgir,BCA,MIS Executive,Full Time,Large,15 Days,10,132000
Bilaspur,MA,MIS Executive,Contract,Large,45 Days,1,73000
Bhilai,BCA,Sales Executive,Full Time,Small,15 Days,12,86000
Mahasamund,BA,HR Executive,Contract,Medium,15 Days,0,29000
Bemetra,Diploma,Content Writer,Intern,Medium,15 Days,0,9000
Korba,12th Pass,Sales Executive,Part Time,Small,15 Days,0,12000
Bilaspur,10th Pass,Sales Executive,Full Time,Small,30 Days,3,18000
Sakti,B.Com,HR Executive,Full Time,Medium,3 Months,15,86000
Naila Janjgir,10th Pass,Computer Operator,Full Time,Large,15 Days,10,22000
Chirmiri,B.Com,HR Executive,Full Time,Large,30 Days,11,92000
Bemetra,10th Pass,Sales Executive,Intern,Small,2 Months,9,9000
Korba,MA,Digital Marketing Executive,Contract,Small,45 Days,5,78000
Bemetra,BCA,HR Executive,Intern,Small,3 Months,4,21000
Jagdalpur,Diploma,Computer Operator,Full Time,Medium,30 Days,12,36000
Sakti,10th Pass,Sales Executive,Full Time,Small,30 Days,3,17000
Naila Janjgir,M.Com,MIS Executive,Full Time,Medium,2 Months,9,150000
Raigarh,M.Com,Account Manager,Part Time,Large,30 Days,3,98000
Naila Janjgir,BBA,Business Analyst,Part Time,Medium,3 Months,6,54000
Tilda Newra,Diploma,Sales Executive,Intern,Small,15 Days,0,9000
Sakti,BCA,Digital Marketing Executive,Full Time,Small,45 Days,4,66000
Bhilai,BBA,MIS Executive,Full Time,Small,2 Months,9,88000
Jagdalpur,BA,MIS Executive,Full Time,Small,3 Months,7,52000
Durg,BCA,Sales Executive,Full Time,Medium,15 Days,2,61000
Mahasamund,BCA,Business Analyst,Full Time,Large,3 Months,9,150000
Rajnandgaon,Diploma,Computer Operator,Full Time,Medium,3 Months,6,30000
Naila Janjgir,Diploma,Customer Support,Full Time,Medium,30 Days,12,48000
Naila Janjgir,10th Pass,Computer Operator,Full Time,Small,15 Days,1,12000
Rajnandgaon,M.Com,Digital Marketing Executive,Full Time,Small,45 Days,4,86000
Tilda Newra,M.Com,HR Executive,Full Time,Large,30 Days,14,150000
Chirmiri,12th Pass,Accountant,Full Time,Medium,Immediately,1,23000
Bhilai,MBA,Account Manager,Full Time,Medium,Immediately,8,150000
Bemetra,B.Com,Sales Executive,Full Time,Small,3 Months,13,74000
Ambikapur,MA,MIS Executive,Intern,Medium,30 Days,3,30000
Raipur,M.Com,Account Manager,Full Time,Small,30 Days,8,123000
Ambikapur,BBA,Sales Executive,Full Time,Small,30 Days,2,45000
Durg,Diploma,Sales Executive,Intern,Medium,3 Months,14,29000
Raipur,10th Pass,Sales Executive,Full Time,Small,30 Days,5,19000
Naila Janjgir,Diploma,Customer Support,Full Time,Medium,2 Months,2,24000
Mungeli,B.Com,Digital Marketing Executive,Full Time,Small,3 Months,7,60000
Bemetra,10th Pass,Customer Support,Intern,Small,15 Days,0,8000
Korba,MA,Account Manager,Full Time,Small,2 Months,9,122000
Bilaspur,12th Pass,Accountant,Full Time,Small,3 Months,3,25000
Ambikapur,10th Pass,Sales Executive,Full Time,Small,30 Days,5,16000
Raipur,BBA,Business Analyst,Full Time,Large,45 Days,13,150000
Bilaspur,BA,Business Analyst,Full Time,Medium,30 Days,10,85000
Sakti,BA,Customer Support,Contract,Medium,30 Days,0,21000
Dhamtari,BA,HR Executive,Part Time,Large,45 Days,3,29000
Naila Janjgir,BCA,Digital Marketing Executive,Full Time,Small,30 Days,6,72000
Raigarh,12th Pass,Computer Operator,Part Time,Medium,45 Days,1,12000
Bhilai,M.Com,Account Manager,Full Time,Large,45 Days,5,150000
Bhilai,MBA,HR Executive,Full Time,Large,45 Days,18,150000
Ambikapur,12th Pass,Content Writer,Full Time,Small,30 Days,4,19000
Bilaspur,BCA,MIS Executive,Full Time,Medium,30 Days,11,98000
Durg,10th Pass,Computer Operator,Part Time,Large,3 Months,6,12000
Naila Janjgir,B.Com,MIS Executive,Full Time,Large,2 Months,12,122000
Raigarh,MBA,Digital Marketing Executive,Intern,Medium,45 Days,5,67000
Dalli-Rajhara,BCA,Account Manager,Contract,Small,15 Days,6,67000
Mahasamund,10th Pass,Sales Executive,Intern,Large,15 Days,0,8000
Sakti,BA,MIS Executive,Full Time,Medium,3 Months,5,56000
Jagdalpur,BBA,Digital Marketing Executive,Part Time,Medium,30 Days,4,39000
Ambikapur,12th Pass,Sales Executive,Full Time,Large,30 Days,10,53000
Dhamtari,BA,MIS Executive,Full Time,Small,15 Days,9,56000
Manendragarh,MBA,HR Executive,Part Time,Large,Immediately,1,76000
Chirmiri,Diploma,Sales Executive,Full Time,Large,Immediately,1,37000
Dalli-Rajhara,Diploma,Customer Support,Part Time,Large,15 Days,4,24000
Rajnandgaon,MBA,Account Manager,Contract,Large,2 Months,8,150000
Naila Janjgir,B.Com,Digital Marketing Executive,Full Time,Medium,45 Days,8,73000
Ambikapur,BBA,Sales Executive,Part Time,Small,Immediately,0,25000
Raipur,Diploma,Sales Executive,Full Time,Medium,45 Days,11,59000
Durg,Diploma,Customer Support,Full Time,Medium,30 Days,2,24000
Sakti,BA,Digital Marketing Executive,Part Time,Large,45 Days,4,36000
Raigarh,12th Pass,Sales Executive,Full Time,Small,30 Days,1,19000
Rajnandgaon,BA,Accountant,Contract,Large,45 Days,0,37000
Raigarh,B.Com,HR Executive,Full Time,Small,30 Days,12,75000
Bemetra,BBA,Sales Executive,Full Time,Large,15 Days,3,84000
Jagdalpur,BBA,Digital Marketing Executive,Full Time,Medium,45 Days,8,101000
Bilaspur,12th Pass,Content Writer,Full Time,Large,2 Months,12,49000
Bhatapara,M.Com,Account Manager,Full Time,Small,45 Days,16,150000
Rajnandgaon,M.Com,HR Executive,Full Time,Large,3 Months,9,150000
Ambikapur,BA,Sales Executive,Full Time,Medium,30 Days,12,72000
Korba,BBA,HR Executive,Intern,Small,3 Months,11,32000
Manendragarh,MA,Sales Executive,Contract,Large,30 Days,3,93000
Bilaspur,Diploma,Content Writer,Full Time,Medium,3 Months,5,36000
Tilda Newra,B.Com,Digital Marketing Executive,Full Time,Small,2 Months,6,56000
Tilda Newra,MBA,HR Executive,Full Time,Large,2 Months,4,150000
Jagdalpur,M.Com,HR Executive,Full Time,Medium,30 Days,1,70000
Chirmiri,BA,HR Executive,Full Time,Medium,2 Months,7,50000
Durg,B.Com,HR Executive,Full Time,Medium,2 Months,1,36000
Sakti,B.Com,Account Manager,Full Time,Large,45 Days,4,82000
Rajnandgaon,B.Com,MIS Executive,Full Time,Small,Immediately,7,55000
Durg,BA,Account Manager,Contract,Large,45 Days,15,111000
Jagdalpur,Diploma,Accountant,Full Time,Large,2 Months,3,46000
Tilda Newra,MBA,HR Executive,Full Time,Small,45 Days,10,147000
Naila Janjgir,MA,Account Manager,Full Time,Large,2 Months,15,150000
Tilda Newra,MA,HR Executive,Full Time,Large,30 Days,18,150000
Raigarh,MA,Digital Marketing Executive,Full Time,Small,2 Months,19,150000
Jagdalpur,10th Pass,Computer Operator,Full Time,Small,30 Days,9,15000
Ambikapur,10th Pass,Customer Support,Full Time,Medium,45 Days,8,21000
Naila Janjgir,10th Pass,Sales Executive,Full Time,Medium,30 Days,3,19000
Durg,BCA,MIS Executive,Part Time,Medium,30 Days,7,54000
Raipur,10th Pass,Computer Operator,Full Time,Medium,30 Days,2,12000
Dalli-Rajhara,MA,HR Executive,Full Time,Large,45 Days,12,149000
Bhatapara,MA,MIS Executive,Full Time,Small,Immediately,3,71000
Rajnandgaon,10th Pass,Computer Operator,Full Time,Large,30 Days,2,14000
Bemetra,12th Pass,Accountant,Part Time,Large,2 Months,8,29000
Dhamtari,BCA,Digital Marketing Executive,Part Time,Medium,3 Months,6,51000
Dhamtari,BBA,Account Manager,Full Time,Large,30 Days,4,101000
Sakti,MA,Digital Marketing Executive,Full Time,Medium,45 Days,5,94000
Manendragarh,10th Pass,Sales Executive,Full Time,Small,Immediately,5,18000
Sakti,MA,Account Manager,Part Time,Large,2 Months,15,150000
Raipur,BCA,Sales Executive,Full Time,Large,Immediately,2,76000
Chirmiri,10th Pass,Sales Executive,Full Time,Small,45 Days,2,14000
Jagdalpur,MA,HR Executive,Full Time,Small,15 Days,3,58000
Sakti,12th Pass,Customer Support,Part Time,Small,15 Days,4,12000
Mahasamund,Diploma,Content Writer,Contract,Medium,45 Days,8,36000
Manendragarh,MA,Business Analyst,Intern,Medium,15 Days,8,56000
Dhamtari,12th Pass,Accountant,Full Time,Small,30 Days,2,20000
Bilaspur,BBA,MIS Executive,Full Time,Small,30 Days,14,106000
Dhamtari,Diploma,Customer Support,Full Time,Medium,15 Days,3,25000
Sakti,BCA,HR Executive,Full Time,Medium,2 Months,7,77000
Mahasamund,M.Com,HR Executive,Full Time,Large,15 Days,10,150000
Tilda Newra,MA,Business Analyst,Contract,Medium,15 Days,15,150000
Korba,BCA,Account Manager,Full Time,Small,2 Months,5,68000
Dalli-Rajhara,Diploma,Computer Operator,Full Time,Medium,45 Days,11,41000
Korba,Diploma,Accountant,Part Time,Large,Immediately,2,24000
Raipur,MA,Account Manager,Full Time,Small,30 Days,15,150000
Chirmiri,12th Pass,Content Writer,Full Time,Small,30 Days,3,21000
Bilaspur,B.Com,Digital Marketing Executive,Full Time,Small,30 Days,9,69000
Manendragarh,Diploma,Accountant,Part Time,Medium,30 Days,15,36000
Durg,Diploma,Content Writer,Part Time,Large,45 Days,4,23000
Dhamtari,MBA,Account Manager,Contract,Small,15 Days,11,150000
Bhilai,BCA,HR Executive,Full Time,Medium,2 Months,7,69000
Rajnandgaon,12th Pass,Accountant,Full Time,Medium,30 Days,6,35000
Mahasamund,MBA,Account Manager,Contract,Large,15 Days,8,150000
Bhatapara,MA,MIS Executive,Full Time,Large,30 Days,12,150000
Sakti,BBA,Business Analyst,Part Time,Small,Immediately,3,45000
Jagdalpur,12th Pass,Sales Executive,Full Time,Large,45 Days,4,41000
Bilaspur,MA,Digital Marketing Executive,Full Time,Medium,Immediately,2,75000
Rajnandgaon,Diploma,Computer Operator,Full Time,Large,2 Months,4,34000
Ambikapur,Diploma,Content Writer,Full Time,Small,45 Days,7,31000
Rajnandgaon,BCA,Content Writer,Part Time,Medium,30 Days,1,28000
Raipur,BA,Digital Marketing Executive,Full Time,Large,30 Days,8,85000
Dhamtari,MBA,Business Analyst,Part Time,Large,45 Days,16,150000
Raipur,10th Pass,Computer Operator,Part Time,Medium,15 Days,0,12000
Naila Janjgir,MA,Account Manager,Full Time,Medium,2 Months,12,150000
Jagdalpur,BBA,Business Analyst,Full Time,Medium,3 Months,5,101000
Raipur,Diploma,Customer Support,Full Time,Medium,30 Days,14,47000
Rajnandgaon,MA,HR Executive,Full Time,Small,15 Days,6,79000
Mahasamund,BA,Accountant,Part Time,Medium,45 Days,2,24000
Rajnandgaon,MBA,Digital Marketing Executive,Full Time,Large,45 Days,3,150000
Mungeli,BA,Sales Executive,Full Time,Small,30 Days,4,36000
Bilaspur,12th Pass,Sales Executive,Full Time,Medium,2 Months,4,31000
Korba,12th Pass,Customer Support,Contract,Small,30 Days,6,19000
Manendragarh,M.Com,Sales Executive,Contract,Small,30 Days,2,73000
Bhilai,BCA,Sales Executive,Full Time,Large,45 Days,7,91000
Bilaspur,BCA,Account Manager,Full Time,Medium,3 Months,12,144000
Mahasamund,M.Com,HR Executive,Intern,Large,2 Months,6,55000
Dalli-Rajhara,BCA,Sales Executive,Full Time,Large,30 Days,7,99000
Raigarh,BA,Account Manager,Full Time,Small,2 Months,8,55000
Tilda Newra,BCA,Customer Support,Contract,Large,15 Days,1,48000
Korba,12th Pass,Content Writer,Full Time,Medium,30 Days,4,26000
Raigarh,M.Com,MIS Executive,Full Time,Small,Immediately,3,83000
Raipur,BA,Digital Marketing Executive,Full Time,Small,2 Months,2,38000
Raipur,BBA,Account Manager,Full Time,Medium,30 Days,3,72000
Chirmiri,M.Com,Business Analyst,Full Time,Large,3 Months,14,150000
Naila Janjgir,MA,Business Analyst,Full Time,Medium,45 Days,10,150000
Raigarh,BBA,Sales Executive,Full Time,Large,30 Days,8,124000
Durg,BBA,HR Executive,Full Time,Large,15 Days,10,114000
Jagdalpur,BA,Account Manager,Full Time,Medium,3 Months,7,73000
Jagdalpur,BBA,HR Executive,Part Time,Large,Immediately,2,40000
Bemetra,BBA,Content Writer,Contract,Large,30 Days,2,58000
Bhatapara,10th Pass,Customer Support,Full Time,Small,30 Days,3,12000
Bhilai,MA,HR Executive,Part Time,Large,30 Days,9,67000
Naila Janjgir,MA,Business Analyst,Full Time,Large,30 Days,7,150000
Chirmiri,M.Com,Digital Marketing Executive,Full Time,Large,2 Months,9,150000
Bhatapara,Diploma,Computer Operator,Full Time,Large,30 Days,10,51000
Dhamtari,12th Pass,Customer Support,Full Time,Large,30 Days,3,27000
Raipur,BBA,HR Executive,Full Time,Medium,3 Months,6,73000
Bemetra,MBA,Account Manager,Full Time,Medium,3 Months,8,150000
Manendragarh,MA,Business Analyst,Full Time,Small,45 Days,8,123000
Ambikapur,BCA,Business Analyst,Intern,Small,15 Days,4,31000
Dhamtari,BCA,Digital Marketing Executive,Full Time,Medium,2 Months,7,88000
Dhamtari,M.Com,MIS Executive,Full Time,Large,30 Days,10,150000
Mahasamund,Diploma,Sales Executive,Full Time,Small,3 Months,6,35000
Manendragarh,MBA,Digital Marketing Executive,Contract,Large,Immediately,7,150000
Raipur,BCA,HR Executive,Contract,Large,15 Days,1,56000
Manendragarh,10th Pass,Sales Executive,Full Time,Large,30 Days,2,23000
Raipur,12th Pass,Customer Support,Contract,Small,30 Days,3,14000
Bhatapara,10th Pass,Customer Support,Full Time,Large,45 Days,5,22000
Dhamtari,BBA,Business Analyst,Full Time,Small,2 Months,5,77000
Naila Janjgir,M.Com,MIS Executive,Full Time,Large,2 Months,5,150000
Bilaspur,12th Pass,Content Writer,Full Time,Small,30 Days,1,18000
Dhamtari,12th Pass,Computer Operator,Full Time,Medium,30 Days,2,17000
Chirmiri,B.Com,Business Analyst,Full Time,Small,Immediately,14,104000
Bemetra,12th Pass,Accountant,Contract,Medium,15 Days,2,25000
Bemetra,Diploma,Sales Executive,Full Time,Small,30 Days,11,53000
Dhamtari,MBA,MIS Executive,Contract,Medium,30 Days,12,150000
Rajnandgaon,B.Com,MIS Executive,Part Time,Small,3 Months,6,34000
Mahasamund,MBA,Digital Marketing Executive,Full Time,Large,15 Days,11,150000
Korba,MA,Digital Marketing Executive,Full Time,Large,Immediately,4,130000
Tilda Newra,MBA,Digital Marketing Executive,Full Time,Small,15 Days,3,117000
Manendragarh,MA,Digital Marketing Executive,Full Time,Medium,45 Days,6,105000
Bhatapara,B.Com,Account Manager,Intern,Small,30 Days,5,23000
Bilaspur,12th Pass,Accountant,Part Time,Medium,Immediately,0,12000
Chirmiri,MBA,Account Manager,Full Time,Small,3 Months,6,150000
Chirmiri,BCA,Account Manager,Full Time,Large,3 Months,7,121000
Bilaspur,BCA,Digital Marketing Executive,Full Time,Medium,45 Days,11,92000
Raigarh,M.Com,HR Executive,Contract,Small,30 Days,2,57000
Rajnandgaon,10th Pass,Sales Executive,Full Time,Large,45 Days,4,25000
Rajnandgaon,10th Pass,Customer Support,Full Time,Medium,30 Days,4,15000
Jagdalpur,BA,MIS Executive,Part Time,Medium,45 Days,3,27000
Raigarh,12th Pass,Content Writer,Full Time,Medium,30 Days,5,25000
Sakti,BA,Business Analyst,Intern,Small,30 Days,14,36000
Ambikapur,MA,MIS Executive,Full Time,Medium,45 Days,7,102000
Manendragarh,10th Pass,Sales Executive,Full Time,Medium,30 Days,4,19000
Bemetra,B.Com,Accountant,Part Time,Medium,Immediately,1,27000
Bemetra,BA,Sales Executive,Full Time,Large,30 Days,4,61000
Sakti,B.Com,MIS Executive,Part Time,Medium,15 Days,10,48000
Naila Janjgir,MA,HR Executive,Full Time,Large,45 Days,3,98000
Manendragarh,12th Pass,Accountant,Full Time,Small,3 Months,8,30000
Mahasamund,10th Pass,Customer Support,Part Time,Small,2 Months,9,12000
Bhilai,Diploma,Accountant,Full Time,Small,30 Days,6,36000
Durg,B.Com,Account Manager,Full Time,Large,3 Months,11,131000
Raipur,BCA,Sales Executive,Full Time,Small,2 Months,12,107000
Naila Janjgir,MA,HR Executive,Full Time,Medium,30 Days,3,75000
Durg,BA,MIS Executive,Part Time,Large,30 Days,3,37000
Raigarh,MBA,Digital Marketing Executive,Full Time,Small,Immediately,14,150000
Jagdalpur,BBA,Account Manager,Full Time,Large,45 Days,7,118000
Dalli-Rajhara,B.Com,HR Executive,Full Time,Small,45 Days,3,40000
Dhamtari,12th Pass,Sales Executive,Full Time,Medium,15 Days,6,33000
Mungeli,BA,HR Executive,Full Time,Medium,2 Months,5,43000
Jagdalpur,BBA,Sales Executive,Full Time,Small,2 Months,6,55000
Chirmiri,B.Com,Account Manager,Intern,Large,45 Days,6,39000
Tilda Newra,BA,Sales Executive,Full Time,Large,30 Days,8,74000
Korba,BCA,Digital Marketing Executive,Intern,Large,15 Days,0,24000
Dalli-Rajhara,Diploma,Content Writer,Full Time,Small,30 Days,6,28000
Bilaspur,BCA,Account Manager,Full Time,Small,2 Months,6,84000
Ambikapur,BBA,Business Analyst,Intern,Small,3 Months,4,30000
Raipur,M.Com,Account Manager,Full Time,Medium,45 Days,8,150000
Ambikapur,M.Com,Digital Marketing Executive,Full Time,Medium,2 Months,12,150000
Sakti,BBA,Business Analyst,Full Time,Small,45 Days,14,146000
Rajnandgaon,MA,MIS Executive,Full Time,Small,30 Days,1,62000
Chirmiri,MBA,Digital Marketing Executive,Contract,Small,30 Days,16,150000
Naila Janjgir,MBA,Business Analyst,Contract,Medium,Immediately,8,150000
Bhatapara,M.Com,Business Analyst,Part Time,Medium,2 Months,20,145000
Tilda Newra,BBA,Accountant,Full Time,Small,15 Days,1,49000
Dhamtari,BBA,Business Analyst,Full Time,Medium,3 Months,8,112000
Raigarh,MA,Sales Executive,Contract,Large,2 Months,2,79000
Rajnandgaon,Diploma,Computer Operator,Contract,Small,15 Days,5,24000
Chirmiri,BBA,Account Manager,Full Time,Medium,Immediately,11,121000
Sakti,10th Pass,Sales Executive,Full Time,Large,45 Days,8,30000
Bilaspur,BBA,Account Manager,Full Time,Large,2 Months,12,150000
Naila Janjgir,Diploma,Accountant,Full Time,Small,45 Days,4,35000
Raigarh,BCA,Business Analyst,Full Time,Small,15 Days,11,110000
Raigarh,Diploma,Computer Operator,Part Time,Small,Immediately,0,12000
Bhatapara,BBA,Account Manager,Full Time,Small,Immediately,6,81000
Bilaspur,Diploma,Sales Executive,Full Time,Large,45 Days,2,44000
Dalli-Rajhara,Diploma,Customer Support,Full Time,Large,Immediately,5,40000
Korba,10th Pass,Computer Operator,Intern,Medium,30 Days,3,8000
Bilaspur,BBA,HR Executive,Full Time,Large,Immediately,1,60000
Bhatapara,BA,Account Manager,Full Time,Medium,15 Days,7,71000
Bhilai,BCA,Business Analyst,Full Time,Large,3 Months,7,146000
Dalli-Rajhara,10th Pass,Computer Operator,Intern,Small,15 Days,2,8000
Bhatapara,Diploma,Sales Executive,Full Time,Small,15 Days,2,28000
Sakti,12th Pass,Sales Executive,Full Time,Medium,3 Months,5,34000
Rajnandgaon,Diploma,Customer Support,Part Time,Medium,15 Days,0,14000
Dhamtari,MBA,HR Executive,Full Time,Large,3 Months,8,150000
Manendragarh,B.Com,Sales Executive,Full Time,Medium,Immediately,9,71000
Durg,12th Pass,Accountant,Part Time,Small,30 Days,4,16000
Ambikapur,BCA,Business Analyst,Full Time,Medium,2 Months,11,146000
Bilaspur,BA,Business Analyst,Full Time,Small,30 Days,7,58000
Bhilai,BBA,Accountant,Full Time,Large,Immediately,1,62000
Sakti,BA,Content Writer,Contract,Large,15 Days,0,34000
Mahasamund,BBA,HR Executive,Full Time,Small,15 Days,2,44000
Sakti,10th Pass,Computer Operator,Part Time,Large,Immediately,0,12000
Tilda Newra,10th Pass,Computer Operator,Contract,Large,Immediately,1,13000
Bilaspur,10th Pass,Computer Operator,Full Time,Small,45 Days,6,12000
Raipur,BA,Accountant,Full Time,Small,15 Days,1,35000
Raipur,12th Pass,Sales Executive,Intern,Large,2 Months,3,15000
Raigarh,Diploma,Content Writer,Full Time,Medium,45 Days,8,45000
Bhatapara,MBA,Business Analyst,Full Time,Small,2 Months,14,150000
Tilda Newra,12th Pass,Content Writer,Full Time,Medium,Immediately,12,36000
Dalli-Rajhara,MA,Account Manager,Contract,Small,45 Days,4,78000
Durg,12th Pass,Computer Operator,Part Time,Large,30 Days,0,12000
Raipur,Diploma,Customer Support,Full Time,Small,3 Months,9,32000
Dalli-Rajhara,BBA,MIS Executive,Full Time,Medium,30 Days,3,72000
Dalli-Rajhara,BCA,Business Analyst,Full Time,Medium,Immediately,4,79000
Mungeli,10th Pass,Sales Executive,Contract,Small,2 Months,5,17000
Korba,BCA,Business Analyst,Full Time,Small,45 Days,11,99000
Chirmiri,B.Com,Digital Marketing Executive,Intern,Large,45 Days,13,49000
Dhamtari,B.Com,Account Manager,Full Time,Small,15 Days,10,97000
Bhilai,M.Com,HR Executive,Full Time,Large,15 Days,10,150000
Bhatapara,B.Com,Customer Support,Contract,Small,Immediately,0,21000
Durg,BCA,Sales Executive,Part Time,Small,15 Days,0,22000
Dalli-Rajhara,Diploma,Accountant,Full Time,Small,15 Days,2,28000
Dalli-Rajhara,M.Com,MIS Executive,Part Time,Medium,30 Days,10,107000
Rajnandgaon,BCA,Customer Support,Intern,Small,15 Days,0,13000
Bemetra,BA,Account Manager,Full Time,Small,Immediately,7,64000
Korba,BBA,Business Analyst,Full Time,Medium,45 Days,12,138000
Bhilai,BA,Customer Support,Part Time,Large,2 Months,2,21000
Dalli-Rajhara,MBA,MIS Executive,Part Time,Large,3 Months,18,150000
Bemetra,Diploma,Sales Executive,Contract,Medium,45 Days,9,49000
Naila Janjgir,BCA,Business Analyst,Full Time,Small,45 Days,9,103000
Dhamtari,10th Pass,Sales Executive,Part Time,Large,3 Months,0,12000
Bilaspur,B.Com,MIS Executive,Full Time,Medium,3 Months,8,81000
Ambikapur,12th Pass,Content Writer,Part Time,Large,30 Days,2,16000
Dhamtari,Diploma,Computer Operator,Part Time,Large,2 Months,6,22000
Durg,MBA,HR Executive,Full Time,Large,30 Days,14,150000
Mungeli,BCA,Sales Executive,Full Time,Small,30 Days,4,59000
Ambikapur,M.Com,MIS Executive,Full Time,Small,15 Days,7,96000
Raigarh,12th Pass,Computer Operator,Part Time,Large,Immediately,2,12000
Dhamtari,10th Pass,Computer Operator,Full Time,Large,30 Days,3,16000
Bilaspur,MBA,MIS Executive,Full Time,Small,15 Days,9,150000
Bemetra,MBA,HR Executive,Full Time,Small,3 Months,10,118000
Jagdalpur,BCA,Account Manager,Part Time,Small,45 Days,13,68000
Korba,M.Com,Digital Marketing Executive,Part Time,Medium,45 Days,2,52000
Naila Janjgir,M.Com,Digital Marketing Executive,Full Time,Large,30 Days,10,150000
Mahasamund,BBA,Digital Marketing Executive,Full Time,Large,15 Days,12,133000
Raipur,M.Com,HR Executive,Full Time,Medium,45 Days,8,130000
Dalli-Rajhara,MBA,Business Analyst,Full Time,Small,45 Days,7,150000
Sakti,Diploma,Accountant,Intern,Large,15 Days,3,17000
Naila Janjgir,BBA,Account Manager,Full Time,Medium,15 Days,3,76000
Naila Janjgir,BCA,MIS Executive,Full Time,Large,30 Days,5,101000
Bhatapara,BBA,Digital Marketing Executive,Full Time,Small,3 Months,8,71000
Chirmiri,BA,Sales Executive,Full Time,Medium,2 Months,6,53000
Sakti,B.Com,HR Executive,Part Time,Medium,45 Days,1,22000
Korba,10th Pass,Customer Support,Full Time,Medium,45 Days,8,17000
Dhamtari,10th Pass,Computer Operator,Full Time,Small,2 Months,9,17000
Mungeli,MA,Digital Marketing Executive,Full Time,Small,Immediately,9,120000
Mahasamund,MA,Business Analyst,Full Time,Small,15 Days,10,145000
Bhatapara,B.Com,Sales Executive,Full Time,Large,2 Months,12,106000
Manendragarh,MA,Digital Marketing Executive,Full Time,Small,30 Days,11,134000
Korba,BCA,MIS Executive,Full Time,Medium,3 Months,13,136000
Mahasamund,12th Pass,Accountant,Part Time,Medium,45 Days,1,14000
Bhilai,12th Pass,Computer Operator,Full Time,Small,30 Days,11,26000
Bilaspur,B.Com,Content Writer,Contract,Large,30 Days,2,43000
Chirmiri,Diploma,Content Writer,Full Time,Medium,30 Days,4,31000
Bilaspur,MBA,Account Manager,Full Time,Large,30 Days,8,150000
Bilaspur,MBA,Digital Marketing Executive,Full Time,Small,30 Days,4,126000
Dhamtari,Diploma,Sales Executive,Part Time,Large,2 Months,9,40000
Bhatapara,Diploma,Computer Operator,Full Time,Large,3 Months,5,35000
Dalli-Rajhara,M.Com,MIS Executive,Full Time,Medium,Immediately,10,150000
Raigarh,BBA,Digital Marketing Executive,Full Time,Medium,15 Days,1,58000
Mungeli,Diploma,Customer Support,Part Time,Medium,2 Months,2,15000
Jagdalpur,10th Pass,Sales Executive,Full Time,Small,30 Days,8,20000
Mungeli,10th Pass,Sales Executive,Contract,Large,15 Days,0,17000
Ambikapur,B.Com,Business Analyst,Full Time,Small,2 Months,7,78000
Mahasamund,10th Pass,Customer Support,Full Time,Medium,45 Days,8,19000
Korba,10th Pass,Customer Support,Full Time,Small,2 Months,4,12000
Korba,BBA,HR Executive,Full Time,Medium,45 Days,2,58000
Bhilai,MBA,Digital Marketing Executive,Full Time,Medium,45 Days,2,126000
Bhatapara,B.Com,Sales Executive,Full Time,Large,Immediately,4,61000
Sakti,BA,Digital Marketing Executive,Full Time,Small,3 Months,10,71000
Ambikapur,MA,Business Analyst,Full Time,Small,30 Days,10,133000
Naila Janjgir,M.Com,Digital Marketing Executive,Contract,Small,2 Months,2,76000
Raipur,MBA,Digital Marketing Executive,Full Time,Small,30 Days,10,150000
Sakti,Diploma,Content Writer,Contract,Small,2 Months,4,25000
Raipur,MBA,MIS Executive,Full Time,Large,30 Days,4,150000
Bemetra,B.Com,Customer Support,Part Time,Large,3 Months,2,27000
Naila Janjgir,BBA,Digital Marketing Executive,Full Time,Large,2 Months,8,118000
Jagdalpur,Diploma,Content Writer,Full Time,Medium,30 Days,7,44000
Dalli-Rajhara,10th Pass,Sales Executive,Full Time,Medium,30 Days,3,19000
Sakti,M.Com,Account Manager,Full Time,Medium,2 Months,6,132000
Dhamtari,10th Pass,Customer Support,Full Time,Small,30 Days,4,12000
Bhilai,10th Pass,Computer Operator,Intern,Large,2 Months,4,8000
Bemetra,12th Pass,Customer Support,Full Time,Small,45 Days,10,30000
Jagdalpur,Diploma,Customer Support,Full Time,Small,3 Months,9,30000
Chirmiri,Diploma,Computer Operator,Full Time,Small,3 Months,12,32000
Jagdalpur,B.Com,Account Manager,Full Time,Medium,3 Months,12,111000
Rajnandgaon,BBA,Digital Marketing Executive,Part Time,Medium,30 Days,3,39000
Sakti,10th Pass,Customer Support,Full Time,Large,3 Months,5,18000
Sakti,BCA,Digital Marketing Executive,Full Time,Small,30 Days,7,74000
Bhilai,MA,HR Executive,Full Time,Small,30 Days,3,59000
Durg,BCA,Digital Marketing Executive,Full Time,Small,30 Days,4,66000
Bemetra,MA,Digital Marketing Executive,Full Time,Small,30 Days,8,103000
Korba,12th Pass,Content Writer,Contract,Medium,Immediately,1,18000
Bhatapara,M.Com,Digital Marketing Executive,Contract,Small,15 Days,7,96000
Raipur,12th Pass,Customer Support,Full Time,Small,30 Days,6,23000
Bilaspur,BCA,Customer Support,Full Time,Small,15 Days,2,34000
Ambikapur,B.Com,Account Manager,Full Time,Small,15 Days,5,59000
Naila Janjgir,BBA,Accountant,Intern,Medium,15 Days,0,19000
Korba,Diploma,Customer Support,Full Time,Small,15 Days,4,27000
Sakti,B.Com,Account Manager,Full Time,Small,3 Months,11,85000
Sakti,MBA,MIS Executive,Intern,Small,3 Months,8,65000
Bemetra,M.Com,Sales Executive,Full Time,Small,30 Days,2,71000
Mungeli,BA,HR Executive,Full Time,Medium,45 Days,5,49000
Bhatapara,B.Com,Digital Marketing Executive,Full Time,Small,45 Days,7,56000
Raigarh,MA,Digital Marketing Executive,Contract,Large,2 Months,12,150000
Chirmiri,Diploma,Customer Support,Part Time,Small,30 Days,2,14000
Rajnandgaon,BA,Business Analyst,Full Time,Large,30 Days,4,71000
Jagdalpur,10th Pass,Computer Operator,Full Time,Medium,15 Days,1,12000
Bhatapara,10th Pass,Customer Support,Part Time,Small,45 Days,5,12000
Sakti,BCA,Account Manager,Full Time,Medium,30 Days,12,126000
Durg,10th Pass,Sales Executive,Part Time,Small,Immediately,1,12000
Rajnandgaon,BBA,HR Executive,Contract,Medium,Immediately,2,46000
Mungeli,10th Pass,Computer Operator,Full Time,Small,45 Days,3,12000
Tilda Newra,12th Pass,Sales Executive,Contract,Medium,30 Days,11,39000
Naila Janjgir,B.Com,Digital Marketing Executive,Full Time,Small,45 Days,5,53000
Raigarh,Diploma,Sales Executive,Part Time,Small,15 Days,12,34000
Dhamtari,BCA,Content Writer,Contract,Small,30 Days,1,32000
Rajnandgaon,BCA,Business Analyst,Full Time,Medium,2 Months,3,83000
Raigarh,BA,Business Analyst,Full Time,Medium,30 Days,7,87000
Mahasamund,BA,MIS Executive,Full Time,Small,45 Days,10,73000
Rajnandgaon,MBA,Account Manager,Full Time,Medium,Immediately,10,150000
Tilda Newra,MBA,Business Analyst,Full Time,Small,30 Days,5,150000
Naila Janjgir,M.Com,Digital Marketing Executive,Part Time,Large,Immediately,14,130000
Korba,M.Com,Digital Marketing Executive,Full Time,Medium,Immediately,4,104000
Raipur,M.Com,Business Analyst,Full Time,Small,30 Days,5,132000
Durg,B.Com,Digital Marketing Executive,Full Time,Medium,15 Days,4,63000
Manendragarh,10th Pass,Customer Support,Full Time,Small,15 Days,1,12000
Naila Janjgir,BA,Digital Marketing Executive,Intern,Large,45 Days,9,33000
Naila Janjgir,BA,Sales Executive,Intern,Large,30 Days,7,30000
Bhatapara,MBA,Account Manager,Contract,Large,3 Months,7,150000
Chirmiri,BCA,Sales Executive,Full Time,Large,45 Days,7,102000
Bhilai,MBA,HR Executive,Part Time,Small,30 Days,15,95000
Chirmiri,M.Com,Account Manager,Part Time,Medium,45 Days,5,72000
Mungeli,BBA,Sales Executive,Full Time,Small,30 Days,6,69000
Bhilai,10th Pass,Sales Executive,Contract,Large,30 Days,8,27000
Durg,MBA,Digital Marketing Executive,Full Time,Large,45 Days,19,150000
Bemetra,B.Com,HR Executive,Full Time,Small,2 Months,5,44000
Raipur,Diploma,Content Writer,Part Time,Large,2 Months,7,33000
Naila Janjgir,BCA,Sales Executive,Full Time,Small,2 Months,2,51000
Raipur,12th Pass,Content Writer,Full Time,Medium,15 Days,3,21000
Raigarh,Diploma,Content Writer,Part Time,Large,30 Days,0,18000
Bhilai,MA,MIS Executive,Full Time,Large,2 Months,11,150000
Raipur,BBA,HR Executive,Full Time,Large,3 Months,7,89000
Sakti,MA,Account Manager,Part Time,Large,30 Days,1,58000
Bemetra,BBA,HR Executive,Full Time,Large,30 Days,12,131000
Rajnandgaon,BA,Sales Executive,Full Time,Small,3 Months,6,41000
Ambikapur,BCA,Digital Marketing Executive,Full Time,Small,45 Days,14,116000
Durg,BBA,Digital Marketing Executive,Full Time,Medium,15 Days,12,122000
Ambikapur,10th Pass,Sales Executive,Full Time,Large,15 Days,3,24000
Sakti,10th Pass,Customer Support,Full Time,Large,3 Months,5,19000
Bhilai,10th Pass,Computer Operator,Full Time,Medium,30 Days,3,12000
Raipur,10th Pass,Computer Operator,Part Time,Large,Immediately,0,12000
Mungeli,12th Pass,Customer Support,Full Time,Small,30 Days,3,19000
Raipur,BCA,MIS Executive,Contract,Large,45 Days,11,127000
Naila Janjgir,B.Com,HR Executive,Full Time,Large,15 Days,11,95000
Bhilai,MA,MIS Executive,Part Time,Small,45 Days,10,63000
Bemetra,M.Com,Account Manager,Full Time,Small,30 Days,1,93000
Ambikapur,BA,MIS Executive,Full Time,Small,30 Days,4,41000
Durg,BCA,Account Manager,Full Time,Small,2 Months,7,99000
Dalli-Rajhara,Diploma,Customer Support,Full Time,Large,15 Days,5,46000
Manendragarh,MBA,Account Manager,Full Time,Medium,15 Days,1,134000
Korba,BBA,Account Manager,Full Time,Medium,30 Days,7,116000
Dalli-Rajhara,BCA,Digital Marketing Executive,Full Time,Medium,15 Days,5,77000
Raipur,B.Com,HR Executive,Contract,Small,3 Months,9,54000
Sakti,M.Com,Sales Executive,Intern,Medium,15 Days,2,37000
Jagdalpur,BA,Digital Marketing Executive,Full Time,Medium,30 Days,3,50000
Korba,M.Com,Business Analyst,Full Time,Medium,45 Days,10,150000
Rajnandgaon,Diploma,Computer Operator,Part Time,Large,Immediately,0,14000
Durg,Diploma,Content Writer,Contract,Medium,45 Days,6,31000
Bemetra,B.Com,Accountant,Full Time,Large,15 Days,2,63000
Tilda Newra,BA,HR Executive,Full Time,Medium,30 Days,7,49000
Bilaspur,12th Pass,Customer Support,Contract,Large,2 Months,4,28000
Raigarh,12th Pass,Accountant,Full Time,Large,3 Months,4,34000
Bhatapara,12th Pass,Content Writer,Contract,Small,30 Days,0,15000
Bilaspur,BCA,Digital Marketing Executive,Full Time,Medium,45 Days,12,99000
Korba,BBA,MIS Executive,Part Time,Large,45 Days,7,63000
Rajnandgaon,BA,MIS Executive,Part Time,Large,3 Months,6,45000
Mungeli,B.Com,Sales Executive,Full Time,Small,2 Months,2,43000
Ambikapur,BA,Accountant,Contract,Large,15 Days,1,43000
Chirmiri,M.Com,Business Analyst,Full Time,Medium,3 Months,20,150000
Bemetra,BBA,Content Writer,Part Time,Medium,45 Days,0,23000
Dhamtari,MBA,Business Analyst,Part Time,Small,30 Days,5,95000
Raigarh,B.Com,Digital Marketing Executive,Part Time,Medium,15 Days,1,25000
Durg,MBA,Account Manager,Intern,Medium,30 Days,4,57000
Korba,MA,Business Analyst,Full Time,Large,2 Months,11,150000
Raigarh,12th Pass,Content Writer,Full Time,Small,15 Days,4,23000
Manendragarh,BCA,MIS Executive,Full Time,Large,30 Days,7,108000
Mahasamund,M.Com,Account Manager,Contract,Small,2 Months,3,91000
Bilaspur,B.Com,Content Writer,Full Time,Large,30 Days,1,45000
Sakti,BBA,Sales Executive,Full Time,Medium,30 Days,11,90000
Mungeli,MA,Digital Marketing Executive,Full Time,Small,45 Days,14,126000
Ambikapur,12th Pass,Content Writer,Full Time,Medium,2 Months,6,28000
Tilda Newra,12th Pass,Content Writer,Full Time,Small,Immediately,8,28000
Bhilai,10th Pass,Customer Support,Full Time,Large,Immediately,7,24000
Raipur,M.Com,MIS Executive,Full Time,Large,30 Days,2,125000
Manendragarh,10th Pass,Sales Executive,Part Time,Medium,15 Days,2,12000
Bhatapara,MBA,Account Manager,Full Time,Medium,30 Days,1,135000
Jagdalpur,BCA,Digital Marketing Executive,Full Time,Medium,15 Days,3,61000
Mungeli,MBA,MIS Executive,Part Time,Small,30 Days,1,56000
Rajnandgaon,MA,MIS Executive,Intern,Small,30 Days,1,25000
Jagdalpur,M.Com,Digital Marketing Executive,Full Time,Small,2 Months,16,150000
Ambikapur,BA,Sales Executive,Full Time,Large,Immediately,5,59000
Bhatapara,Diploma,Accountant,Full Time,Small,15 Days,1,29000
Tilda Newra,Diploma,Accountant,Full Time,Large,30 Days,3,47000
Korba,BCA,Accountant,Contract,Large,Immediately,0,52000
Sakti,12th Pass,Customer Support,Full Time,Medium,2 Months,8,34000
Mahasamund,Diploma,Customer Support,Part Time,Large,30 Days,8,25000
Manendragarh,10th Pass,Computer Operator,Full Time,Medium,30 Days,3,14000
Bhatapara,10th Pass,Sales Executive,Full Time,Small,2 Months,3,14000
Bilaspur,BA,Customer Support,Contract,Small,45 Days,0,20000
Sakti,BCA,Sales Executive,Full Time,Small,30 Days,11,72000
Korba,Diploma,Sales Executive,Full Time,Medium,45 Days,3,37000
Bemetra,MBA,MIS Executive,Full Time,Medium,15 Days,14,150000
Korba,BA,Account Manager,Full Time,Medium,3 Months,6,64000
Sakti,B.Com,HR Executive,Full Time,Small,15 Days,4,44000
Durg,BCA,Sales Executive,Full Time,Small,2 Months,11,80000
Raigarh,BA,Sales Executive,Contract,Medium,3 Months,5,46000
Chirmiri,BA,Accountant,Full Time,Small,45 Days,2,35000
Dalli-Rajhara,BA,Account Manager,Full Time,Small,45 Days,6,54000
Korba,Diploma,Sales Executive,Full Time,Small,3 Months,10,45000
Durg,12th Pass,Sales Executive,Full Time,Medium,30 Days,1,24000
Mungeli,12th Pass,Computer Operator,Part Time,Medium,15 Days,0,12000
Naila Janjgir,BBA,MIS Executive,Full Time,Large,2 Months,5,108000
Naila Janjgir,B.Com,HR Executive,Full Time,Large,2 Months,5,70000
Dhamtari,12th Pass,Content Writer,Full Time,Large,30 Days,9,45000
Tilda Newra,M.Com,HR Executive,Full Time,Medium,45 Days,6,113000
Jagdalpur,B.Com,HR Executive,Part Time,Large,30 Days,0,25000
Bhilai,BCA,Digital Marketing Executive,Full Time,Large,Immediately,0,65000
Bemetra,BBA,Digital Marketing Executive,Full Time,Large,45 Days,2,77000
Manendragarh,BA,HR Executive,Part Time,Small,30 Days,0,17000
Ambikapur,MBA,Account Manager,Full Time,Small,3 Months,10,150000
Korba,BBA,HR Executive,Full Time,Small,2 Months,9,59000
Jagdalpur,10th Pass,Computer Operator,Full Time,Small,15 Days,4,12000
Bemetra,12th Pass,Customer Support,Part Time,Small,30 Days,4,13000
Korba,B.Com,MIS Executive,Full Time,Medium,3 Months,12,92000
Jagdalpur,MA,MIS Executive,Full Time,Small,45 Days,4,74000
Dalli-Rajhara,BBA,HR Executive,Part Time,Large,15 Days,2,38000
Mungeli,MBA,Digital Marketing Executive,Intern,Large,3 Months,2,57000
Raigarh,MBA,Business Analyst,Full Time,Large,30 Days,8,150000
Dhamtari,B.Com,Digital Marketing Executive,Full Time,Small,Immediately,4,53000
Raipur,10th Pass,Customer Support,Full Time,Large,30 Days,3,18000
Chirmiri,Diploma,Customer Support,Contract,Large,3 Months,6,35000
Mungeli,10th Pass,Computer Operator,Intern,Large,45 Days,3,8000
Dhamtari,BCA,Account Manager,Full Time,Large,30 Days,15,150000
Sakti,12th Pass,Accountant,Full Time,Large,15 Days,1,28000
Mungeli,MA,HR Executive,Full Time,Medium,2 Months,12,141000
Dalli-Rajhara,10th Pass,Computer Operator,Full Time,Medium,15 Days,6,17000
Bhilai,BCA,Digital Marketing Executive,Full Time,Small,45 Days,7,81000
Bemetra,12th Pass,Computer Operator,Part Time,Medium,15 Days,0,12000
Rajnandgaon,12th Pass,Content Writer,Contract,Small,2 Months,3,19000
Rajnandgaon,BCA,Digital Marketing Executive,Full Time,Medium,45 Days,12,114000
Korba,M.Com,Account Manager,Full Time,Small,2 Months,14,150000
Bhatapara,M.Com,Business Analyst,Full Time,Large,2 Months,16,150000
Dhamtari,BCA,Business Analyst,Full Time,Medium,45 Days,5,104000
Dalli-Rajhara,BCA,Sales Executive,Full Time,Large,30 Days,5,91000
Naila Janjgir,M.Com,MIS Executive,Full Time,Small,30 Days,1,72000
Bhatapara,MA,Business Analyst,Full Time,Medium,15 Days,13,150000
Mahasamund,MBA,Digital Marketing Executive,Full Time,Medium,45 Days,7,150000
Rajnandgaon,B.Com,Account Manager,Full Time,Medium,30 Days,9,83000
Korba,MBA,HR Executive,Full Time,Medium,30 Days,7,138000
Dhamtari,B.Com,Customer Support,Full Time,Medium,30 Days,2,39000
Mungeli,10th Pass,Computer Operator,Contract,Medium,3 Months,1,12000
Durg,B.Com,HR Executive,Full Time,Medium,30 Days,7,63000
Raigarh,BCA,Digital Marketing Executive,Full Time,Large,15 Days,9,117000
Jagdalpur,10th Pass,Sales Executive,Intern,Small,2 Months,5,8000
Dalli-Rajhara,BCA,Accountant,Full Time,Large,30 Days,0,64000
Mahasamund,MA,Digital Marketing Executive,Full Time,Small,15 Days,11,116000
Naila Janjgir,M.Com,Business Analyst,Full Time,Small,2 Months,6,135000
Mahasamund,M.Com,HR Executive,Full Time,Medium,3 Months,14,150000
Dalli-Rajhara,B.Com,HR Executive,Full Time,Small,30 Days,0,32000
Mungeli,10th Pass,Customer Support,Intern,Large,15 Days,5,8000
Bilaspur,10th Pass,Computer Operator,Full Time,Small,45 Days,2,12000
Chirmiri,M.Com,HR Executive,Full Time,Small,15 Days,6,100000
Mungeli,M.Com,Business Analyst,Part Time,Large,15 Days,11,150000
Ambikapur,M.Com,HR Executive,Full Time,Small,30 Days,15,137000
Manendragarh,BA,HR Executive,Full Time,Medium,2 Months,5,43000
Bhilai,MBA,Account Manager,Full Time,Medium,Immediately,9,150000
Durg,BBA,Customer Support,Contract,Large,30 Days,1,44000
Chirmiri,Diploma,Content Writer,Full Time,Medium,30 Days,2,30000
Naila Janjgir,BA,Digital Marketing Executive,Full Time,Large,2 Months,11,90000
Jagdalpur,MA,Account Manager,Full Time,Medium,30 Days,3,100000
Manendragarh,BA,HR Executive,Full Time,Large,Immediately,4,54000
Ambikapur,MBA,Digital Marketing Executive,Full Time,Small,45 Days,18,150000
Bemetra,MA,HR Executive,Full Time,Large,45 Days,9,125000
Bemetra,B.Com,Business Analyst,Full Time,Small,30 Days,5,69000
Ambikapur,BA,Sales Executive,Full Time,Large,30 Days,3,59000
Korba,10th Pass,Computer Operator,Full Time,Small,45 Days,3,12000
Manendragarh,MA,Business Analyst,Full Time,Large,3 Months,6,150000
Korba,BA,Sales Executive,Full Time,Small,45 Days,7,51000
Naila Janjgir,MA,HR Executive,Full Time,Large,30 Days,2,82000
Ambikapur,BA,Digital Marketing Executive,Full Time,Large,2 Months,3,56000
Bilaspur,MBA,Digital Marketing Executive,Full Time,Medium,45 Days,15,150000
Chirmiri,BBA,MIS Executive,Full Time,Large,3 Months,11,141000
Bhilai,Diploma,Customer Support,Full Time,Medium,2 Months,12,51000
Korba,MBA,Sales Executive,Full Time,Large,15 Days,1,137000
Bilaspur,BBA,MIS Executive,Full Time,Medium,30 Days,4,77000
Bhilai,BCA,Account Manager,Contract,Small,3 Months,7,88000
Mahasamund,BBA,Account Manager,Part Time,Large,3 Months,7,82000
Bemetra,10th Pass,Customer Support,Full Time,Medium,2 Months,3,14000
Chirmiri,BCA,MIS Executive,Full Time,Medium,30 Days,12,128000
Dalli-Rajhara,BCA,Business Analyst,Part Time,Medium,Immediately,3,45000
Raigarh,B.Com,Sales Executive,Full Time,Small,3 Months,7,58000
Jagdalpur,Diploma,Content Writer,Full Time,Small,3 Months,2,23000
Manendragarh,10th Pass,Customer Support,Intern,Medium,30 Days,0,8000
Bhatapara,BBA,Account Manager,Full Time,Large,30 Days,4,101000
Naila Janjgir,BBA,Account Manager,Full Time,Small,2 Months,6,89000
Sakti,BA,Customer Support,Full Time,Medium,30 Days,1,28000
Raipur,MA,Digital Marketing Executive,Full Time,Medium,15 Days,2,77000
Dhamtari,12th Pass,Sales Executive,Full Time,Small,45 Days,4,28000
Sakti,BA,Digital Marketing Executive,Contract,Medium,Immediately,0,32000
Korba,10th Pass,Sales Executive,Full Time,Large,2 Months,6,34000
Chirmiri,10th Pass,Sales Executive,Full Time,Large,2 Months,8,34000
Bhatapara,Diploma,Content Writer,Full Time,Medium,30 Days,3,30000
Mahasamund,BA,Digital Marketing Executive,Full Time,Large,30 Days,10,93000
Jagdalpur,10th Pass,Computer Operator,Part Time,Medium,15 Days,1,12000
Dalli-Rajhara,MBA,Account Manager,Full Time,Medium,2 Months,18,150000
Ambikapur,MA,Sales Executive,Full Time,Medium,15 Days,3,75000
Chirmiri,B.Com,Business Analyst,Contract,Medium,15 Days,4,73000
Korba,12th Pass,Content Writer,Full Time,Medium,15 Days,1,19000
Chirmiri,BA,MIS Executive,Part Time,Large,2 Months,12,59000
Bilaspur,BCA,Sales Executive,Full Time,Small,3 Months,9,87000
Mahasamund,B.Com,Digital Marketing Executive,Full Time,Medium,45 Days,2,55000
Manendragarh,BCA,MIS Executive,Full Time,Medium,30 Days,12,118000
Durg,10th Pass,Computer Operator,Contract,Medium,Immediately,1,12000
Raigarh,B.Com,Sales Executive,Full Time,Small,15 Days,4,49000
Raigarh,M.Com,Digital Marketing Executive,Full Time,Small,2 Months,10,129000
Dalli-Rajhara,BCA,HR Executive,Full Time,Medium,30 Days,7,82000
Tilda Newra,M.Com,MIS Executive,Full Time,Small,15 Days,2,71000
Manendragarh,12th Pass,Content Writer,Full Time,Medium,15 Days,3,24000
Bilaspur,M.Com,Business Analyst,Full Time,Large,2 Months,8,150000
Manendragarh,B.Com,Business Analyst,Part Time,Large,15 Days,7,68000
Ambikapur,BBA,Customer Support,Part Time,Small,Immediately,1,18000
Mahasamund,BBA,MIS Executive,Full Time,Large,30 Days,6,102000
Raipur,12th Pass,Customer Support,Full Time,Medium,Immediately,6,24000
Bhatapara,MA,HR Executive,Contract,Medium,Immediately,1,51000
Bilaspur,Diploma,Sales Executive,Full Time,Medium,3 Months,9,51000
Raipur,10th Pass,Sales Executive,Intern,Small,30 Days,1,8000
Dhamtari,12th Pass,Accountant,Full Time,Small,15 Days,8,29000
Rajnandgaon,Diploma,Customer Support,Part Time,Small,Immediately,1,12000
Rajnandgaon,BCA,MIS Executive,Full Time,Large,45 Days,3,82000
Dalli-Rajhara,10th Pass,Sales Executive,Full Time,Medium,15 Days,4,20000
Tilda Newra,B.Com,HR Executive,Contract,Large,3 Months,7,68000
Chirmiri,B.Com,Digital Marketing Executive,Part Time,Medium,15 Days,7,50000
Durg,BA,Sales Executive,Full Time,Medium,3 Months,5,52000
Bemetra,BBA,Account Manager,Full Time,Medium,15 Days,11,138000
Dhamtari,BBA,Digital Marketing Executive,Part Time,Medium,3 Months,5,48000
Manendragarh,B.Com,Digital Marketing Executive,Full Time,Large,2 Months,5,84000
Korba,MA,Account Manager,Full Time,Medium,3 Months,6,123000
Tilda Newra,MA,Sales Executive,Full Time,Small,30 Days,2,68000
Mahasamund,BBA,Digital Marketing Executive,Full Time,Medium,2 Months,11,103000
Bhilai,BA,Content Writer,Contract,Medium,Immediately,0,26000
Bhilai,BBA,Content Writer,Contract,Medium,30 Days,1,36000
Raipur,M.Com,Business Analyst,Full Time,Small,3 Months,8,143000
Ambikapur,MBA,HR Executive,Part Time,Large,30 Days,1,77000
Ambikapur,10th Pass,Customer Support,Full Time,Large,Immediately,1,14000
Bhatapara,BBA,Business Analyst,Full Time,Small,15 Days,4,74000
Bhatapara,Diploma,Computer Operator,Contract,Small,15 Days,4,18000
Raipur,MA,Digital Marketing Executive,Full Time,Small,45 Days,14,138000
Dhamtari,12th Pass,Content Writer,Full Time,Large,45 Days,3,30000
Mahasamund,BA,Digital Marketing Executive,Full Time,Small,Immediately,3,39000
Bhilai,B.Com,Account Manager,Part Time,Medium,30 Days,11,67000
Jagdalpur,10th Pass,Computer Operator,Full Time,Small,30 Days,5,13000
Manendragarh,MBA,Sales Executive,Full Time,Small,2 Months,4,115000
Tilda Newra,12th Pass,Content Writer,Full Time,Large,15 Days,6,35000
Sakti,12th Pass,Accountant,Part Time,Large,45 Days,2,18000
Mungeli,Diploma,Customer Support,Part Time,Large,45 Days,7,24000
Bemetra,M.Com,Business Analyst,Full Time,Large,30 Days,19,150000
Manendragarh,BBA,MIS Executive,Contract,Medium,3 Months,5,63000
Bhilai,BA,Sales Executive,Part Time,Medium,3 Months,7,35000
Bhilai,BA,Business Analyst,Contract,Large,2 Months,5,77000
Korba,12th Pass,Sales Executive,Contract,Medium,45 Days,2,25000
Durg,M.Com,Sales Executive,Full Time,Small,30 Days,2,72000
Bemetra,Diploma,Sales Executive,Intern,Small,45 Days,15,24000
Durg,BCA,Sales Executive,Full Time,Small,3 Months,8,69000
Bhatapara,BCA,Digital Marketing Executive,Part Time,Small,3 Months,1,30000
Jagdalpur,12th Pass,Sales Executive,Intern,Small,Immediately,0,8000
Durg,BA,Business Analyst,Full Time,Medium,3 Months,11,100000
Durg,Diploma,Computer Operator,Full Time,Small,30 Days,10,34000
Ambikapur,MBA,HR Executive,Full Time,Large,3 Months,10,150000
Bilaspur,M.Com,Account Manager,Full Time,Small,45 Days,10,150000
Chirmiri,BA,Digital Marketing Executive,Part Time,Medium,30 Days,6,36000
Korba,MBA,Digital Marketing Executive,Full Time,Medium,45 Days,2,116000
Raipur,BCA,Content Writer,Full Time,Large,Immediately,0,54000
Mungeli,12th Pass,Content Writer,Intern,Large,45 Days,6,12000
Raipur,M.Com,HR Executive,Intern,Large,30 Days,2,36000
Korba,BCA,Business Analyst,Full Time,Large,45 Days,10,149000
Korba,12th Pass,Customer Support,Full Time,Small,15 Days,6,20000
Korba,10th Pass,Customer Support,Full Time,Large,3 Months,3,17000
Manendragarh,10th Pass,Sales Executive,Part Time,Medium,30 Days,0,12000
Raipur,12th Pass,Computer Operator,Full Time,Medium,3 Months,7,29000
Korba,Diploma,Accountant,Part Time,Small,45 Days,11,29000
Bemetra,B.Com,Account Manager,Full Time,Medium,Immediately,14,118000
Bemetra,12th Pass,Sales Executive,Contract,Medium,45 Days,2,22000
Bhilai,MA,MIS Executive,Full Time,Large,30 Days,3,105000
Mungeli,Diploma,Sales Executive,Full Time,Large,45 Days,2,39000
Jagdalpur,B.Com,Digital Marketing Executive,Part Time,Medium,30 Days,0,24000
Ambikapur,MA,MIS Executive,Part Time,Small,45 Days,15,82000
Chirmiri,B.Com,Business Analyst,Full Time,Large,2 Months,5,97000
Bemetra,Diploma,Content Writer,Part Time,Medium,Immediately,0,15000
Raipur,M.Com,MIS Executive,Full Time,Medium,Immediately,9,142000
Naila Janjgir,BBA,MIS Executive,Full Time,Small,30 Days,4,56000
Sakti,BBA,Customer Support,Full Time,Large,15 Days,1,50000
Bemetra,BBA,Sales Executive,Full Time,Small,3 Months,6,61000
Raipur,MBA,Digital Marketing Executive,Full Time,Large,30 Days,11,150000
Ambikapur,Diploma,Sales Executive,Part Time,Small,Immediately,0,14000
Bhilai,BBA,Sales Executive,Full Time,Medium,30 Days,13,115000
Bhatapara,10th Pass,Sales Executive,Full Time,Small,15 Days,3,15000
Mahasamund,BBA,Accountant,Full Time,Large,30 Days,2,79000
Bhatapara,B.Com,Accountant,Full Time,Small,Immediately,2,42000
Rajnandgaon,BA,Content Writer,Full Time,Small,2 Months,1,28000
Manendragarh,10th Pass,Customer Support,Contract,Small,30 Days,3,12000
Raipur,BA,Business Analyst,Full Time,Medium,15 Days,3,52000
Rajnandgaon,BBA,Sales Executive,Full Time,Large,30 Days,3,79000
Sakti,Diploma,Sales Executive,Full Time,Small,30 Days,6,36000
Bemetra,BBA,Account Manager,Full Time,Small,2 Months,7,84000
Rajnandgaon,B.Com,Digital Marketing Executive,Full Time,Medium,2 Months,6,66000
Dhamtari,M.Com,HR Executive,Full Time,Small,45 Days,12,137000
Raigarh,BBA,HR Executive,Full Time,Small,15 Days,5,57000
Dhamtari,MBA,Business Analyst,Full Time,Medium,45 Days,18,150000
Dhamtari,10th Pass,Sales Executive,Full Time,Medium,2 Months,5,25000
Dalli-Rajhara,MBA,MIS Executive,Full Time,Medium,30 Days,17,150000
Rajnandgaon,BA,Accountant,Full Time,Large,30 Days,0,42000
Korba,BA,HR Executive,Full Time,Small,Immediately,0,26000
Raigarh,MBA,MIS Executive,Full Time,Medium,30 Days,8,150000
Bhatapara,B.Com,HR Executive,Full Time,Large,Immediately,1,49000
Bemetra,MBA,Account Manager,Full Time,Medium,Immediately,5,150000
Manendragarh,B.Com,Sales Executive,Contract,Large,15 Days,8,80000
Bemetra,BBA,MIS Executive,Full Time,Large,3 Months,6,96000
Bhilai,MBA,Digital Marketing Executive,Full Time,Medium,30 Days,14,150000
Mungeli,MA,Account Manager,Full Time,Small,15 Days,6,107000
Dalli-Rajhara,BA,HR Executive,Full Time,Medium,45 Days,8,63000
Rajnandgaon,B.Com,Content Writer,Full Time,Medium,30 Days,2,44000
Mahasamund,MBA,MIS Executive,Full Time,Medium,3 Months,16,150000
Ambikapur,BCA,HR Executive,Full Time,Large,30 Days,2,62000
Korba,Diploma,Accountant,Full Time,Large,30 Days,6,64000
Korba,Diploma,Content Writer,Contract,Medium,2 Months,7,37000
Sakti,B.Com,Business Analyst,Full Time,Small,3 Months,11,93000
Raipur,MA,Digital Marketing Executive,Full Time,Small,30 Days,7,100000
Sakti,10th Pass,Customer Support,Contract,Medium,15 Days,2,12000
Bemetra,10th Pass,Computer Operator,Full Time,Large,Immediately,1,14000
Korba,Diploma,Content Writer,Full Time,Large,45 Days,8,53000
Bhatapara,BA,Account Manager,Full Time,Small,30 Days,7,61000
Durg,M.Com,HR Executive,Contract,Small,30 Days,1,59000
Ambikapur,10th Pass,Sales Executive,Full Time,Small,30 Days,7,23000
Naila Janjgir,BBA,Business Analyst,Full Time,Large,Immediately,11,150000
Raigarh,M.Com,Business Analyst,Full Time,Medium,30 Days,8,150000
Raipur,BCA,Digital Marketing Executive,Intern,Large,3 Months,11,54000
Ambikapur,10th Pass,Computer Operator,Full Time,Large,45 Days,1,15000
Bhilai,B.Com,Sales Executive,Full Time,Medium,Immediately,0,43000
Mungeli,10th Pass,Computer Operator,Part Time,Large,30 Days,0,12000
Bilaspur,BCA,Customer Support,Full Time,Medium,15 Days,0,36000
Raigarh,12th Pass,Computer Operator,Full Time,Large,15 Days,6,27000
Bilaspur,BCA,Sales Executive,Full Time,Small,2 Months,5,57000
Tilda Newra,B.Com,Account Manager,Full Time,Medium,Immediately,7,93000
Bhatapara,Diploma,Sales Executive,Full Time,Large,45 Days,12,80000
Mungeli,12th Pass,Computer Operator,Part Time,Medium,30 Days,0,12000
Chirmiri,MA,MIS Executive,Full Time,Large,45 Days,7,133000
Raipur,12th Pass,Computer Operator,Intern,Medium,15 Days,0,8000
Mahasamund,M.Com,MIS Executive,Full Time,Medium,45 Days,6,131000
Rajnandgaon,BBA,Customer Support,Full Time,Medium,15 Days,2,45000
Mahasamund,MBA,HR Executive,Contract,Large,45 Days,1,104000
Korba,BBA,Account Manager,Full Time,Large,15 Days,3,94000
Mahasamund,BA,MIS Executive,Full Time,Small,2 Months,3,38000
Dalli-Rajhara,Diploma,Computer Operator,Intern,Small,Immediately,9,13000
Korba,10th Pass,Customer Support,Part Time,Large,45 Days,4,12000
Naila Janjgir,Diploma,Content Writer,Intern,Large,15 Days,13,29000
Bhatapara,Diploma,Accountant,Full Time,Small,2 Months,7,40000
Korba,Diploma,Computer Operator,Full Time,Small,15 Days,2,19000
Naila Janjgir,10th Pass,Customer Support,Full Time,Medium,2 Months,5,18000
Sakti,BA,Sales Executive,Full Time,Large,30 Days,15,109000
Dhamtari,BA,Business Analyst,Full Time,Small,2 Months,7,68000
Raipur,BBA,Account Manager,Full Time,Large,15 Days,4,118000
Raigarh,Diploma,Computer Operator,Full Time,Medium,3 Months,13,43000
Bemetra,MA,Account Manager,Full Time,Large,Immediately,5,145000
Tilda Newra,BBA,Customer Support,Full Time,Large,Immediately,1,46000
Dalli-Rajhara,12th Pass,Customer Support,Full Time,Small,Immediately,3,18000
Bemetra,BBA,MIS Executive,Contract,Medium,3 Months,7,73000
Tilda Newra,M.Com,Sales Executive,Full Time,Small,15 Days,4,86000
Mungeli,12th Pass,Customer Support,Intern,Medium,30 Days,9,13000
Tilda Newra,Diploma,Sales Executive,Full Time,Large,45 Days,3,42000
Mahasamund,M.Com,HR Executive,Contract,Medium,45 Days,7,100000
Korba,Diploma,Sales Executive,Part Time,Small,30 Days,0,15000
Sakti,BA,Account Manager,Full Time,Small,30 Days,9,60000
Bilaspur,12th Pass,Customer Support,Full Time,Large,30 Days,5,32000
Durg,BBA,Account Manager,Full Time,Small,Immediately,3,68000
Mungeli,MA,MIS Executive,Full Time,Small,3 Months,9,109000
Mahasamund,10th Pass,Computer Operator,Intern,Large,15 Days,5,8000
Jagdalpur,Diploma,Accountant,Intern,Small,30 Days,0,9000
Rajnandgaon,12th Pass,Content Writer,Contract,Large,Immediately,3,25000
Durg,Diploma,Accountant,Contract,Medium,3 Months,6,43000
Jagdalpur,BCA,MIS Executive,Intern,Small,3 Months,7,31000
Raipur,M.Com,Account Manager,Full Time,Large,3 Months,19,150000
Sakti,BCA,Sales Executive,Full Time,Small,15 Days,10,76000
Raipur,BA,HR Executive,Full Time,Large,3 Months,9,75000
Korba,12th Pass,Content Writer,Full Time,Large,2 Months,3,31000
Durg,BA,Account Manager,Full Time,Large,3 Months,5,76000
Dalli-Rajhara,BA,HR Executive,Full Time,Medium,30 Days,2,34000
Bhatapara,BBA,Account Manager,Full Time,Medium,45 Days,6,101000
Dhamtari,M.Com,MIS Executive,Full Time,Large,3 Months,14,150000
Naila Janjgir,B.Com,Business Analyst,Full Time,Small,3 Months,7,79000
Chirmiri,10th Pass,Sales Executive,Full Time,Large,15 Days,1,22000
Bhatapara,BCA,Account Manager,Full Time,Medium,45 Days,7,113000
Chirmiri,Diploma,Content Writer,Full Time,Small,45 Days,5,33000
Chirmiri,BCA,Sales Executive,Full Time,Small,30 Days,0,42000
Tilda Newra,Diploma,Accountant,Full Time,Medium,3 Months,7,50000
Bhilai,Diploma,Sales Executive,Contract,Large,15 Days,0,32000
Ambikapur,BA,Business Analyst,Full Time,Small,3 Months,7,66000
Jagdalpur,B.Com,HR Executive,Full Time,Small,15 Days,2,37000
Tilda Newra,BA,Sales Executive,Full Time,Large,45 Days,0,44000
Ambikapur,BA,Digital Marketing Executive,Part Time,Large,45 Days,6,46000
Tilda Newra,BCA,MIS Executive,Full Time,Large,2 Months,15,150000
Ambikapur,MA,MIS Executive,Full Time,Small,45 Days,7,89000
Ambikapur,BCA,Digital Marketing Executive,Full Time,Medium,30 Days,5,86000
Mungeli,M.Com,Digital Marketing Executive,Full Time,Small,3 Months,7,119000
Manendragarh,M.Com,Digital Marketing Executive,Full Time,Medium,3 Months,11,150000
Jagdalpur,BA,MIS Executive,Full Time,Small,2 Months,11,63000
Dhamtari,MBA,HR Executive,Full Time,Small,3 Months,9,143000
Jagdalpur,M.Com,Digital Marketing Executive,Full Time,Large,45 Days,5,144000
Bilaspur,B.Com,MIS Executive,Intern,Medium,Immediately,4,22000
Naila Janjgir,MBA,HR Executive,Full Time,Small,45 Days,1,84000
Jagdalpur,MA,MIS Executive,Full Time,Large,15 Days,8,150000
Manendragarh,B.Com,HR Executive,Full Time,Small,Immediately,0,30000
Raipur,B.Com,Digital Marketing Executive,Intern,Medium,Immediately,2,20000
Korba,BCA,Account Manager,Full Time,Medium,45 Days,3,82000
Raigarh,BBA,MIS Executive,Part Time,Small,2 Months,11,47000
Bhatapara,B.Com,Digital Marketing Executive,Full Time,Medium,30 Days,4,59000
Bhilai,BA,MIS Executive,Full Time,Large,30 Days,15,100000
Ambikapur,B.Com,Account Manager,Part Time,Large,3 Months,5,62000
Durg,12th Pass,Sales Executive,Part Time,Medium,2 Months,2,15000
Korba,BBA,Content Writer,Full Time,Medium,30 Days,0,38000
Durg,MBA,Account Manager,Full Time,Large,30 Days,2,150000
Rajnandgaon,Diploma,Sales Executive,Full Time,Medium,30 Days,9,54000
Bemetra,MBA,MIS Executive,Full Time,Small,Immediately,1,93000
Bemetra,10th Pass,Sales Executive,Contract,Medium,45 Days,6,19000
Bemetra,B.Com,HR Executive,Full Time,Large,3 Months,5,67000
Raigarh,BA,HR Executive,Part Time,Medium,30 Days,1,21000
Dhamtari,10th Pass,Computer Operator,Full Time,Large,15 Days,2,14000
Rajnandgaon,BCA,Accountant,Full Time,Large,15 Days,2,68000
Bemetra,B.Com,Digital Marketing Executive,Full Time,Large,2 Months,7,80000
Mungeli,BCA,Account Manager,Full Time,Large,15 Days,3,99000
Rajnandgaon,BBA,Account Manager,Intern,Large,45 Days,10,57000
Sakti,B.Com,Digital Marketing Executive,Contract,Small,2 Months,2,39000
Rajnandgaon,B.Com,Digital Marketing Executive,Full Time,Large,45 Days,10,102000
Bemetra,10th Pass,Computer Operator,Full Time,Small,45 Days,8,14000
Naila Janjgir,12th Pass,Customer Support,Part Time,Medium,15 Days,9,16000
Naila Janjgir,M.Com,Business Analyst,Full Time,Large,3 Months,8,150000
Ambikapur,12th Pass,Sales Executive,Full Time,Medium,Immediately,1,22000
Manendragarh,BA,Digital Marketing Executive,Full Time,Medium,Immediately,11,78000
Mahasamund,B.Com,Sales Executive,Full Time,Large,2 Months,8,84000
Raigarh,10th Pass,Sales Executive,Full Time,Medium,45 Days,4,20000
Jagdalpur,12th Pass,Customer Support,Full Time,Medium,15 Days,5,22000
Durg,M.Com,Account Manager,Contract,Small,30 Days,8,113000
Korba,10th Pass,Computer Operator,Full Time,Small,30 Days,2,12000
Durg,BBA,HR Executive,Full Time,Large,15 Days,3,72000
Sakti,BA,Sales Executive,Full Time,Large,15 Days,8,81000
Naila Janjgir,BBA,Account Manager,Full Time,Large,2 Months,11,150000
Korba,Diploma,Computer Operator,Full Time,Small,30 Days,0,17000
Ambikapur,10th Pass,Computer Operator,Full Time,Large,45 Days,3,17000
Naila Janjgir,MA,Account Manager,Full Time,Small,Immediately,3,85000
Chirmiri,12th Pass,Computer Operator,Contract,Medium,45 Days,6,21000
Rajnandgaon,B.Com,Accountant,Full Time,Medium,Immediately,1,46000
Mungeli,12th Pass,Accountant,Part Time,Medium,3 Months,5,18000
Naila Janjgir,12th Pass,Content Writer,Full Time,Large,Immediately,3,27000
Tilda Newra,12th Pass,Accountant,Full Time,Large,3 Months,6,38000
Dhamtari,BCA,Customer Support,Contract,Medium,Immediately,1,37000
Durg,10th Pass,Computer Operator,Full Time,Medium,15 Days,5,14000
Jagdalpur,12th Pass,Accountant,Part Time,Small,3 Months,2,13000
Bhatapara,BA,Customer Support,Part Time,Medium,2 Months,0,15000
Manendragarh,MBA,MIS Executive,Part Time,Large,30 Days,15,150000
Jagdalpur,MBA,Digital Marketing Executive,Part Time,Large,45 Days,4,99000
Bhilai,Diploma,Accountant,Full Time,Large,45 Days,12,67000
Bilaspur,BBA,Customer Support,Contract,Medium,30 Days,0,30000
Ambikapur,MBA,Account Manager,Full Time,Medium,30 Days,9,150000
Tilda Newra,MA,Business Analyst,Full Time,Medium,45 Days,13,150000
Dhamtari,M.Com,MIS Executive,Full Time,Large,2 Months,10,150000
Ambikapur,Diploma,Sales Executive,Contract,Large,30 Days,1,34000
Raipur,12th Pass,Sales Executive,Full Time,Medium,15 Days,4,33000
Dalli-Rajhara,B.Com,Account Manager,Part Time,Small,15 Days,3,36000
Dalli-Rajhara,B.Com,Digital Marketing Executive,Full Time,Small,30 Days,2,43000
Raigarh,M.Com,MIS Executive,Contract,Large,45 Days,2,115000
Bilaspur,10th Pass,Sales Executive,Part Time,Small,30 Days,1,12000
Bhatapara,MBA,HR Executive,Part Time,Small,45 Days,3,52000
Sakti,BBA,MIS Executive,Part Time,Small,Immediately,5,44000
Chirmiri,BBA,Accountant,Full Time,Large,30 Days,2,67000
Bemetra,BA,HR Executive,Full Time,Large,3 Months,11,80000
Mahasamund,BBA,HR Executive,Full Time,Medium,2 Months,2,52000
Tilda Newra,Diploma,Computer Operator,Contract,Medium,45 Days,1,19000
Bhilai,Diploma,Sales Executive,Full Time,Large,30 Days,10,70000
Jagdalpur,12th Pass,Computer Operator,Full Time,Small,30 Days,8,19000
Bemetra,MBA,Digital Marketing Executive,Full Time,Small,45 Days,9,150000
Bilaspur,MA,Sales Executive,Intern,Large,45 Days,3,42000
Durg,MBA,Sales Executive,Full Time,Medium,Immediately,4,127000
Raipur,MA,MIS Executive,Full Time,Medium,15 Days,7,119000
Korba,10th Pass,Customer Support,Full Time,Large,30 Days,6,22000
Dalli-Rajhara,MA,HR Executive,Contract,Large,15 Days,4,81000
Dhamtari,10th Pass,Computer Operator,Full Time,Medium,15 Days,4,15000
Ambikapur,BCA,HR Executive,Contract,Small,30 Days,0,34000
Mungeli,MBA,HR Executive,Part Time,Medium,3 Months,2,58000
Dhamtari,MA,Business Analyst,Full Time,Medium,2 Months,12,150000
Korba,BBA,MIS Executive,Part Time,Medium,3 Months,5,49000
Durg,M.Com,MIS Executive,Contract,Large,2 Months,15,150000
Sakti,BA,Digital Marketing Executive,Intern,Large,Immediately,4,25000
Dalli-Rajhara,BA,Sales Executive,Full Time,Large,30 Days,10,77000
Durg,BA,Account Manager,Part Time,Large,45 Days,4,44000
Korba,MA,Digital Marketing Executive,Full Time,Medium,3 Months,16,150000
Dalli-Rajhara,Diploma,Computer Operator,Full Time,Small,15 Days,3,21000
Bhilai,BBA,MIS Executive,Full Time,Large,45 Days,7,118000
Rajnandgaon,M.Com,Digital Marketing Executive,Full Time,Medium,45 Days,6,126000
Naila Janjgir,Diploma,Sales Executive,Full Time,Medium,3 Months,5,42000
Bemetra,Diploma,Accountant,Full Time,Medium,3 Months,14,79000
Dalli-Rajhara,10th Pass,Sales Executive,Full Time,Medium,30 Days,3,19000
Bhilai,BA,Business Analyst,Full Time,Large,Immediately,4,86000
Ambikapur,B.Com,Digital Marketing Executive,Full Time,Medium,2 Months,7,70000
Raipur,BA,Business Analyst,Full Time,Medium,30 Days,4,67000
Bemetra,BA,Customer Support,Contract,Medium,Immediately,1,24000
Mahasamund,M.Com,Business Analyst,Full Time,Medium,30 Days,8,150000
Bhilai,B.Com,Account Manager,Full Time,Medium,30 Days,6,84000
Bemetra,Diploma,Computer Operator,Intern,Large,30 Days,3,13000
Mahasamund,BCA,Digital Marketing Executive,Part Time,Medium,30 Days,0,30000
Ambikapur,B.Com,Digital Marketing Executive,Part Time,Small,30 Days,2,27000
Bhilai,MA,MIS Executive,Intern,Medium,3 Months,6,45000
Rajnandgaon,BBA,Business Analyst,Contract,Medium,30 Days,7,97000
Dhamtari,BA,Sales Executive,Full Time,Large,2 Months,8,86000
Raipur,BA,Digital Marketing Executive,Part Time,Large,Immediately,5,41000
Mahasamund,MBA,HR Executive,Intern,Small,2 Months,7,49000
Naila Janjgir,M.Com,MIS Executive,Full Time,Medium,2 Months,11,140000
Dalli-Rajhara,B.Com,HR Executive,Full Time,Small,30 Days,0,31000
Jagdalpur,BA,HR Executive,Full Time,Small,15 Days,6,42000
Tilda Newra,B.Com,Account Manager,Part Time,Large,3 Months,6,56000
Chirmiri,12th Pass,Computer Operator,Full Time,Medium,45 Days,8,29000
Manendragarh,BA,Business Analyst,Full Time,Medium,45 Days,6,77000
Tilda Newra,MA,Digital Marketing Executive,Full Time,Medium,2 Months,8,132000
Chirmiri,M.Com,HR Executive,Full Time,Small,45 Days,11,119000
Bhatapara,10th Pass,Customer Support,Full Time,Medium,45 Days,8,19000
Naila Janjgir,10th Pass,Customer Support,Full Time,Medium,45 Days,10,20000
Raigarh,12th Pass,Customer Support,Full Time,Small,Immediately,3,18000
Dalli-Rajhara,MA,Business Analyst,Full Time,Medium,2 Months,15,150000
Dalli-Rajhara,BCA,HR Executive,Full Time,Medium,3 Months,5,75000
Raipur,Diploma,Sales Executive,Full Time,Small,Immediately,13,64000
Sakti,12th Pass,Computer Operator,Full Time,Large,15 Days,1,20000
Mahasamund,MA,MIS Executive,Full Time,Small,15 Days,10,120000
Dalli-Rajhara,MBA,MIS Executive,Full Time,Small,30 Days,12,150000
Tilda Newra,M.Com,HR Executive,Full Time,Large,2 Months,7,143000
Bemetra,BA,Digital Marketing Executive,Part Time,Small,45 Days,2,21000
Bemetra,MA,MIS Executive,Full Time,Small,Immediately,1,57000
Dalli-Rajhara,Diploma,Content Writer,Contract,Medium,30 Days,2,27000
Durg,MA,Account Manager,Full Time,Medium,Immediately,3,102000
Naila Janjgir,BA,MIS Executive,Full Time,Small,45 Days,7,49000
Dhamtari,M.Com,MIS Executive,Part Time,Medium,Immediately,5,65000
Jagdalpur,12th Pass,Customer Support,Full Time,Large,30 Days,5,27000
Dhamtari,BA,Business Analyst,Full Time,Small,3 Months,7,63000
Chirmiri,BBA,Sales Executive,Full Time,Small,3 Months,5,58000
Manendragarh,12th Pass,Accountant,Full Time,Medium,45 Days,4,31000
Sakti,B.Com,Account Manager,Full Time,Large,3 Months,11,126000
Mahasamund,Diploma,Content Writer,Part Time,Medium,3 Months,14,35000
Raigarh,MBA,Account Manager,Full Time,Large,3 Months,10,150000
Raigarh,MA,HR Executive,Full Time,Large,Immediately,1,72000
Rajnandgaon,MA,Digital Marketing Executive,Full Time,Small,3 Months,15,149000
Bhilai,BBA,Sales Executive,Full Time,Small,30 Days,10,76000
Durg,12th Pass,Content Writer,Full Time,Small,30 Days,10,31000
Bilaspur,10th Pass,Computer Operator,Full Time,Small,30 Days,9,14000
Bemetra,12th Pass,Sales Executive,Part Time,Large,30 Days,0,17000
Dhamtari,B.Com,Digital Marketing Executive,Intern,Medium,30 Days,6,30000
Dalli-Rajhara,Diploma,Customer Support,Contract,Large,15 Days,1,24000
Dalli-Rajhara,BCA,Sales Executive,Contract,Small,30 Days,1,40000
Korba,MA,MIS Executive,Part Time,Small,Immediately,1,36000
Durg,Diploma,Customer Support,Contract,Large,30 Days,2,27000
Korba,BA,Business Analyst,Full Time,Small,2 Months,11,85000
Sakti,12th Pass,Computer Operator,Full Time,Small,2 Months,6,22000
Naila Janjgir,B.Com,Accountant,Part Time,Small,15 Days,2,26000
Mahasamund,MBA,HR Executive,Full Time,Large,15 Days,16,150000
Dhamtari,12th Pass,Sales Executive,Full Time,Medium,45 Days,2,26000
Korba,M.Com,Business Analyst,Contract,Large,30 Days,16,150000
Raipur,M.Com,Sales Executive,Part Time,Medium,2 Months,3,55000
Sakti,BA,Account Manager,Full Time,Small,15 Days,5,56000
Raigarh,M.Com,Digital Marketing Executive,Full Time,Small,30 Days,7,112000
Mungeli,Diploma,Accountant,Full Time,Large,3 Months,7,60000
Raigarh,MA,HR Executive,Full Time,Medium,Immediately,4,85000
Bhilai,Diploma,Sales Executive,Contract,Large,45 Days,7,47000
Sakti,MA,Business Analyst,Full Time,Large,45 Days,8,150000
Mahasamund,BCA,Sales Executive,Full Time,Large,30 Days,11,126000
Ambikapur,12th Pass,Sales Executive,Part Time,Medium,2 Months,6,21000
Chirmiri,MBA,MIS Executive,Intern,Small,30 Days,4,42000
Bhatapara,MA,Account Manager,Full Time,Medium,30 Days,4,116000
Dalli-Rajhara,BA,HR Executive,Full Time,Medium,2 Months,11,62000
Rajnandgaon,M.Com,MIS Executive,Full Time,Large,Immediately,3,131000
Dalli-Rajhara,Diploma,Sales Executive,Full Time,Large,30 Days,3,48000
Tilda Newra,BA,HR Executive,Full Time,Large,3 Months,6,63000
Ambikapur,BBA,HR Executive,Full Time,Large,30 Days,4,69000
Mahasamund,B.Com,Content Writer,Part Time,Medium,30 Days,1,20000
Manendragarh,M.Com,Digital Marketing Executive,Full Time,Large,30 Days,13,150000
Rajnandgaon,BCA,HR Executive,Full Time,Medium,2 Months,13,112000
Mahasamund,MA,Digital Marketing Executive,Full Time,Small,45 Days,7,91000
Bhilai,B.Com,MIS Executive,Full Time,Large,45 Days,10,115000
Raigarh,10th Pass,Sales Executive,Full Time,Medium,3 Months,7,21000
Mahasamund,BBA,HR Executive,Full Time,Large,2 Months,7,85000
Bemetra,Diploma,Computer Operator,Full Time,Small,30 Days,3,20000
Mungeli,BCA,Sales Executive,Full Time,Small,30 Days,0,39000
Naila Janjgir,10th Pass,Computer Operator,Full Time,Large,45 Days,2,14000
Ambikapur,MBA,Digital Marketing Executive,Full Time,Medium,Immediately,6,143000
Ambikapur,BA,Business Analyst,Part Time,Large,45 Days,6,55000
Bhatapara,10th Pass,Computer Operator,Contract,Large,30 Days,5,15000
Naila Janjgir,Diploma,Content Writer,Full Time,Large,2 Months,9,57000
Mahasamund,10th Pass,Customer Support,Contract,Large,30 Days,0,12000
Naila Janjgir,BBA,Business Analyst,Contract,Medium,45 Days,12,107000
Chirmiri,Diploma,Accountant,Full Time,Medium,30 Days,3,35000
Mahasamund,MBA,Digital Marketing Executive,Part Time,Small,45 Days,1,62000
Chirmiri,MA,MIS Executive,Full Time,Medium,45 Days,8,117000
Raigarh,BCA,Customer Support,Full Time,Large,2 Months,2,51000
Sakti,BBA,HR Executive,Full Time,Medium,45 Days,5,68000
Chirmiri,MA,Business Analyst,Full Time,Medium,2 Months,13,150000
Tilda Newra,BCA,Sales Executive,Full Time,Large,30 Days,6,96000
Bemetra,Diploma,Computer Operator,Full Time,Small,3 Months,11,33000
Naila Janjgir,12th Pass,Accountant,Full Time,Medium,Immediately,2,23000
Jagdalpur,B.Com,Business Analyst,Full Time,Medium,30 Days,7,98000
Rajnandgaon,BCA,Digital Marketing Executive,Contract,Medium,45 Days,7,78000
Dhamtari,12th Pass,Content Writer,Full Time,Small,30 Days,2,18000
Korba,MA,Account Manager,Full Time,Large,30 Days,3,132000
Tilda Newra,MA,Digital Marketing Executive,Full Time,Large,3 Months,16,150000
Ambikapur,BA,Accountant,Part Time,Large,45 Days,2,28000
Naila Janjgir,BCA,Account Manager,Full Time,Small,2 Months,4,75000
Tilda Newra,12th Pass,Accountant,Part Time,Large,2 Months,3,20000
Mahasamund,M.Com,HR Executive,Full Time,Small,30 Days,6,93000
Raigarh,BA,Account Manager,Part Time,Large,15 Days,7,48000
Naila Janjgir,10th Pass,Computer Operator,Full Time,Large,15 Days,0,12000
Bemetra,MA,MIS Executive,Contract,Small,30 Days,9,96000
Jagdalpur,Diploma,Accountant,Full Time,Large,2 Months,5,53000
Tilda Newra,BBA,Business Analyst,Full Time,Small,45 Days,3,70000
Korba,BA,Content Writer,Part Time,Small,Immediately,0,16000
Bemetra,BBA,Digital Marketing Executive,Full Time,Small,30 Days,7,83000
Jagdalpur,BCA,Sales Executive,Full Time,Medium,45 Days,4,65000
Mungeli,MA,Sales Executive,Full Time,Small,45 Days,2,66000
Dalli-Rajhara,10th Pass,Customer Support,Full Time,Medium,30 Days,8,21000
Tilda Newra,B.Com,Digital Marketing Executive,Contract,Large,2 Months,6,75000
Dalli-Rajhara,M.Com,MIS Executive,Full Time,Large,3 Months,14,150000
Rajnandgaon,Diploma,Computer Operator,Full Time,Medium,15 Days,2,23000
Bemetra,MA,Digital Marketing Executive,Full Time,Medium,2 Months,11,145000
Raigarh,BCA,HR Executive,Full Time,Small,3 Months,5,59000
Mahasamund,12th Pass,Accountant,Full Time,Small,3 Months,6,31000
Manendragarh,B.Com,Sales Executive,Full Time,Small,15 Days,3,47000
Ambikapur,M.Com,MIS Executive,Contract,Medium,15 Days,2,80000
Raigarh,12th Pass,Customer Support,Full Time,Small,3 Months,4,19000
Raipur,MBA,Digital Marketing Executive,Full Time,Small,30 Days,4,133000
Raipur,MBA,HR Executive,Full Time,Medium,45 Days,14,150000
Raipur,MBA,Digital Marketing Executive,Full Time,Medium,45 Days,10,150000
Bilaspur,Diploma,Customer Support,Full Time,Medium,3 Months,13,43000
Jagdalpur,BCA,Sales Executive,Full Time,Small,3 Months,6,66000
Dalli-Rajhara,B.Com,Sales Executive,Full Time,Medium,45 Days,9,63000
Ambikapur,BBA,Content Writer,Full Time,Large,15 Days,0,50000
Bhilai,10th Pass,Customer Support,Intern,Large,15 Days,1,8000
Bhatapara,B.Com,HR Executive,Full Time,Large,15 Days,1,50000
Durg,Diploma,Customer Support,Full Time,Large,3 Months,5,43000
Korba,B.Com,Account Manager,Full Time,Small,45 Days,13,96000
Raipur,M.Com,HR Executive,Contract,Small,3 Months,5,77000
Bemetra,B.Com,Digital Marketing Executive,Full Time,Large,30 Days,4,80000
Mahasamund,B.Com,MIS Executive,Full Time,Medium,30 Days,10,86000
Bilaspur,10th Pass,Customer Support,Full Time,Small,45 Days,5,13000
Sakti,B.Com,Sales Executive,Contract,Small,30 Days,7,55000
Tilda Newra,12th Pass,Sales Executive,Full Time,Large,Immediately,3,34000
Korba,10th Pass,Computer Operator,Contract,Medium,2 Months,7,12000
Manendragarh,BA,HR Executive,Full Time,Large,15 Days,3,47000
Naila Janjgir,M.Com,MIS Executive,Full Time,Large,15 Days,7,150000
Sakti,B.Com,HR Executive,Full Time,Large,2 Months,15,131000
Jagdalpur,MBA,Account Manager,Full Time,Small,2 Months,10,150000
Mahasamund,MBA,Digital Marketing Executive,Part Time,Small,30 Days,8,89000
Raigarh,10th Pass,Customer Support,Full Time,Small,3 Months,5,15000
Bemetra,BCA,Content Writer,Contract,Large,15 Days,0,49000
Bhilai,MBA,HR Executive,Full Time,Small,3 Months,2,83000
Mahasamund,MBA,MIS Executive,Full Time,Medium,45 Days,6,148000
Ambikapur,MA,Digital Marketing Executive,Full Time,Large,30 Days,9,141000
Dalli-Rajhara,BA,HR Executive,Part Time,Small,30 Days,5,24000
Manendragarh,BA,Content Writer,Full Time,Medium,45 Days,2,33000
Bilaspur,MBA,MIS Executive,Full Time,Large,45 Days,6,150000
Naila Janjgir,BBA,Digital Marketing Executive,Part Time,Small,Immediately,2,34000
Rajnandgaon,B.Com,Digital Marketing Executive,Part Time,Large,45 Days,6,57000
Raigarh,Diploma,Customer Support,Contract,Large,15 Days,2,27000
Bhatapara,MA,Digital Marketing Executive,Part Time,Small,3 Months,16,102000
Jagdalpur,BA,HR Executive,Contract,Large,30 Days,4,44000
Korba,B.Com,MIS Executive,Full Time,Large,15 Days,6,83000
Ambikapur,10th Pass,Customer Support,Contract,Large,30 Days,3,15000
Mungeli,B.Com,Accountant,Full Time,Small,15 Days,1,41000
Naila Janjgir,M.Com,Account Manager,Part Time,Medium,30 Days,12,106000
Mungeli,10th Pass,Sales Executive,Intern,Large,30 Days,3,8000
Bhilai,BBA,Digital Marketing Executive,Contract,Small,3 Months,8,71000
Bhatapara,MA,HR Executive,Contract,Medium,3 Months,16,143000
Tilda Newra,M.Com,HR Executive,Contract,Small,45 Days,14,119000
Sakti,12th Pass,Computer Operator,Part Time,Medium,Immediately,1,12000
Dalli-Rajhara,MA,Business Analyst,Full Time,Small,2 Months,5,104000
Bilaspur,MBA,Business Analyst,Full Time,Small,30 Days,6,150000
Raipur,10th Pass,Sales Executive,Part Time,Small,15 Days,1,12000
Bemetra,12th Pass,Content Writer,Full Time,Small,45 Days,4,22000
Raipur,BA,MIS Executive,Full Time,Small,45 Days,7,54000
Bhatapara,BCA,HR Executive,Part Time,Small,45 Days,0,23000
Tilda Newra,BBA,Sales Executive,Contract,Small,2 Months,5,53000
Mahasamund,10th Pass,Customer Support,Intern,Medium,Immediately,0,8000
Mungeli,BCA,MIS Executive,Full Time,Large,2 Months,11,119000
Tilda Newra,12th Pass,Accountant,Full Time,Large,45 Days,3,35000
Manendragarh,10th Pass,Computer Operator,Full Time,Large,15 Days,4,15000
Sakti,MA,Sales Executive,Contract,Large,30 Days,1,75000
Chirmiri,MA,HR Executive,Part Time,Medium,15 Days,16,99000
Raipur,MBA,Account Manager,Full Time,Medium,3 Months,10,150000
Naila Janjgir,BCA,Sales Executive,Full Time,Small,30 Days,12,84000
Rajnandgaon,M.Com,Business Analyst,Full Time,Medium,3 Months,15,150000
Tilda Newra,MBA,MIS Executive,Contract,Small,30 Days,7,119000
Mungeli,B.Com,Business Analyst,Full Time,Medium,3 Months,11,108000
Jagdalpur,B.Com,MIS Executive,Contract,Large,2 Months,15,133000
Manendragarh,MA,Sales Executive,Full Time,Large,15 Days,4,105000
Bilaspur,BA,Account Manager,Full Time,Large,2 Months,15,125000
Rajnandgaon,BBA,Customer Support,Full Time,Medium,45 Days,2,41000
Jagdalpur,B.Com,Sales Executive,Part Time,Medium,15 Days,2,26000
Bhilai,BCA,Account Manager,Full Time,Large,45 Days,15,150000
Dhamtari,MBA,Digital Marketing Executive,Full Time,Small,3 Months,3,110000
Ambikapur,10th Pass,Sales Executive,Contract,Small,2 Months,5,15000
Dhamtari,M.Com,MIS Executive,Full Time,Small,45 Days,16,150000
Tilda Newra,B.Com,HR Executive,Part Time,Medium,15 Days,6,37000
Rajnandgaon,10th Pass,Customer Support,Full Time,Large,2 Months,6,20000
Sakti,10th Pass,Sales Executive,Full Time,Small,2 Months,6,20000
Korba,MBA,Digital Marketing Executive,Full Time,Medium,30 Days,5,149000
Dhamtari,BCA,Digital Marketing Executive,Part Time,Small,Immediately,0,27000
Ambikapur,10th Pass,Customer Support,Full Time,Large,30 Days,8,27000
Raigarh,BA,MIS Executive,Part Time,Large,30 Days,4,40000
Jagdalpur,B.Com,Sales Executive,Full Time,Medium,30 Days,7,71000
Ambikapur,BBA,Digital Marketing Executive,Full Time,Medium,3 Months,7,83000
Korba,BBA,HR Executive,Part Time,Medium,45 Days,1,29000
Bilaspur,B.Com,Digital Marketing Executive,Full Time,Small,Immediately,7,65000
Bhilai,Diploma,Computer Operator,Full Time,Small,Immediately,2,19000
Bilaspur,MBA,Digital Marketing Executive,Full Time,Medium,3 Months,10,150000
Sakti,B.Com,Sales Executive,Full Time,Large,30 Days,1,51000
Mungeli,BBA,Content Writer,Part Time,Small,30 Days,0,21000
Jagdalpur,B.Com,HR Executive,Full Time,Large,2 Months,12,99000
Bhilai,12th Pass,Content Writer,Full Time,Medium,3 Months,6,28000
Jagdalpur,12th Pass,Content Writer,Intern,Small,2 Months,9,10000
Dalli-Rajhara,BBA,Account Manager,Part Time,Small,15 Days,6,51000
Jagdalpur,B.Com,Business Analyst,Full Time,Medium,3 Months,12,102000
Bilaspur,12th Pass,Customer Support,Part Time,Medium,45 Days,2,12000
Dhamtari,BA,Account Manager,Full Time,Small,2 Months,7,65000
Bhilai,M.Com,Business Analyst,Full Time,Small,30 Days,10,150000
Mungeli,10th Pass,Customer Support,Full Time,Large,15 Days,6,20000
Manendragarh,BA,Digital Marketing Executive,Full Time,Large,3 Months,6,73000
Bemetra,B.Com,Business Analyst,Intern,Small,2 Months,5,27000
Bhatapara,BA,Digital Marketing Executive,Full Time,Medium,Immediately,11,71000
Bhilai,MBA,MIS Executive,Part Time,Large,45 Days,1,85000
Raipur,MBA,Digital Marketing Executive,Full Time,Medium,2 Months,7,150000
Naila Janjgir,M.Com,HR Executive,Part Time,Large,45 Days,7,89000
Manendragarh,BCA,Sales Executive,Full Time,Small,2 Months,4,55000
Mungeli,MA,MIS Executive,Full Time,Large,45 Days,7,131000
Dhamtari,MBA,MIS Executive,Full Time,Medium,30 Days,10,150000
Durg,BA,Digital Marketing Executive,Full Time,Large,45 Days,4,64000
Chirmiri,Diploma,Customer Support,Contract,Large,15 Days,0,25000
Tilda Newra,BBA,Business Analyst,Full Time,Small,30 Days,12,121000
Bhilai,MBA,Digital Marketing Executive,Full Time,Medium,30 Days,3,135000
Chirmiri,Diploma,Customer Support,Part Time,Medium,Immediately,0,12000
Sakti,MA,Business Analyst,Contract,Large,3 Months,18,150000
Korba,MBA,MIS Executive,Full Time,Medium,30 Days,9,150000
Bilaspur,BCA,HR Executive,Full Time,Small,Immediately,3,44000
Tilda Newra,BCA,Account Manager,Intern,Large,15 Days,3,39000
Bhatapara,BA,Business Analyst,Full Time,Small,30 Days,4,47000
Mahasamund,MA,Account Manager,Full Time,Small,30 Days,11,119000
Dhamtari,Diploma,Customer Support,Full Time,Small,45 Days,2,23000
Mungeli,12th Pass,Computer Operator,Contract,Large,30 Days,0,16000
Mahasamund,Diploma,Sales Executive,Full Time,Small,45 Days,11,55000
Mungeli,Diploma,Content Writer,Full Time,Large,15 Days,2,32000
Durg,M.Com,Digital Marketing Executive,Full Time,Medium,30 Days,4,108000
Korba,BCA,Sales Executive,Part Time,Small,15 Days,2,28000
Jagdalpur,M.Com,Business Analyst,Full Time,Medium,15 Days,11,150000
Bilaspur,12th Pass,Accountant,Full Time,Large,2 Months,6,47000
Sakti,BCA,Digital Marketing Executive,Full Time,Medium,15 Days,11,113000
Sakti,12th Pass,Sales Executive,Full Time,Large,30 Days,6,50000
Dalli-Rajhara,MA,MIS Executive,Full Time,Large,2 Months,5,131000
Raigarh,BBA,Account Manager,Full Time,Small,15 Days,4,80000
Jagdalpur,12th Pass,Sales Executive,Full Time,Small,15 Days,2,23000
Chirmiri,BCA,Accountant,Full Time,Medium,30 Days,0,51000
Mungeli,BA,HR Executive,Full Time,Medium,Immediately,4,40000
Mahasamund,B.Com,MIS Executive,Full Time,Medium,2 Months,10,88000
Ambikapur,MBA,Digital Marketing Executive,Full Time,Small,45 Days,1,91000
Naila Janjgir,MA,HR Executive,Full Time,Small,30 Days,10,100000
Durg,BA,MIS Executive,Part Time,Small,45 Days,11,34000
Naila Janjgir,BA,Content Writer,Full Time,Medium,Immediately,2,31000
Durg,MBA,Account Manager,Part Time,Large,15 Days,17,150000
Mahasamund,B.Com,HR Executive,Full Time,Small,15 Days,1,31000
Naila Janjgir,MBA,MIS Executive,Full Time,Large,45 Days,9,150000
Mungeli,M.Com,Digital Marketing Executive,Full Time,Small,3 Months,9,127000
Raipur,10th Pass,Customer Support,Full Time,Small,3 Months,10,18000
Raigarh,MBA,HR Executive,Part Time,Small,3 Months,5,59000
Bilaspur,12th Pass,Content Writer,Full Time,Small,Immediately,4,21000
Sakti,BCA,MIS Executive,Full Time,Medium,30 Days,5,78000
Mahasamund,BCA,HR Executive,Contract,Medium,30 Days,6,68000
Jagdalpur,10th Pass,Customer Support,Contract,Small,2 Months,6,13000
Chirmiri,MA,MIS Executive,Full Time,Small,2 Months,7,104000
Sakti,MBA,Account Manager,Part Time,Medium,2 Months,8,117000
Chirmiri,Diploma,Accountant,Full Time,Large,30 Days,11,81000
Manendragarh,Diploma,Content Writer,Full Time,Medium,30 Days,12,51000
Tilda Newra,BBA,Account Manager,Full Time,Large,2 Months,3,94000
Mahasamund,M.Com,Account Manager,Full Time,Medium,15 Days,8,150000
Ambikapur,B.Com,MIS Executive,Full Time,Medium,15 Days,3,58000
Chirmiri,MBA,Digital Marketing Executive,Full Time,Medium,3 Months,5,144000
Bhatapara,Diploma,Accountant,Intern,Medium,15 Days,1,12000
Mahasamund,MA,Business Analyst,Full Time,Small,30 Days,15,150000
Durg,12th Pass,Sales Executive,Full Time,Medium,45 Days,6,36000
Mungeli,M.Com,HR Executive,Full Time,Small,15 Days,5,74000
Dhamtari,M.Com,MIS Executive,Intern,Large,2 Months,4,58000
Raigarh,M.Com,Account Manager,Contract,Large,15 Days,13,150000
Dalli-Rajhara,12th Pass,Customer Support,Intern,Medium,45 Days,3,8000
Raipur,12th Pass,Customer Support,Full Time,Medium,15 Days,7,28000
Jagdalpur,BCA,Account Manager,Full Time,Small,45 Days,6,88000
Raigarh,BA,Sales Executive,Contract,Medium,2 Months,6,48000
Jagdalpur,BA,Digital Marketing Executive,Full Time,Large,45 Days,3,62000
Bhatapara,B.Com,Digital Marketing Executive,Contract,Medium,15 Days,2,45000
Mahasamund,MA,HR Executive,Contract,Small,30 Days,10,90000
Dalli-Rajhara,BCA,Digital Marketing Executive,Full Time,Large,30 Days,4,95000
Jagdalpur,12th Pass,Customer Support,Full Time,Small,Immediately,6,21000
Mahasamund,M.Com,Sales Executive,Full Time,Large,45 Days,2,100000
Mungeli,BA,Content Writer,Contract,Medium,Immediately,2,32000
Jagdalpur,Diploma,Content Writer,Full Time,Medium,30 Days,4,37000
Raigarh,BA,Digital Marketing Executive,Full Time,Medium,15 Days,8,64000
Jagdalpur,B.Com,Business Analyst,Full Time,Large,3 Months,7,116000
Chirmiri,B.Com,MIS Executive,Full Time,Small,2 Months,14,84000
Tilda Newra,BCA,Sales Executive,Full Time,Large,15 Days,1,60000
Naila Janjgir,M.Com,MIS Executive,Full Time,Medium,30 Days,6,128000
Manendragarh,Diploma,Sales Executive,Part Time,Small,2 Months,0,16000
Manendragarh,Diploma,Computer Operator,Full Time,Small,15 Days,2,21000
Mungeli,12th Pass,Accountant,Full Time,Small,45 Days,3,23000
Chirmiri,B.Com,Sales Executive,Full Time,Small,45 Days,9,59000
Tilda Newra,10th Pass,Sales Executive,Contract,Medium,Immediately,1,13000
Mahasamund,MA,Digital Marketing Executive,Full Time,Small,45 Days,4,74000
Bilaspur,10th Pass,Computer Operator,Full Time,Large,30 Days,2,14000
Bilaspur,Diploma,Customer Support,Full Time,Small,Immediately,2,20000
Raigarh,B.Com,Account Manager,Full Time,Large,15 Days,3,79000
Bhilai,MBA,MIS Executive,Part Time,Medium,15 Days,4,80000
Jagdalpur,MA,MIS Executive,Full Time,Small,3 Months,7,91000
Jagdalpur,M.Com,Business Analyst,Contract,Small,30 Days,5,102000
Ambikapur,10th Pass,Customer Support,Full Time,Large,Immediately,3,17000
Bhilai,B.Com,Customer Support,Full Time,Medium,Immediately,1,35000
Bhilai,Diploma,Computer Operator,Full Time,Small,30 Days,2,19000
Raigarh,BA,Account Manager,Full Time,Small,30 Days,6,52000
Manendragarh,BBA,Digital Marketing Executive,Full Time,Small,2 Months,2,51000
Ambikapur,MBA,Sales Executive,Full Time,Large,45 Days,4,150000
Raigarh,BA,HR Executive,Full Time,Large,2 Months,5,59000
Dalli-Rajhara,Diploma,Accountant,Full Time,Small,2 Months,9,43000
Manendragarh,10th Pass,Customer Support,Full Time,Large,15 Days,3,19000
Sakti,M.Com,Business Analyst,Full Time,Medium,45 Days,14,150000
Bemetra,BCA,Digital Marketing Executive,Full Time,Small,2 Months,8,91000
Mahasamund,B.Com,Sales Executive,Part Time,Large,30 Days,2,35000
Raigarh,MA,HR Executive,Intern,Medium,45 Days,2,27000
Ambikapur,B.Com,Content Writer,Part Time,Medium,45 Days,2,23000
Sakti,M.Com,HR Executive,Contract,Medium,Immediately,6,106000
Bhatapara,Diploma,Customer Support,Full Time,Large,45 Days,3,36000
Durg,BBA,HR Executive,Full Time,Small,2 Months,6,64000
Bhatapara,BBA,MIS Executive,Full Time,Small,2 Months,7,79000
Naila Janjgir,MBA,Account Manager,Full Time,Small,3 Months,10,150000
Manendragarh,BBA,HR Executive,Full Time,Large,3 Months,7,86000
Mungeli,M.Com,MIS Executive,Full Time,Large,2 Months,14,150000
Sakti,MA,HR Executive,Full Time,Small,30 Days,4,63000
Ambikapur,MA,Digital Marketing Executive,Full Time,Medium,3 Months,20,150000
Bhatapara,BCA,Content Writer,Intern,Large,Immediately,0,20000
Naila Janjgir,B.Com,MIS Executive,Intern,Medium,15 Days,3,24000
Mungeli,BCA,Sales Executive,Intern,Medium,45 Days,3,27000
Dalli-Rajhara,MBA,HR Executive,Full Time,Medium,30 Days,15,150000
Bhatapara,MBA,Business Analyst,Full Time,Medium,3 Months,9,150000
Bilaspur,10th Pass,Computer Operator,Full Time,Medium,15 Days,5,15000
Raipur,BA,MIS Executive,Full Time,Large,30 Days,3,58000
Mahasamund,Diploma,Accountant,Full Time,Medium,2 Months,3,37000
Bilaspur,B.Com,HR Executive,Full Time,Large,15 Days,5,67000
Jagdalpur,BA,Content Writer,Part Time,Medium,45 Days,2,20000
Raigarh,MBA,Business Analyst,Intern,Small,30 Days,10,76000
Sakti,BA,Account Manager,Full Time,Small,30 Days,9,65000
Bilaspur,10th Pass,Computer Operator,Full Time,Medium,30 Days,8,18000
Ambikapur,BCA,Sales Executive,Part Time,Medium,15 Days,12,59000
Korba,BBA,Account Manager,Full Time,Medium,2 Months,14,126000
Korba,10th Pass,Computer Operator,Contract,Small,2 Months,3,12000
Dalli-Rajhara,10th Pass,Customer Support,Part Time,Large,15 Days,2,12000
Mahasamund,B.Com,Sales Executive,Full Time,Small,45 Days,5,51000
Dhamtari,MBA,HR Executive,Full Time,Small,15 Days,9,148000
Dalli-Rajhara,MA,Digital Marketing Executive,Full Time,Small,30 Days,10,111000
Sakti,MA,Digital Marketing Executive,Full Time,Small,45 Days,3,71000
Bhatapara,B.Com,Account Manager,Full Time,Small,2 Months,15,113000
Bhilai,MBA,Sales Executive,Full Time,Small,15 Days,2,92000
Tilda Newra,MA,HR Executive,Contract,Small,30 Days,7,76000
Durg,BBA,Sales Executive,Full Time,Large,30 Days,3,79000
Raipur,Diploma,Customer Support,Full Time,Medium,30 Days,5,34000
Jagdalpur,M.Com,MIS Executive,Full Time,Large,45 Days,3,130000
Manendragarh,B.Com,Business Analyst,Contract,Large,2 Months,5,102000
Mungeli,10th Pass,Computer Operator,Part Time,Large,Immediately,1,12000
Dhamtari,BA,Account Manager,Full Time,Medium,45 Days,14,97000
Dalli-Rajhara,BCA,Accountant,Contract,Large,30 Days,0,59000
Rajnandgaon,MBA,Digital Marketing Executive,Full Time,Medium,45 Days,5,142000
Raipur,MBA,Digital Marketing Executive,Full Time,Medium,2 Months,9,150000
Durg,MBA,Digital Marketing Executive,Contract,Small,15 Days,1,92000
Mungeli,Diploma,Content Writer,Part Time,Small,15 Days,2,14000
Bhatapara,BA,Digital Marketing Executive,Full Time,Medium,Immediately,1,43000
Mahasamund,12th Pass,Sales Executive,Full Time,Medium,30 Days,3,30000
Bhatapara,12th Pass,Content Writer,Intern,Medium,3 Months,5,11000
Raigarh,12th Pass,Accountant,Contract,Small,45 Days,4,23000
Ambikapur,B.Com,HR Executive,Part Time,Small,2 Months,5,27000
Raipur,MA,HR Executive,Full Time,Large,3 Months,5,89000
Tilda Newra,M.Com,MIS Executive,Full Time,Small,Immediately,15,150000
Dhamtari,10th Pass,Computer Operator,Full Time,Small,3 Months,2,12000
Dalli-Rajhara,MA,Sales Executive,Full Time,Small,30 Days,3,58000
Bilaspur,MA,MIS Executive,Full Time,Small,2 Months,14,111000
Dhamtari,B.Com,HR Executive,Full Time,Large,2 Months,5,68000
Rajnandgaon,MA,HR Executive,Contract,Large,30 Days,2,81000
Jagdalpur,MBA,Digital Marketing Executive,Full Time,Large,45 Days,8,150000
Korba,BCA,Customer Support,Part Time,Medium,45 Days,2,25000
Dhamtari,Diploma,Content Writer,Full Time,Small,30 Days,1,20000
Naila Janjgir,B.Com,Digital Marketing Executive,Part Time,Large,2 Months,3,45000
Naila Janjgir,BA,Sales Executive,Full Time,Medium,2 Months,12,85000
Tilda Newra,10th Pass,Customer Support,Part Time,Small,45 Days,7,12000
Mungeli,B.Com,Sales Executive,Full Time,Small,45 Days,6,46000
Bilaspur,B.Com,Customer Support,Full Time,Large,15 Days,2,45000
Ambikapur,MA,Account Manager,Part Time,Medium,30 Days,4,70000
Bilaspur,12th Pass,Sales Executive,Part Time,Large,30 Days,0,18000
Bemetra,BCA,Sales Executive,Full Time,Large,2 Months,6,104000
Dalli-Rajhara,12th Pass,Accountant,Full Time,Small,30 Days,6,30000
Korba,BBA,Sales Executive,Part Time,Small,15 Days,0,25000
Mahasamund,MBA,HR Executive,Full Time,Medium,2 Months,3,114000
Bemetra,MBA,Business Analyst,Intern,Small,3 Months,18,126000
Dhamtari,BCA,Business Analyst,Full Time,Medium,15 Days,4,86000
Tilda Newra,12th Pass,Computer Operator,Full Time,Small,30 Days,4,17000
Korba,M.Com,Digital Marketing Executive,Part Time,Large,30 Days,5,95000
Manendragarh,BA,Sales Executive,Full Time,Large,45 Days,7,67000
Jagdalpur,BCA,Account Manager,Full Time,Medium,3 Months,9,114000
Raipur,MA,MIS Executive,Full Time,Large,2 Months,15,150000
Ambikapur,12th Pass,Customer Support,Contract,Medium,45 Days,12,27000
Dhamtari,BCA,MIS Executive,Full Time,Medium,45 Days,11,112000
Dalli-Rajhara,12th Pass,Computer Operator,Part Time,Large,15 Days,8,20000
Dalli-Rajhara,10th Pass,Computer Operator,Full Time,Medium,45 Days,10,23000
Naila Janjgir,12th Pass,Customer Support,Contract,Large,Immediately,1,21000
Durg,Diploma,Content Writer,Full Time,Large,2 Months,12,61000
Korba,B.Com,Sales Executive,Full Time,Large,15 Days,1,54000
Bilaspur,Diploma,Accountant,Full Time,Medium,30 Days,7,49000
Jagdalpur,M.Com,MIS Executive,Full Time,Medium,2 Months,7,129000
Mungeli,10th Pass,Sales Executive,Full Time,Small,Immediately,4,17000
Mahasamund,M.Com,Business Analyst,Full Time,Large,45 Days,10,150000
Manendragarh,BCA,Digital Marketing Executive,Full Time,Medium,Immediately,2,58000
Manendragarh,BBA,Sales Executive,Contract,Large,45 Days,8,107000
Raigarh,Diploma,Sales Executive,Contract,Medium,30 Days,2,29000
Manendragarh,MBA,MIS Executive,Full Time,Medium,3 Months,19,150000
Raipur,Diploma,Content Writer,Full Time,Large,Immediately,7,54000
Durg,M.Com,MIS Executive,Full Time,Large,30 Days,5,150000
Chirmiri,BCA,HR Executive,Full Time,Medium,3 Months,5,69000
Bilaspur,Diploma,Content Writer,Full Time,Small,30 Days,10,42000
Jagdalpur,MBA,Digital Marketing Executive,Full Time,Large,2 Months,3,150000
Rajnandgaon,MBA,Digital Marketing Executive,Full Time,Medium,2 Months,14,150000
Jagdalpur,BCA,Sales Executive,Part Time,Large,3 Months,14,99000
Manendragarh,BCA,Business Analyst,Contract,Large,15 Days,6,118000
Mungeli,BCA,Digital Marketing Executive,Part Time,Medium,3 Months,7,53000
Ambikapur,BCA,Sales Executive,Full Time,Large,45 Days,12,116000
Dhamtari,Diploma,Customer Support,Part Time,Large,15 Days,1,18000
Jagdalpur,10th Pass,Computer Operator,Full Time,Large,2 Months,3,16000
Bilaspur,BCA,MIS Executive,Full Time,Medium,2 Months,13,115000
Jagdalpur,12th Pass,Sales Executive,Full Time,Small,Immediately,5,27000
Manendragarh,M.Com,Account Manager,Full Time,Small,45 Days,7,128000
Manendragarh,M.Com,Business Analyst,Full Time,Large,15 Days,10,150000
Bhatapara,BCA,MIS Executive,Full Time,Medium,2 Months,8,87000
Chirmiri,MBA,MIS Executive,Full Time,Large,2 Months,6,150000
Sakti,BCA,MIS Executive,Full Time,Medium,30 Days,7,93000
Bhatapara,B.Com,HR Executive,Full Time,Small,2 Months,8,53000
Manendragarh,B.Com,Account Manager,Full Time,Small,3 Months,9,77000
Mungeli,B.Com,Content Writer,Intern,Large,Immediately,0,16000
Rajnandgaon,B.Com,Accountant,Full Time,Small,45 Days,1,39000
Korba,B.Com,Account Manager,Full Time,Medium,45 Days,3,66000
Dhamtari,10th Pass,Computer Operator,Full Time,Small,45 Days,4,12000
Raipur,12th Pass,Computer Operator,Full Time,Large,45 Days,8,35000
Ambikapur,BCA,Accountant,Full Time,Small,30 Days,0,44000
Chirmiri,B.Com,Digital Marketing Executive,Full Time,Medium,45 Days,12,77000
Korba,MBA,Business Analyst,Full Time,Large,30 Days,5,150000
Raigarh,M.Com,Business Analyst,Full Time,Medium,2 Months,14,150000
Bemetra,B.Com,Digital Marketing Executive,Full Time,Large,45 Days,3,71000
Dhamtari,BA,Digital Marketing Executive,Full Time,Small,15 Days,7,45000
Durg,12th Pass,Accountant,Full Time,Small,30 Days,7,33000
Manendragarh,Diploma,Accountant,Part Time,Large,Immediately,0,21000
Bhilai,B.Com,Accountant,Full Time,Large,15 Days,1,50000
Raigarh,BBA,Sales Executive,Full Time,Small,30 Days,6,73000
Durg,BA,HR Executive,Full Time,Medium,2 Months,4,42000
Tilda Newra,MA,MIS Executive,Full Time,Medium,2 Months,2,72000
Ambikapur,BBA,Digital Marketing Executive,Full Time,Medium,45 Days,7,87000
Bilaspur,M.Com,Digital Marketing Executive,Full Time,Large,30 Days,7,150000
Raigarh,MBA,Digital Marketing Executive,Full Time,Small,2 Months,2,113000
Mahasamund,M.Com,Business Analyst,Part Time,Large,3 Months,10,150000
Dalli-Rajhara,MA,HR Executive,Contract,Medium,Immediately,4,70000
Bemetra,BA,Business Analyst,Contract,Small,15 Days,13,79000
Mahasamund,MBA,Business Analyst,Part Time,Large,2 Months,8,150000
Dalli-Rajhara,12th Pass,Accountant,Full Time,Small,Immediately,0,17000
Dhamtari,BA,MIS Executive,Full Time,Large,45 Days,7,79000
Raipur,Diploma,Accountant,Full Time,Large,15 Days,5,53000
Manendragarh,M.Com,Digital Marketing Executive,Full Time,Medium,30 Days,11,150000
Raipur,MA,MIS Executive,Contract,Small,45 Days,14,116000
Tilda Newra,BA,Sales Executive,Full Time,Small,30 Days,3,35000
Jagdalpur,BBA,Customer Support,Full Time,Medium,15 Days,0,35000
Ambikapur,BCA,HR Executive,Full Time,Small,45 Days,7,54000
Rajnandgaon,BBA,MIS Executive,Full Time,Large,30 Days,5,90000
Ambikapur,BCA,Sales Executive,Part Time,Medium,15 Days,1,29000
Durg,BCA,Business Analyst,Full Time,Small,30 Days,12,107000
Durg,10th Pass,Computer Operator,Full Time,Large,30 Days,8,24000
Chirmiri,B.Com,Business Analyst,Full Time,Medium,30 Days,4,76000
Naila Janjgir,BCA,Business Analyst,Intern,Small,3 Months,11,46000
Mahasamund,BCA,MIS Executive,Full Time,Large,45 Days,5,87000
Dalli-Rajhara,10th Pass,Sales Executive,Intern,Large,30 Days,5,12000
Ambikapur,M.Com,MIS Executive,Full Time,Large,15 Days,10,150000
Bhatapara,MBA,Account Manager,Full Time,Large,30 Days,16,150000
Sakti,MA,Business Analyst,Full Time,Small,2 Months,8,115000
Raigarh,B.Com,Sales Executive,Contract,Medium,30 Days,1,42000
Ambikapur,10th Pass,Sales Executive,Full Time,Large,2 Months,4,28000
Tilda Newra,10th Pass,Computer Operator,Full Time,Large,45 Days,3,16000
Ambikapur,BCA,MIS Executive,Full Time,Medium,30 Days,11,106000
Dalli-Rajhara,12th Pass,Computer Operator,Full Time,Small,30 Days,11,21000
Durg,BA,HR Executive,Intern,Large,30 Days,15,37000
Rajnandgaon,BCA,Sales Executive,Full Time,Small,15 Days,5,57000
Mungeli,BBA,MIS Executive,Full Time,Large,15 Days,10,150000
Manendragarh,10th Pass,Customer Support,Full Time,Small,30 Days,0,12000
Bilaspur,MBA,Account Manager,Contract,Medium,45 Days,2,123000
Jagdalpur,BCA,Digital Marketing Executive,Full Time,Medium,45 Days,4,81000
Rajnandgaon,M.Com,Digital Marketing Executive,Full Time,Large,30 Days,4,132000
Raigarh,MBA,Business Analyst,Contract,Small,45 Days,9,150000
Durg,MBA,Business Analyst,Full Time,Medium,15 Days,17,150000
Mungeli,M.Com,Business Analyst,Full Time,Large,3 Months,13,150000
Durg,MA,Business Analyst,Contract,Medium,30 Days,7,125000
Bilaspur,12th Pass,Customer Support,Full Time,Large,3 Months,12,44000
Mahasamund,MBA,HR Executive,Full Time,Large,45 Days,9,150000
Raipur,BCA,Business Analyst,Full Time,Small,45 Days,7,81000
Durg,BBA,HR Executive,Part Time,Large,15 Days,1,39000
Dalli-Rajhara,Diploma,Accountant,Part Time,Large,30 Days,0,21000
Chirmiri,BBA,Sales Executive,Full Time,Medium,30 Days,3,66000
Raipur,Diploma,Sales Executive,Full Time,Small,2 Months,15,55000
Bilaspur,MA,MIS Executive,Full Time,Small,2 Months,10,112000
Sakti,BA,Business Analyst,Full Time,Small,45 Days,15,108000
Ambikapur,10th Pass,Computer Operator,Full Time,Large,15 Days,4,17000
Rajnandgaon,BCA,HR Executive,Full Time,Large,15 Days,6,84000
Naila Janjgir,BCA,MIS Executive,Full Time,Small,30 Days,10,84000
Naila Janjgir,MA,Business Analyst,Full Time,Large,45 Days,9,150000
Korba,10th Pass,Computer Operator,Full Time,Small,3 Months,2,12000
Bhatapara,BBA,Digital Marketing Executive,Intern,Large,15 Days,2,33000
Bilaspur,MBA,MIS Executive,Part Time,Medium,30 Days,1,61000
Mungeli,BA,Content Writer,Full Time,Medium,Immediately,1,32000
Manendragarh,B.Com,HR Executive,Full Time,Small,2 Months,5,42000
Dalli-Rajhara,B.Com,Business Analyst,Contract,Large,30 Days,8,101000
Bhatapara,BCA,HR Executive,Part Time,Small,2 Months,5,30000
Mahasamund,BBA,HR Executive,Full Time,Large,Immediately,2,70000
Dhamtari,10th Pass,Sales Executive,Full Time,Small,30 Days,5,18000
Jagdalpur,MBA,Account Manager,Full Time,Small,45 Days,4,147000
Durg,BBA,Business Analyst,Full Time,Small,45 Days,5,89000
Sakti,BCA,Account Manager,Part Time,Large,2 Months,7,81000
Bhatapara,12th Pass,Accountant,Full Time,Large,3 Months,3,34000
Chirmiri,B.Com,Sales Executive,Part Time,Medium,30 Days,2,29000
Raigarh,Diploma,Computer Operator,Full Time,Large,30 Days,0,26000
Bemetra,MA,Digital Marketing Executive,Full Time,Small,3 Months,9,108000
Bemetra,MA,MIS Executive,Full Time,Large,3 Months,10,150000
Jagdalpur,BBA,Account Manager,Full Time,Small,45 Days,5,84000
Raipur,BA,Account Manager,Full Time,Small,30 Days,12,84000
Naila Janjgir,M.Com,Digital Marketing Executive,Intern,Small,15 Days,1,31000
Jagdalpur,MA,MIS Executive,Full Time,Small,30 Days,9,117000
Dhamtari,10th Pass,Computer Operator,Contract,Small,30 Days,2,12000
Dhamtari,MA,MIS Executive,Full Time,Small,3 Months,11,113000
Raipur,MA,Digital Marketing Executive,Full Time,Small,30 Days,10,113000
Durg,B.Com,Digital Marketing Executive,Full Time,Medium,45 Days,5,56000
Raigarh,12th Pass,Content Writer,Part Time,Medium,Immediately,1,12000
Rajnandgaon,BA,Digital Marketing Executive,Contract,Small,30 Days,7,50000
Bhatapara,MA,Digital Marketing Executive,Part Time,Small,30 Days,2,35000
Naila Janjgir,M.Com,Business Analyst,Intern,Small,2 Months,7,53000
Raigarh,MBA,HR Executive,Full Time,Large,30 Days,14,150000
Bemetra,12th Pass,Sales Executive,Full Time,Large,15 Days,3,33000
Dhamtari,B.Com,Sales Executive,Part Time,Medium,30 Days,1,26000
Raigarh,MA,MIS Executive,Intern,Large,30 Days,12,72000
Mungeli,10th Pass,Computer Operator,Full Time,Large,30 Days,7,22000
Dhamtari,12th Pass,Accountant,Full Time,Large,Immediately,3,37000
Jagdalpur,M.Com,Digital Marketing Executive,Full Time,Medium,2 Months,8,133000
Mahasamund,BBA,Digital Marketing Executive,Full Time,Small,Immediately,6,77000
Jagdalpur,BA,Customer Support,Part Time,Medium,15 Days,2,18000
Bhilai,B.Com,HR Executive,Full Time,Large,Immediately,1,49000
Mahasamund,10th Pass,Computer Operator,Part Time,Medium,Immediately,0,12000
Bhatapara,MA,MIS Executive,Full Time,Medium,45 Days,11,147000
Bhilai,12th Pass,Customer Support,Full Time,Medium,30 Days,1,19000
Dalli-Rajhara,BA,Sales Executive,Full Time,Large,3 Months,5,60000
Mahasamund,10th Pass,Computer Operator,Part Time,Large,15 Days,2,12000
Raipur,BA,Business Analyst,Part Time,Small,45 Days,12,43000
Raigarh,10th Pass,Customer Support,Full Time,Large,3 Months,2,15000
Manendragarh,BCA,Account Manager,Contract,Small,45 Days,10,97000
Sakti,12th Pass,Accountant,Full Time,Small,30 Days,4,26000
Sakti,B.Com,Digital Marketing Executive,Contract,Small,15 Days,1,33000
Tilda Newra,BA,Account Manager,Full Time,Small,2 Months,10,68000
Chirmiri,BBA,HR Executive,Full Time,Small,3 Months,11,71000
Korba,Diploma,Customer Support,Part Time,Small,30 Days,11,24000
Bilaspur,10th Pass,Computer Operator,Full Time,Small,45 Days,2,12000
Korba,B.Com,Business Analyst,Full Time,Large,45 Days,5,90000
Bilaspur,Diploma,Customer Support,Full Time,Large,15 Days,15,70000
Tilda Newra,B.Com,MIS Executive,Full Time,Large,15 Days,13,114000
Jagdalpur,12th Pass,Customer Support,Part Time,Large,30 Days,0,12000
Korba,B.Com,Sales Executive,Full Time,Small,30 Days,7,51000
Sakti,B.Com,Sales Executive,Full Time,Large,Immediately,1,59000
Chirmiri,10th Pass,Computer Operator,Full Time,Small,15 Days,9,13000
Ambikapur,BA,Content Writer,Contract,Small,45 Days,1,23000
Durg,BA,HR Executive,Full Time,Large,3 Months,11,81000
Sakti,M.Com,MIS Executive,Full Time,Medium,45 Days,12,150000
Mungeli,10th Pass,Customer Support,Full Time,Small,15 Days,5,14000
Bemetra,BA,HR Executive,Full Time,Large,2 Months,3,46000
Dhamtari,BCA,Account Manager,Full Time,Small,45 Days,4,68000
Raigarh,MBA,Digital Marketing Executive,Part Time,Large,45 Days,15,150000
Raigarh,MA,Digital Marketing Executive,Full Time,Small,3 Months,10,122000
Tilda Newra,M.Com,Business Analyst,Full Time,Medium,30 Days,17,150000
Korba,10th Pass,Customer Support,Part Time,Large,3 Months,5,12000
Raipur,BA,Business Analyst,Full Time,Small,45 Days,6,64000
Bilaspur,M.Com,MIS Executive,Full Time,Small,30 Days,7,125000
Tilda Newra,BCA,Customer Support,Full Time,Small,30 Days,1,31000
Mahasamund,Diploma,Customer Support,Full Time,Large,Immediately,12,61000
Bhatapara,M.Com,HR Executive,Full Time,Small,15 Days,12,124000
Mahasamund,Diploma,Customer Support,Part Time,Small,30 Days,5,15000
Korba,BA,MIS Executive,Full Time,Small,45 Days,3,37000
Jagdalpur,12th Pass,Computer Operator,Full Time,Large,3 Months,8,36000
Tilda Newra,12th Pass,Accountant,Full Time,Large,30 Days,0,25000
Manendragarh,MBA,HR Executive,Full Time,Small,30 Days,13,150000
Jagdalpur,12th Pass,Customer Support,Full Time,Small,45 Days,4,20000
Bilaspur,M.Com,HR Executive,Full Time,Large,15 Days,2,107000
Dalli-Rajhara,B.Com,Sales Executive,Full Time,Small,30 Days,14,88000
Dhamtari,B.Com,Digital Marketing Executive,Full Time,Large,45 Days,10,106000
Dhamtari,MBA,Digital Marketing Executive,Full Time,Medium,15 Days,11,150000
Raipur,12th Pass,Accountant,Full Time,Medium,30 Days,7,34000
Raipur,M.Com,Account Manager,Full Time,Medium,45 Days,8,150000
Tilda Newra,10th Pass,Sales Executive,Full Time,Medium,45 Days,4,18000
Raigarh,Diploma,Computer Operator,Full Time,Small,3 Months,7,27000
Korba,B.Com,Customer Support,Full Time,Medium,30 Days,1,34000
Raipur,12th Pass,Customer Support,Contract,Large,Immediately,2,21000
Chirmiri,BCA,MIS Executive,Full Time,Large,30 Days,6,91000
Chirmiri,MA,Business Analyst,Full Time,Small,30 Days,10,133000
Naila Janjgir,MBA,HR Executive,Full Time,Small,2 Months,7,135000
Bemetra,BCA,Sales Executive,Full Time,Medium,45 Days,4,73000
Mungeli,BA,Content Writer,Full Time,Medium,30 Days,1,34000
Tilda Newra,12th Pass,Customer Support,Full Time,Large,30 Days,4,28000
Bilaspur,Diploma,Accountant,Full Time,Small,15 Days,4,35000
Raipur,B.Com,Content Writer,Part Time,Medium,30 Days,0,21000
Naila Janjgir,M.Com,HR Executive,Full Time,Medium,2 Months,7,101000
Chirmiri,10th Pass,Customer Support,Full Time,Medium,45 Days,3,15000
Rajnandgaon,Diploma,Sales Executive,Part Time,Large,15 Days,2,28000
Tilda Newra,M.Com,Account Manager,Part Time,Large,2 Months,9,114000
Dhamtari,BBA,Account Manager,Part Time,Large,45 Days,3,60000
Bhatapara,Diploma,Content Writer,Intern,Large,Immediately,0,11000
Ambikapur,BBA,MIS Executive,Intern,Small,30 Days,3,24000
Dalli-Rajhara,M.Com,Digital Marketing Executive,Full Time,Medium,3 Months,9,126000
Durg,BA,Sales Executive,Part Time,Medium,Immediately,10,43000
Mungeli,BBA,HR Executive,Full Time,Small,45 Days,9,67000
Chirmiri,B.Com,HR Executive,Contract,Large,30 Days,11,88000
Raigarh,BBA,Business Analyst,Full Time,Large,45 Days,11,150000
Chirmiri,BA,Business Analyst,Full Time,Large,2 Months,7,89000
Durg,BCA,Sales Executive,Full Time,Large,45 Days,4,80000
Dalli-Rajhara,M.Com,Account Manager,Contract,Medium,30 Days,5,111000
Raipur,MBA,Digital Marketing Executive,Full Time,Small,15 Days,10,150000
Rajnandgaon,M.Com,Digital Marketing Executive,Full Time,Large,3 Months,16,150000
Raipur,12th Pass,Accountant,Full Time,Small,45 Days,4,25000
Bemetra,BA,Business Analyst,Full Time,Small,2 Months,9,78000
Mungeli,12th Pass,Customer Support,Contract,Large,30 Days,3,24000
Rajnandgaon,MBA,MIS Executive,Full Time,Small,30 Days,7,125000
Jagdalpur,BBA,MIS Executive,Full Time,Large,30 Days,6,110000
Bemetra,MBA,Digital Marketing Executive,Full Time,Medium,3 Months,16,150000
Naila Janjgir,MBA,Digital Marketing Executive,Full Time,Small,45 Days,3,111000
Dalli-Rajhara,MBA,Account Manager,Part Time,Small,30 Days,4,81000
Durg,M.Com,MIS Executive,Contract,Small,45 Days,9,116000
Dhamtari,B.Com,Sales Executive,Contract,Small,3 Months,7,55000
Bhatapara,BCA,Digital Marketing Executive,Full Time,Small,30 Days,7,74000
Mahasamund,B.Com,HR Executive,Full Time,Large,45 Days,4,60000
Chirmiri,MA,Business Analyst,Part Time,Medium,3 Months,8,89000
Korba,BCA,Account Manager,Full Time,Medium,30 Days,12,122000
Mungeli,10th Pass,Sales Executive,Full Time,Large,2 Months,2,21000
Manendragarh,10th Pass,Customer Support,Part Time,Small,30 Days,2,12000
Sakti,BBA,Business Analyst,Full Time,Small,2 Months,5,80000
Ambikapur,BCA,Account Manager,Full Time,Small,45 Days,14,116000
Bhatapara,BCA,Digital Marketing Executive,Full Time,Small,3 Months,0,40000
Dalli-Rajhara,12th Pass,Customer Support,Full Time,Medium,3 Months,5,25000
Naila Janjgir,BBA,Business Analyst,Full Time,Medium,15 Days,4,100000
Jagdalpur,BA,Account Manager,Contract,Small,3 Months,12,72000
Mahasamund,MA,Business Analyst,Full Time,Large,15 Days,5,150000
Rajnandgaon,12th Pass,Sales Executive,Part Time,Large,Immediately,0,15000
Mungeli,MA,Digital Marketing Executive,Full Time,Medium,45 Days,7,112000
Dalli-Rajhara,M.Com,HR Executive,Full Time,Small,15 Days,4,83000
Sakti,B.Com,Sales Executive,Contract,Small,Immediately,7,52000
Raipur,Diploma,Content Writer,Full Time,Large,30 Days,2,36000
Manendragarh,10th Pass,Sales Executive,Contract,Large,3 Months,5,23000
Bhilai,BA,Sales Executive,Full Time,Small,45 Days,11,60000
Raigarh,M.Com,Business Analyst,Full Time,Small,3 Months,19,150000
Sakti,M.Com,MIS Executive,Part Time,Small,2 Months,10,89000
Ambikapur,B.Com,Content Writer,Part Time,Small,2 Months,0,18000
Raigarh,BCA,Sales Executive,Full Time,Small,30 Days,4,58000
Dhamtari,BA,HR Executive,Full Time,Large,3 Months,12,94000
Raipur,MBA,MIS Executive,Full Time,Small,15 Days,1,95000
Durg,BA,Digital Marketing Executive,Full Time,Medium,45 Days,9,72000
Manendragarh,BCA,Account Manager,Full Time,Large,3 Months,12,150000
Bilaspur,10th Pass,Sales Executive,Part Time,Medium,15 Days,1,12000
Chirmiri,B.Com,Sales Executive,Full Time,Small,45 Days,0,31000
Raigarh,MA,MIS Executive,Full Time,Small,2 Months,7,109000
Ambikapur,B.Com,MIS Executive,Intern,Small,Immediately,10,30000
Naila Janjgir,B.Com,HR Executive,Intern,Small,Immediately,0,14000
Mahasamund,MA,MIS Executive,Full Time,Small,15 Days,2,71000
Korba,Diploma,Accountant,Full Time,Small,3 Months,6,36000
Dhamtari,BBA,MIS Executive,Full Time,Large,45 Days,10,137000
Mungeli,MBA,MIS Executive,Full Time,Large,2 Months,4,150000
Durg,BBA,Customer Support,Full Time,Large,Immediately,1,52000
Sakti,Diploma,Customer Support,Contract,Medium,Immediately,4,28000
Mungeli,B.Com,Sales Executive,Full Time,Large,30 Days,6,70000
Dalli-Rajhara,10th Pass,Sales Executive,Full Time,Large,3 Months,7,29000
Raipur,M.Com,Sales Executive,Part Time,Large,30 Days,2,67000
Korba,B.Com,Sales Executive,Full Time,Large,45 Days,11,94000
Chirmiri,B.Com,Sales Executive,Part Time,Medium,2 Months,6,43000
Durg,B.Com,Sales Executive,Full Time,Small,2 Months,11,72000
Tilda Newra,B.Com,HR Executive,Full Time,Medium,45 Days,7,56000
Korba,12th Pass,Content Writer,Full Time,Medium,2 Months,4,25000
Dhamtari,MA,Business Analyst,Contract,Medium,45 Days,8,134000
Ambikapur,MA,MIS Executive,Part Time,Large,15 Days,7,78000
Bhilai,MA,MIS Executive,Full Time,Small,45 Days,7,84000
Ambikapur,Diploma,Content Writer,Full Time,Large,Immediately,10,59000
Chirmiri,Diploma,Content Writer,Part Time,Small,3 Months,7,23000
Bilaspur,BBA,HR Executive,Full Time,Small,3 Months,7,59000
Dalli-Rajhara,BCA,MIS Executive,Intern,Small,45 Days,5,29000
Dalli-Rajhara,BBA,HR Executive,Full Time,Medium,45 Days,7,76000
Durg,10th Pass,Sales Executive,Full Time,Small,2 Months,5,16000
Manendragarh,MBA,MIS Executive,Part Time,Medium,15 Days,6,98000
Bemetra,BBA,Account Manager,Intern,Large,3 Months,6,48000
Manendragarh,M.Com,HR Executive,Full Time,Medium,Immediately,9,113000
Bhilai,M.Com,HR Executive,Contract,Medium,15 Days,2,67000
Jagdalpur,10th Pass,Sales Executive,Full Time,Large,15 Days,1,20000
Manendragarh,Diploma,Customer Support,Full Time,Large,45 Days,15,80000
Mungeli,12th Pass,Customer Support,Full Time,Medium,2 Months,4,24000
Jagdalpur,BA,Business Analyst,Contract,Large,3 Months,10,112000
Rajnandgaon,M.Com,Business Analyst,Full Time,Medium,2 Months,9,150000
Ambikapur,Diploma,Computer Operator,Full Time,Small,2 Months,10,31000
Dalli-Rajhara,Diploma,Content Writer,Full Time,Small,2 Months,11,37000
Bemetra,M.Com,Digital Marketing Executive,Full Time,Large,30 Days,5,133000
Bemetra,BCA,Sales Executive,Full Time,Large,Immediately,3,81000
Bemetra,BA,HR Executive,Full Time,Medium,15 Days,2,39000
Sakti,10th Pass,Customer Support,Full Time,Medium,2 Months,8,19000
Korba,12th Pass,Customer Support,Part Time,Large,15 Days,4,18000
Rajnandgaon,Diploma,Customer Support,Full Time,Small,30 Days,7,31000
Durg,BCA,HR Executive,Full Time,Small,45 Days,6,63000
Jagdalpur,M.Com,HR Executive,Contract,Small,2 Months,17,127000
Bhatapara,B.Com,HR Executive,Part Time,Large,3 Months,7,53000
Bilaspur,MBA,Business Analyst,Full Time,Medium,3 Months,9,150000
Bemetra,MBA,Digital Marketing Executive,Full Time,Medium,45 Days,5,144000
Chirmiri,B.Com,Business Analyst,Contract,Small,45 Days,4,50000
Ambikapur,Diploma,Content Writer,Full Time,Medium,3 Months,6,34000
Mungeli,12th Pass,Accountant,Part Time,Medium,30 Days,0,13000
Mahasamund,12th Pass,Accountant,Full Time,Small,45 Days,2,25000
Dalli-Rajhara,Diploma,Content Writer,Full Time,Medium,30 Days,11,55000
Raigarh,10th Pass,Computer Operator,Full Time,Large,45 Days,6,21000
Bilaspur,M.Com,Digital Marketing Executive,Full Time,Small,15 Days,2,74000
Sakti,MBA,Digital Marketing Executive,Full Time,Medium,45 Days,19,150000
Bemetra,10th Pass,Sales Executive,Full Time,Medium,15 Days,7,23000
Raipur,M.Com,Digital Marketing Executive,Full Time,Large,2 Months,10,150000
Bemetra,BBA,Sales Executive,Contract,Small,2 Months,1,40000
Bhilai,MBA,Digital Marketing Executive,Intern,Medium,15 Days,4,53000
Dhamtari,BBA,Content Writer,Part Time,Small,15 Days,2,24000
Durg,10th Pass,Customer Support,Intern,Medium,15 Days,1,8000
Korba,BCA,MIS Executive,Full Time,Medium,15 Days,5,70000
Mahasamund,MBA,MIS Executive,Full Time,Small,3 Months,11,150000
Sakti,BA,Content Writer,Part Time,Small,2 Months,0,16000
Naila Janjgir,12th Pass,Content Writer,Part Time,Large,30 Days,0,13000
Jagdalpur,BBA,HR Executive,Full Time,Small,30 Days,3,51000
Tilda Newra,B.Com,MIS Executive,Contract,Small,45 Days,13,75000
Rajnandgaon,M.Com,Sales Executive,Full Time,Medium,30 Days,3,91000
Korba,B.Com,Account Manager,Full Time,Large,15 Days,11,149000
Bilaspur,B.Com,Sales Executive,Full Time,Medium,2 Months,11,76000
Raigarh,B.Com,Business Analyst,Full Time,Small,45 Days,8,88000
Sakti,BBA,Sales Executive,Contract,Large,Immediately,0,51000
Bhilai,MBA,Account Manager,Full Time,Medium,3 Months,14,150000
Jagdalpur,Diploma,Accountant,Contract,Small,45 Days,2,26000
Bhatapara,MBA,Digital Marketing Executive,Full Time,Large,30 Days,9,150000
Jagdalpur,MA,MIS Executive,Part Time,Small,Immediately,4,43000
Bhatapara,B.Com,Account Manager,Part Time,Large,30 Days,11,75000
Tilda Newra,MA,Digital Marketing Executive,Full Time,Small,2 Months,7,87000
Korba,BA,MIS Executive,Full Time,Large,15 Days,4,66000
Raipur,MBA,Digital Marketing Executive,Full Time,Large,30 Days,13,150000
Bhilai,B.Com,Content Writer,Part Time,Large,15 Days,2,27000
Manendragarh,BA,Account Manager,Full Time,Medium,3 Months,7,67000
Dalli-Rajhara,MA,Account Manager,Full Time,Small,15 Days,16,150000
Bilaspur,M.Com,Business Analyst,Intern,Small,45 Days,8,54000
Mungeli,10th Pass,Sales Executive,Full Time,Medium,45 Days,5,20000
Bhatapara,BCA,Digital Marketing Executive,Full Time,Large,3 Months,7,100000
Raipur,MA,MIS Executive,Full Time,Medium,2 Months,16,150000
Korba,MA,Account Manager,Full Time,Small,3 Months,10,150000
Mungeli,B.Com,MIS Executive,Full Time,Large,30 Days,7,82000
Mungeli,BA,HR Executive,Full Time,Medium,15 Days,4,44000
Mungeli,12th Pass,Computer Operator,Contract,Medium,15 Days,3,16000
Manendragarh,MA,Digital Marketing Executive,Full Time,Medium,30 Days,19,150000
Korba,MBA,Digital Marketing Executive,Part Time,Small,2 Months,11,95000
Bhatapara,BCA,HR Executive,Full Time,Medium,Immediately,1,49000
Bilaspur,BBA,HR Executive,Full Time,Small,15 Days,3,49000
Korba,10th Pass,Sales Executive,Part Time,Large,45 Days,3,13000
Rajnandgaon,B.Com,Business Analyst,Full Time,Small,2 Months,8,92000
Rajnandgaon,BCA,Sales Executive,Full Time,Large,15 Days,1,62000
Rajnandgaon,B.Com,Sales Executive,Full Time,Small,15 Days,3,43000
Sakti,BA,HR Executive,Full Time,Large,30 Days,0,38000
Tilda Newra,10th Pass,Sales Executive,Full Time,Large,2 Months,3,22000
Dhamtari,12th Pass,Customer Support,Full Time,Large,30 Days,10,42000
Bilaspur,12th Pass,Computer Operator,Full Time,Large,3 Months,3,23000
Sakti,M.Com,Digital Marketing Executive,Contract,Large,30 Days,4,119000
Bhilai,MA,MIS Executive,Full Time,Medium,2 Months,4,104000
Bhatapara,M.Com,Business Analyst,Part Time,Large,30 Days,6,126000
Durg,BCA,Sales Executive,Full Time,Small,45 Days,1,46000
Sakti,BCA,MIS Executive,Full Time,Small,3 Months,5,63000
Dalli-Rajhara,12th Pass,Accountant,Contract,Large,2 Months,5,38000
Raigarh,MA,Digital Marketing Executive,Full Time,Large,45 Days,8,139000
Dhamtari,B.Com,Digital Marketing Executive,Full Time,Medium,15 Days,7,75000
Rajnandgaon,BA,Content Writer,Contract,Medium,30 Days,2,29000
Jagdalpur,Diploma,Sales Executive,Part Time,Medium,45 Days,2,21000
Tilda Newra,Diploma,Sales Executive,Part Time,Small,15 Days,4,19000
Ambikapur,BA,MIS Executive,Full Time,Medium,2 Months,14,71000
Bilaspur,BBA,Account Manager,Full Time,Medium,2 Months,14,123000
Raipur,Diploma,Customer Support,Full Time,Small,30 Days,1,19000
Ambikapur,BA,Business Analyst,Part Time,Large,45 Days,5,52000
Dalli-Rajhara,12th Pass,Customer Support,Full Time,Medium,3 Months,5,22000
Dalli-Rajhara,MA,Digital Marketing Executive,Part Time,Large,30 Days,10,93000
Manendragarh,12th Pass,Content Writer,Full Time,Small,2 Months,5,23000
Bhilai,MA,MIS Executive,Part Time,Large,45 Days,2,59000
Bhilai,MA,Sales Executive,Full Time,Medium,Immediately,2,81000
Sakti,BA,Digital Marketing Executive,Full Time,Small,30 Days,14,64000
Naila Janjgir,12th Pass,Sales Executive,Contract,Medium,30 Days,6,32000
Mungeli,BCA,Sales Executive,Intern,Large,30 Days,10,45000
Rajnandgaon,12th Pass,Content Writer,Full Time,Large,30 Days,1,26000
Ambikapur,MA,Digital Marketing Executive,Full Time,Large,15 Days,17,150000
Bhilai,Diploma,Sales Executive,Full Time,Small,45 Days,11,51000
Dhamtari,B.Com,HR Executive,Full Time,Small,2 Months,2,40000
Bhatapara,Diploma,Computer Operator,Contract,Small,45 Days,12,27000
Jagdalpur,Diploma,Computer Operator,Full Time,Medium,30 Days,2,20000
Korba,MBA,Sales Executive,Contract,Large,Immediately,1,126000
Bhatapara,MA,MIS Executive,Full Time,Medium,3 Months,13,150000
Bilaspur,MBA,HR Executive,Full Time,Medium,15 Days,3,112000
Bilaspur,10th Pass,Sales Executive,Contract,Medium,Immediately,1,15000
Dhamtari,MA,Account Manager,Part Time,Medium,15 Days,13,98000
Manendragarh,BCA,HR Executive,Full Time,Large,45 Days,10,117000
Rajnandgaon,BBA,HR Executive,Full Time,Small,15 Days,5,60000
Rajnandgaon,M.Com,Account Manager,Full Time,Medium,45 Days,7,150000
Chirmiri,10th Pass,Computer Operator,Part Time,Medium,30 Days,5,12000
Sakti,MA,Digital Marketing Executive,Full Time,Large,Immediately,2,91000
Tilda Newra,MBA,Business Analyst,Full Time,Large,45 Days,12,150000
Chirmiri,BCA,Digital Marketing Executive,Full Time,Medium,45 Days,6,82000
Sakti,12th Pass,Computer Operator,Full Time,Medium,30 Days,0,14000
Chirmiri,B.Com,HR Executive,Full Time,Large,15 Days,2,59000
Dhamtari,10th Pass,Customer Support,Full Time,Small,30 Days,5,13000
Dhamtari,12th Pass,Content Writer,Full Time,Medium,15 Days,3,26000
Bemetra,BBA,HR Executive,Contract,Small,30 Days,5,43000
Jagdalpur,BBA,HR Executive,Full Time,Medium,2 Months,2,53000
Rajnandgaon,MBA,Account Manager,Full Time,Small,45 Days,10,150000
Dhamtari,12th Pass,Computer Operator,Full Time,Large,2 Months,7,34000
Mahasamund,12th Pass,Content Writer,Full Time,Large,30 Days,1,26000
Jagdalpur,12th Pass,Customer Support,Contract,Small,3 Months,4,16000
Mahasamund,BBA,HR Executive,Contract,Large,2 Months,6,70000
Dalli-Rajhara,M.Com,Account Manager,Full Time,Medium,15 Days,1,89000
Dhamtari,10th Pass,Computer Operator,Full Time,Small,Immediately,4,12000
Dalli-Rajhara,M.Com,Business Analyst,Full Time,Large,45 Days,7,150000
Bemetra,Diploma,Accountant,Full Time,Large,3 Months,9,63000
Tilda Newra,10th Pass,Customer Support,Full Time,Medium,30 Days,5,15000
Dhamtari,BA,Sales Executive,Full Time,Medium,Immediately,0,32000
Naila Janjgir,BBA,HR Executive,Full Time,Large,Immediately,5,90000
Bemetra,Diploma,Customer Support,Full Time,Medium,2 Months,2,24000
Mungeli,12th Pass,Sales Executive,Contract,Large,45 Days,6,39000
Tilda Newra,M.Com,MIS Executive,Full Time,Medium,45 Days,20,150000
Raigarh,M.Com,Account Manager,Full Time,Large,30 Days,2,139000
Bilaspur,Diploma,Customer Support,Full Time,Medium,45 Days,7,36000
Naila Janjgir,BA,HR Executive,Full Time,Large,15 Days,10,81000
Dhamtari,MBA,MIS Executive,Full Time,Large,30 Days,18,150000
Bemetra,MBA,Digital Marketing Executive,Contract,Small,15 Days,14,150000
Chirmiri,BBA,Sales Executive,Contract,Medium,45 Days,2,54000
Ambikapur,MBA,Digital Marketing Executive,Contract,Small,30 Days,10,145000
Durg,MBA,Digital Marketing Executive,Full Time,Medium,15 Days,1,100000
Mahasamund,B.Com,HR Executive,Full Time,Small,30 Days,5,52000
Dalli-Rajhara,MBA,HR Executive,Full Time,Medium,3 Months,14,150000
Bhilai,MA,Account Manager,Full Time,Small,45 Days,15,150000
Durg,BCA,Business Analyst,Part Time,Small,15 Days,4,43000
Bhilai,MBA,Sales Executive,Intern,Small,3 Months,1,34000
Korba,12th Pass,Computer Operator,Full Time,Medium,15 Days,2,19000
Dalli-Rajhara,10th Pass,Sales Executive,Full Time,Medium,2 Months,4,21000
Rajnandgaon,MBA,Account Manager,Full Time,Medium,Immediately,11,150000
Bhatapara,10th Pass,Customer Support,Full Time,Large,15 Days,1,16000
Bilaspur,BCA,HR Executive,Contract,Medium,Immediately,0,42000
Sakti,MBA,HR Executive,Full Time,Small,3 Months,9,127000
Raigarh,BCA,Account Manager,Full Time,Small,45 Days,7,89000
Bhatapara,BBA,MIS Executive,Full Time,Medium,45 Days,4,68000
Raipur,12th Pass,Sales Executive,Full Time,Small,3 Months,9,33000
Dhamtari,Diploma,Content Writer,Intern,Small,2 Months,6,13000
Korba,BA,Digital Marketing Executive,Full Time,Small,30 Days,1,35000
Raipur,12th Pass,Customer Support,Full Time,Medium,Immediately,0,17000
Korba,BBA,Customer Support,Full Time,Small,30 Days,0,31000
Jagdalpur,BA,HR Executive,Part Time,Large,3 Months,10,48000
Dalli-Rajhara,B.Com,Account Manager,Intern,Small,30 Days,7,30000
Durg,MA,Digital Marketing Executive,Full Time,Large,2 Months,3,103000
Mungeli,B.Com,Content Writer,Part Time,Small,45 Days,2,18000
Rajnandgaon,MA,Business Analyst,Full Time,Small,30 Days,5,96000
Mahasamund,B.Com,HR Executive,Full Time,Large,30 Days,3,63000
Durg,MBA,HR Executive,Full Time,Large,3 Months,8,150000
Chirmiri,B.Com,Digital Marketing Executive,Full Time,Small,45 Days,4,51000
Bhatapara,BCA,Sales Executive,Part Time,Medium,30 Days,9,50000
Sakti,10th Pass,Customer Support,Contract,Large,45 Days,0,12000
Chirmiri,Diploma,Content Writer,Part Time,Medium,45 Days,15,38000
Raipur,M.Com,MIS Executive,Full Time,Large,15 Days,5,146000
Chirmiri,MBA,Digital Marketing Executive,Full Time,Large,45 Days,6,150000
Korba,MA,Account Manager,Full Time,Large,45 Days,14,150000
Dhamtari,Diploma,Content Writer,Full Time,Small,15 Days,1,20000
Sakti,10th Pass,Sales Executive,Full Time,Medium,30 Days,1,16000
Sakti,BCA,Sales Executive,Full Time,Medium,3 Months,13,115000
Dalli-Rajhara,MBA,HR Executive,Full Time,Large,3 Months,5,150000
Mungeli,B.Com,Business Analyst,Full Time,Small,2 Months,9,89000
Bhilai,BCA,Content Writer,Full Time,Large,2 Months,2,59000
Bhatapara,10th Pass,Computer Operator,Contract,Large,30 Days,4,14000
Bilaspur,BCA,MIS Executive,Full Time,Medium,30 Days,12,109000
Durg,Diploma,Accountant,Intern,Small,30 Days,3,13000
Tilda Newra,Diploma,Sales Executive,Full Time,Large,45 Days,2,40000
Dalli-Rajhara,M.Com,MIS Executive,Full Time,Medium,30 Days,15,150000
Naila Janjgir,BCA,HR Executive,Full Time,Small,15 Days,3,53000
Durg,MA,Account Manager,Full Time,Medium,Immediately,10,147000
Mungeli,Diploma,Computer Operator,Intern,Medium,30 Days,3,11000
Chirmiri,B.Com,Account Manager,Full Time,Medium,15 Days,7,73000
Manendragarh,M.Com,HR Executive,Full Time,Medium,45 Days,4,91000
Naila Janjgir,MBA,Digital Marketing Executive,Full Time,Small,15 Days,4,111000
Mungeli,BCA,MIS Executive,Full Time,Medium,3 Months,15,124000
Korba,B.Com,Accountant,Part Time,Medium,Immediately,0,24000
Rajnandgaon,Diploma,Sales Executive,Full Time,Small,3 Months,7,42000
Dalli-Rajhara,BBA,Sales Executive,Full Time,Small,30 Days,5,68000
Bhilai,MA,Digital Marketing Executive,Full Time,Medium,2 Months,8,101000
Raipur,10th Pass,Customer Support,Full Time,Large,15 Days,5,18000
Bilaspur,BCA,Account Manager,Full Time,Medium,30 Days,3,76000
Raipur,MBA,Digital Marketing Executive,Full Time,Large,2 Months,9,150000
Jagdalpur,MA,Account Manager,Full Time,Medium,30 Days,13,150000
Manendragarh,M.Com,Business Analyst,Full Time,Small,2 Months,6,129000
Mahasamund,BBA,HR Executive,Full Time,Small,45 Days,4,51000
Dhamtari,MBA,Account Manager,Contract,Large,3 Months,12,150000
Manendragarh,BA,Content Writer,Part Time,Large,45 Days,0,21000
Bemetra,B.Com,MIS Executive,Intern,Small,15 Days,7,26000
Dhamtari,BA,Content Writer,Full Time,Small,45 Days,2,29000
Tilda Newra,MA,MIS Executive,Full Time,Small,30 Days,11,128000
Bemetra,12th Pass,Computer Operator,Intern,Large,2 Months,2,8000
Raipur,MBA,MIS Executive,Full Time,Medium,2 Months,5,140000
Sakti,M.Com,MIS Executive,Intern,Small,3 Months,12,59000
Rajnandgaon,10th Pass,Sales Executive,Intern,Medium,3 Months,6,9000
Durg,B.Com,Digital Marketing Executive,Contract,Small,Immediately,7,54000
Bhilai,M.Com,HR Executive,Full Time,Medium,2 Months,12,143000
Tilda Newra,BA,Customer Support,Full Time,Large,30 Days,0,34000
Jagdalpur,10th Pass,Computer Operator,Full Time,Large,45 Days,2,14000
Bemetra,BA,MIS Executive,Full Time,Large,3 Months,11,109000
Bilaspur,10th Pass,Customer Support,Full Time,Small,3 Months,5,12000
Bilaspur,BBA,Account Manager,Full Time,Medium,15 Days,7,108000
Bhatapara,BCA,Digital Marketing Executive,Full Time,Large,2 Months,9,136000
Rajnandgaon,BA,Business Analyst,Contract,Small,3 Months,7,64000
Mungeli,10th Pass,Customer Support,Full Time,Medium,45 Days,7,18000
Tilda Newra,MBA,Account Manager,Full Time,Large,30 Days,5,150000
Dalli-Rajhara,MA,Account Manager,Full Time,Small,2 Months,8,112000
Sakti,Diploma,Accountant,Contract,Large,2 Months,3,38000
Raigarh,10th Pass,Computer Operator,Full Time,Small,Immediately,5,14000
Naila Janjgir,BCA,Business Analyst,Full Time,Medium,3 Months,12,135000
Raipur,MBA,MIS Executive,Full Time,Medium,45 Days,7,150000
Chirmiri,12th Pass,Computer Operator,Full Time,Medium,45 Days,6,25000
Tilda Newra,MBA,Digital Marketing Executive,Full Time,Large,45 Days,13,150000
Mungeli,10th Pass,Computer Operator,Part Time,Large,15 Days,1,12000
Durg,BCA,Digital Marketing Executive,Full Time,Medium,30 Days,5,80000
Tilda Newra,M.Com,HR Executive,Full Time,Small,30 Days,9,95000
Bilaspur,BA,HR Executive,Contract,Medium,30 Days,5,43000
Ambikapur,BBA,HR Executive,Full Time,Small,3 Months,6,56000
Rajnandgaon,BA,HR Executive,Full Time,Small,Immediately,0,27000
Raipur,MA,Account Manager,Full Time,Small,15 Days,11,138000
Manendragarh,10th Pass,Sales Executive,Full Time,Medium,30 Days,2,18000
Mahasamund,B.Com,Account Manager,Full Time,Small,45 Days,6,64000
Mahasamund,MBA,Account Manager,Contract,Small,3 Months,14,150000
Mahasamund,M.Com,Account Manager,Intern,Medium,3 Months,2,44000
Sakti,BBA,Sales Executive,Full Time,Medium,45 Days,3,59000
Bhatapara,MBA,Sales Executive,Full Time,Small,45 Days,3,115000
Dhamtari,BA,Sales Executive,Full Time,Large,2 Months,6,60000
Chirmiri,M.Com,HR Executive,Full Time,Small,45 Days,7,90000
Raipur,MA,Business Analyst,Full Time,Small,3 Months,10,150000
Mahasamund,MA,HR Executive,Full Time,Large,3 Months,15,150000
Chirmiri,MBA,HR Executive,Full Time,Large,Immediately,3,131000
Ambikapur,BA,HR Executive,Full Time,Medium,15 Days,4,40000
Raigarh,BA,Sales Executive,Full Time,Large,30 Days,3,56000
Manendragarh,BA,HR Executive,Intern,Small,Immediately,3,13000
Dhamtari,B.Com,Sales Executive,Full Time,Small,3 Months,14,78000
Tilda Newra,M.Com,Business Analyst,Full Time,Medium,2 Months,6,150000
Sakti,BBA,Account Manager,Contract,Large,45 Days,14,150000
Durg,BCA,Digital Marketing Executive,Contract,Small,Immediately,4,57000
Korba,Diploma,Customer Support,Full Time,Medium,2 Months,5,31000
Korba,BCA,Content Writer,Full Time,Medium,45 Days,1,42000
Bhatapara,12th Pass,Customer Support,Part Time,Medium,15 Days,0,12000
Ambikapur,MA,HR Executive,Full Time,Small,15 Days,11,84000
Ambikapur,10th Pass,Computer Operator,Full Time,Small,45 Days,7,14000
Mungeli,M.Com,Digital Marketing Executive,Contract,Small,3 Months,19,150000
Bemetra,MA,MIS Executive,Full Time,Small,2 Months,3,68000
Chirmiri,MBA,MIS Executive,Full Time,Medium,2 Months,4,150000
Rajnandgaon,12th Pass,Content Writer,Full Time,Small,3 Months,6,25000
Ambikapur,B.Com,Sales Executive,Full Time,Medium,Immediately,0,38000
Sakti,BCA,Digital Marketing Executive,Full Time,Medium,15 Days,2,64000
Korba,10th Pass,Sales Executive,Contract,Small,3 Months,3,14000
Mungeli,B.Com,Digital Marketing Executive,Intern,Medium,15 Days,0,16000
Bilaspur,BBA,Digital Marketing Executive,Full Time,Small,Immediately,5,61000
Naila Janjgir,Diploma,Content Writer,Full Time,Medium,30 Days,6,37000
Jagdalpur,M.Com,Business Analyst,Full Time,Medium,45 Days,8,150000
Dalli-Rajhara,BCA,HR Executive,Full Time,Large,3 Months,9,92000
Naila Janjgir,BA,Account Manager,Full Time,Medium,30 Days,9,80000
Sakti,M.Com,MIS Executive,Full Time,Large,2 Months,8,150000
Bilaspur,BA,Account Manager,Contract,Large,3 Months,6,68000
Ambikapur,B.Com,HR Executive,Full Time,Large,15 Days,6,63000
Chirmiri,Diploma,Computer Operator,Contract,Medium,45 Days,4,23000
Bilaspur,Diploma,Content Writer,Full Time,Medium,15 Days,6,35000
Manendragarh,Diploma,Sales Executive,Full Time,Small,45 Days,7,39000
Chirmiri,12th Pass,Customer Support,Part Time,Large,30 Days,6,20000
Durg,Diploma,Sales Executive,Intern,Large,2 Months,5,23000
Dalli-Rajhara,Diploma,Content Writer,Part Time,Large,15 Days,0,18000
Tilda Newra,M.Com,Sales Executive,Full Time,Medium,45 Days,4,105000
Dalli-Rajhara,M.Com,MIS Executive,Full Time,Medium,30 Days,5,116000
Dhamtari,10th Pass,Sales Executive,Full Time,Small,30 Days,4,19000
Rajnandgaon,10th Pass,Sales Executive,Part Time,Medium,30 Days,2,12000
Korba,BA,HR Executive,Full Time,Medium,2 Months,2,38000
Bemetra,BCA,Sales Executive,Full Time,Large,3 Months,10,120000
Ambikapur,Diploma,Computer Operator,Full Time,Medium,15 Days,3,26000
Manendragarh,BCA,Account Manager,Intern,Small,3 Months,6,32000
Tilda Newra,M.Com,HR Executive,Intern,Large,30 Days,9,64000
Bemetra,BCA,HR Executive,Full Time,Medium,3 Months,8,78000
Bilaspur,12th Pass,Computer Operator,Intern,Large,15 Days,2,9000
Bhatapara,M.Com,HR Executive,Part Time,Large,Immediately,1,50000
Tilda Newra,Diploma,Content Writer,Intern,Large,15 Days,3,16000
Rajnandgaon,10th Pass,Computer Operator,Full Time,Small,30 Days,5,12000
Sakti,10th Pass,Computer Operator,Full Time,Small,Immediately,1,12000
Durg,BA,HR Executive,Part Time,Medium,30 Days,3,22000
Bemetra,10th Pass,Sales Executive,Part Time,Medium,Immediately,0,12000
Naila Janjgir,MA,HR Executive,Full Time,Medium,30 Days,4,81000
Sakti,10th Pass,Computer Operator,Intern,Large,2 Months,5,8000
Dhamtari,B.Com,Digital Marketing Executive,Full Time,Medium,30 Days,8,79000
Dhamtari,MBA,Sales Executive,Full Time,Large,30 Days,2,134000
Korba,10th Pass,Computer Operator,Full Time,Medium,3 Months,8,20000
Mungeli,10th Pass,Sales Executive,Contract,Small,15 Days,1,12000
Rajnandgaon,MA,Account Manager,Full Time,Small,45 Days,3,86000
Jagdalpur,BBA,Accountant,Part Time,Small,30 Days,1,26000
Durg,Diploma,Customer Support,Full Time,Small,15 Days,0,19000
Bhatapara,Diploma,Customer Support,Full Time,Medium,15 Days,3,27000
Manendragarh,M.Com,MIS Executive,Full Time,Medium,3 Months,7,117000
Rajnandgaon,B.Com,MIS Executive,Full Time,Medium,2 Months,6,59000
Raigarh,MA,Digital Marketing Executive,Contract,Large,30 Days,8,133000
Bilaspur,BBA,Account Manager,Full Time,Large,30 Days,4,98000
Dhamtari,BCA,Accountant,Contract,Medium,30 Days,2,51000
Raipur,BCA,Account Manager,Full Time,Large,30 Days,7,116000
Mungeli,BCA,Customer Support,Part Time,Small,30 Days,0,18000
Naila Janjgir,Diploma,Accountant,Contract,Small,15 Days,7,31000
Chirmiri,M.Com,Business Analyst,Full Time,Small,30 Days,15,150000
Raipur,BA,Sales Executive,Contract,Small,45 Days,10,47000
Tilda Newra,10th Pass,Computer Operator,Contract,Large,Immediately,0,12000
Ambikapur,12th Pass,Content Writer,Full Time,Large,3 Months,5,33000
Rajnandgaon,M.Com,HR Executive,Part Time,Medium,30 Days,4,51000
Manendragarh,BCA,HR Executive,Full Time,Large,15 Days,1,56000
Dalli-Rajhara,BCA,HR Executive,Part Time,Medium,45 Days,9,54000
Sakti,MA,Digital Marketing Executive,Full Time,Medium,15 Days,11,116000
Durg,12th Pass,Computer Operator,Contract,Medium,30 Days,2,15000
Chirmiri,Diploma,Computer Operator,Part Time,Small,15 Days,0,12000
Bilaspur,Diploma,Customer Support,Contract,Large,45 Days,3,29000
Chirmiri,BCA,Digital Marketing Executive,Full Time,Large,30 Days,7,103000
Mahasamund,MA,Account Manager,Full Time,Large,2 Months,11,150000
Mungeli,BCA,Sales Executive,Full Time,Medium,15 Days,3,63000
Korba,BA,MIS Executive,Full Time,Large,30 Days,4,65000
Jagdalpur,BA,Digital Marketing Executive,Full Time,Large,2 Months,9,84000
Jagdalpur,Diploma,Content Writer,Intern,Medium,3 Months,8,19000
Bhilai,10th Pass,Computer Operator,Full Time,Medium,30 Days,8,17000
Ambikapur,Diploma,Customer Support,Intern,Large,30 Days,6,17000
Dalli-Rajhara,Diploma,Accountant,Contract,Small,30 Days,11,43000
Dhamtari,BCA,Digital Marketing Executive,Full Time,Small,Immediately,1,44000
Dhamtari,MBA,Digital Marketing Executive,Full Time,Large,2 Months,10,150000
Dhamtari,M.Com,Account Manager,Full Time,Medium,15 Days,5,124000
Tilda Newra,12th Pass,Computer Operator,Full Time,Large,2 Months,3,23000
Rajnandgaon,MA,MIS Executive,Full Time,Medium,30 Days,9,127000
Sakti,MA,Digital Marketing Executive,Full Time,Small,3 Months,8,89000
Mungeli,12th Pass,Sales Executive,Contract,Small,45 Days,5,27000
Rajnandgaon,BBA,Sales Executive,Full Time,Medium,30 Days,7,79000
Jagdalpur,12th Pass,Computer Operator,Full Time,Large,45 Days,3,24000
Ambikapur,Diploma,Sales Executive,Part Time,Large,15 Days,0,21000
Dalli-Rajhara,12th Pass,Accountant,Full Time,Small,3 Months,9,38000
Tilda Newra,Diploma,Accountant,Intern,Large,2 Months,7,21000
Durg,12th Pass,Content Writer,Full Time,Medium,15 Days,8,33000
Dalli-Rajhara,Diploma,Sales Executive,Full Time,Small,30 Days,8,43000
Dalli-Rajhara,MBA,HR Executive,Intern,Large,2 Months,10,73000
Bemetra,M.Com,Sales Executive,Full Time,Large,30 Days,2,113000
Ambikapur,BA,Sales Executive,Full Time,Small,15 Days,7,41000
Tilda Newra,BCA,Account Manager,Part Time,Small,30 Days,6,51000
Chirmiri,BA,Sales Executive,Full Time,Small,3 Months,5,43000
Dalli-Rajhara,MA,MIS Executive,Contract,Small,3 Months,6,84000
Mahasamund,Diploma,Computer Operator,Part Time,Medium,15 Days,0,12000
Tilda Newra,BBA,Account Manager,Full Time,Medium,15 Days,6,89000
Mahasamund,BCA,Account Manager,Part Time,Small,3 Months,11,55000
Raipur,BBA,HR Executive,Full Time,Small,2 Months,6,62000
Dalli-Rajhara,BA,Accountant,Part Time,Small,30 Days,0,17000
Durg,MBA,Account Manager,Full Time,Small,15 Days,2,121000
Mungeli,BA,Account Manager,Contract,Small,15 Days,4,45000
Jagdalpur,10th Pass,Sales Executive,Full Time,Medium,15 Days,4,19000
Sakti,BBA,HR Executive,Full Time,Medium,45 Days,7,86000
Jagdalpur,B.Com,Business Analyst,Contract,Medium,30 Days,9,101000
Mahasamund,B.Com,Digital Marketing Executive,Full Time,Small,3 Months,12,92000
Tilda Newra,BCA,Sales Executive,Contract,Medium,45 Days,0,44000
Rajnandgaon,Diploma,Computer Operator,Part Time,Small,30 Days,6,16000
Jagdalpur,MA,HR Executive,Full Time,Large,15 Days,3,82000
Durg,BCA,Sales Executive,Full Time,Small,45 Days,9,81000
Raigarh,B.Com,Account Manager,Contract,Large,3 Months,5,78000
Dhamtari,Diploma,Sales Executive,Full Time,Small,2 Months,6,32000
Raigarh,B.Com,Digital Marketing Executive,Contract,Medium,15 Days,6,62000
Rajnandgaon,MBA,MIS Executive,Full Time,Large,30 Days,3,150000
Bhilai,BBA,Customer Support,Intern,Large,Immediately,0,19000
Jagdalpur,BA,Digital Marketing Executive,Full Time,Small,30 Days,3,40000
Rajnandgaon,BCA,Account Manager,Full Time,Large,2 Months,6,108000
Bilaspur,M.Com,HR Executive,Full Time,Large,30 Days,3,114000
Naila Janjgir,BA,Business Analyst,Contract,Small,30 Days,7,61000
Bilaspur,B.Com,Sales Executive,Full Time,Small,3 Months,5,46000
Bilaspur,BCA,Sales Executive,Full Time,Small,Immediately,1,42000
Raigarh,10th Pass,Computer Operator,Full Time,Large,2 Months,5,18000
Mahasamund,12th Pass,Accountant,Full Time,Medium,Immediately,5,30000
Bhatapara,10th Pass,Computer Operator,Full Time,Medium,15 Days,3,12000
Rajnandgaon,BCA,Business Analyst,Contract,Small,3 Months,7,79000
Korba,BBA,HR Executive,Full Time,Medium,3 Months,9,81000
Sakti,Diploma,Content Writer,Contract,Medium,45 Days,0,22000
Bemetra,Diploma,Accountant,Full Time,Small,2 Months,5,34000
Durg,M.Com,HR Executive,Full Time,Large,3 Months,9,150000
Mahasamund,MA,Digital Marketing Executive,Full Time,Large,45 Days,2,95000
Dalli-Rajhara,BA,MIS Executive,Part Time,Medium,15 Days,4,29000
Dhamtari,BCA,Digital Marketing Executive,Intern,Small,3 Months,5,27000
Raipur,M.Com,MIS Executive,Full Time,Small,45 Days,5,103000
Bhatapara,10th Pass,Customer Support,Contract,Medium,2 Months,5,16000
Korba,BA,Account Manager,Full Time,Large,15 Days,5,83000
Jagdalpur,MBA,Digital Marketing Executive,Part Time,Medium,15 Days,1,61000
Tilda Newra,12th Pass,Sales Executive,Part Time,Large,2 Months,2,19000
Tilda Newra,BCA,Digital Marketing Executive,Full Time,Medium,30 Days,5,85000
Tilda Newra,BBA,Business Analyst,Contract,Large,30 Days,11,134000
Mungeli,10th Pass,Sales Executive,Full Time,Small,45 Days,3,15000
Dalli-Rajhara,BA,Content Writer,Intern,Large,45 Days,1,16000
Ambikapur,BA,Business Analyst,Full Time,Medium,30 Days,11,98000
Raigarh,BA,HR Executive,Full Time,Large,3 Months,1,40000
Chirmiri,B.Com,Digital Marketing Executive,Full Time,Medium,15 Days,14,102000
Dhamtari,BA,HR Executive,Part Time,Large,2 Months,13,52000
Raigarh,BCA,HR Executive,Full Time,Small,3 Months,6,52000
Sakti,10th Pass,Customer Support,Full Time,Small,15 Days,1,12000
Korba,BCA,Sales Executive,Full Time,Medium,15 Days,0,43000
Durg,MBA,MIS Executive,Contract,Large,2 Months,2,146000
Chirmiri,10th Pass,Sales Executive,Part Time,Small,Immediately,7,12000
Tilda Newra,10th Pass,Customer Support,Part Time,Small,30 Days,2,12000
Raipur,BCA,Account Manager,Contract,Medium,2 Months,4,73000
Korba,Diploma,Customer Support,Contract,Medium,Immediately,0,20000
Jagdalpur,BA,Digital Marketing Executive,Part Time,Medium,15 Days,5,34000
Raipur,Diploma,Accountant,Part Time,Large,2 Months,3,29000
Durg,B.Com,Digital Marketing Executive,Full Time,Large,3 Months,6,99000
Durg,12th Pass,Accountant,Full Time,Medium,30 Days,1,23000
Bhatapara,BA,Digital Marketing Executive,Full Time,Large,2 Months,6,73000
Mungeli,BBA,Sales Executive,Full Time,Medium,30 Days,5,76000
Jagdalpur,10th Pass,Computer Operator,Full Time,Medium,30 Days,7,17000
Mahasamund,12th Pass,Computer Operator,Contract,Small,15 Days,1,12000
Jagdalpur,12th Pass,Sales Executive,Full Time,Small,30 Days,2,22000
Mahasamund,12th Pass,Content Writer,Full Time,Small,3 Months,6,24000
Mungeli,12th Pass,Accountant,Full Time,Small,45 Days,1,22000
Naila Janjgir,12th Pass,Accountant,Full Time,Medium,15 Days,2,25000
Dalli-Rajhara,12th Pass,Content Writer,Full Time,Medium,2 Months,2,20000
Ambikapur,BA,HR Executive,Contract,Large,2 Months,5,52000
Dhamtari,Diploma,Accountant,Full Time,Small,45 Days,4,35000
Durg,MBA,MIS Executive,Contract,Large,3 Months,7,150000
Sakti,B.Com,Digital Marketing Executive,Part Time,Small,15 Days,0,23000
Chirmiri,M.Com,MIS Executive,Part Time,Large,30 Days,4,71000
Dalli-Rajhara,BCA,Account Manager,Full Time,Medium,2 Months,7,103000
Korba,M.Com,Digital Marketing Executive,Part Time,Small,Immediately,1,42000
Rajnandgaon,BBA,Sales Executive,Part Time,Small,15 Days,1,29000
Raipur,BA,Digital Marketing Executive,Full Time,Small,30 Days,13,76000
Naila Janjgir,BA,Account Manager,Full Time,Large,2 Months,7,80000
Sakti,B.Com,Digital Marketing Executive,Full Time,Medium,Immediately,4,62000
Ambikapur,BBA,Content Writer,Full Time,Large,15 Days,1,54000
Tilda Newra,BA,Sales Executive,Intern,Large,2 Months,12,32000
Rajnandgaon,M.Com,HR Executive,Full Time,Medium,Immediately,2,87000
Mahasamund,BA,Digital Marketing Executive,Intern,Medium,2 Months,10,33000
Raipur,MA,Sales Executive,Part Time,Small,15 Days,1,35000
Raipur,MBA,Business Analyst,Contract,Small,2 Months,10,150000
Ambikapur,MBA,Digital Marketing Executive,Full Time,Medium,2 Months,9,150000
Jagdalpur,MBA,HR Executive,Full Time,Large,Immediately,7,150000
Bhatapara,12th Pass,Accountant,Full Time,Medium,15 Days,2,28000
Rajnandgaon,B.Com,HR Executive,Full Time,Medium,15 Days,4,54000
Dhamtari,10th Pass,Sales Executive,Full Time,Large,15 Days,2,21000
Bemetra,Diploma,Accountant,Part Time,Large,Immediately,7,39000
Naila Janjgir,Diploma,Content Writer,Contract,Medium,Immediately,7,39000
Raigarh,M.Com,Business Analyst,Full Time,Medium,30 Days,6,150000
Dhamtari,M.Com,Digital Marketing Executive,Full Time,Large,30 Days,8,150000
Bemetra,BA,HR Executive,Part Time,Large,45 Days,3,31000
Bhilai,BBA,Content Writer,Intern,Medium,15 Days,0,15000
Tilda Newra,BBA,Account Manager,Full Time,Large,30 Days,7,132000
Manendragarh,MBA,Account Manager,Full Time,Large,2 Months,10,150000
Naila Janjgir,Diploma,Computer Operator,Full Time,Medium,45 Days,7,31000
Naila Janjgir,10th Pass,Customer Support,Part Time,Medium,Immediately,0,12000
Mahasamund,MA,Digital Marketing Executive,Part Time,Medium,30 Days,3,49000
Chirmiri,MA,Digital Marketing Executive,Full Time,Small,30 Days,13,117000
Mungeli,Diploma,Computer Operator,Full Time,Large,2 Months,4,31000
Mungeli,MA,HR Executive,Contract,Medium,30 Days,1,50000
Manendragarh,BA,Digital Marketing Executive,Full Time,Medium,30 Days,3,46000
Dalli-Rajhara,10th Pass,Sales Executive,Full Time,Large,30 Days,0,19000
Dalli-Rajhara,12th Pass,Computer Operator,Full Time,Medium,30 Days,7,24000
Chirmiri,BA,HR Executive,Full Time,Medium,15 Days,4,42000
Ambikapur,Diploma,Customer Support,Full Time,Medium,30 Days,5,33000
Korba,B.Com,HR Executive,Full Time,Medium,45 Days,11,77000
Naila Janjgir,Diploma,Customer Support,Full Time,Small,2 Months,15,46000
Bhatapara,Diploma,Accountant,Contract,Large,3 Months,12,65000
Raipur,Diploma,Content Writer,Full Time,Small,30 Days,11,46000
Dalli-Rajhara,MBA,Account Manager,Full Time,Large,3 Months,15,150000
Durg,MA,Digital Marketing Executive,Intern,Large,3 Months,10,63000
Chirmiri,10th Pass,Computer Operator,Full Time,Small,30 Days,8,17000
Durg,B.Com,MIS Executive,Full Time,Large,30 Days,5,91000
Jagdalpur,BBA,Sales Executive,Part Time,Medium,Immediately,0,27000
Dhamtari,Diploma,Computer Operator,Full Time,Large,3 Months,3,32000
Mungeli,BA,Content Writer,Part Time,Large,30 Days,1,21000
Manendragarh,B.Com,Digital Marketing Executive,Contract,Medium,30 Days,6,61000
Mungeli,BCA,Digital Marketing Executive,Full Time,Large,Immediately,0,63000
Bhatapara,MBA,Digital Marketing Executive,Contract,Medium,2 Months,10,150000
Bilaspur,BBA,Business Analyst,Full Time,Small,45 Days,4,75000
Bhatapara,10th Pass,Sales Executive,Part Time,Medium,15 Days,1,12000
Dalli-Rajhara,MBA,HR Executive,Full Time,Small,45 Days,2,93000
Bhilai,10th Pass,Computer Operator,Part Time,Medium,30 Days,0,12000
Dhamtari,Diploma,Computer Operator,Full Time,Small,Immediately,5,24000
Bhilai,BA,Account Manager,Full Time,Large,30 Days,5,71000
Bilaspur,BA,HR Executive,Contract,Small,3 Months,12,50000
Raigarh,12th Pass,Computer Operator,Part Time,Large,45 Days,4,17000
Raipur,Diploma,Sales Executive,Full Time,Medium,45 Days,12,60000
Durg,MBA,Account Manager,Full Time,Medium,3 Months,11,150000
Chirmiri,BBA,Digital Marketing Executive,Full Time,Medium,3 Months,11,90000
Rajnandgaon,12th Pass,Content Writer,Part Time,Large,Immediately,0,14000
Dalli-Rajhara,B.Com,Content Writer,Full Time,Medium,15 Days,0,31000
Ambikapur,BBA,Account Manager,Full Time,Medium,30 Days,10,121000
Sakti,Diploma,Computer Operator,Full Time,Small,2 Months,2,20000
Mungeli,M.Com,HR Executive,Contract,Large,45 Days,3,100000
Dalli-Rajhara,BA,HR Executive,Full Time,Large,15 Days,1,40000
Korba,10th Pass,Sales Executive,Part Time,Medium,30 Days,1,12000
Bilaspur,BBA,Customer Support,Part Time,Large,30 Days,2,35000
Bilaspur,BBA,MIS Executive,Part Time,Large,30 Days,4,51000
Manendragarh,MA,Account Manager,Full Time,Medium,Immediately,5,99000
Manendragarh,BA,Customer Support,Part Time,Medium,30 Days,1,15000
Ambikapur,B.Com,Account Manager,Full Time,Large,45 Days,9,111000
Naila Janjgir,B.Com,HR Executive,Full Time,Medium,Immediately,2,40000
Bhilai,BCA,Sales Executive,Full Time,Large,15 Days,3,87000
Chirmiri,10th Pass,Customer Support,Full Time,Medium,3 Months,5,18000
Tilda Newra,M.Com,Account Manager,Part Time,Medium,45 Days,8,104000
Bilaspur,MBA,MIS Executive,Contract,Medium,2 Months,7,137000
Dalli-Rajhara,M.Com,Account Manager,Full Time,Large,15 Days,1,131000
Dhamtari,Diploma,Accountant,Full Time,Small,45 Days,12,51000
Mahasamund,10th Pass,Sales Executive,Intern,Medium,30 Days,4,8000
Raigarh,M.Com,Business Analyst,Full Time,Large,45 Days,9,150000
Durg,MBA,HR Executive,Full Time,Small,45 Days,5,106000
Raipur,M.Com,Account Manager,Intern,Small,2 Months,10,61000
Mungeli,Diploma,Sales Executive,Full Time,Large,30 Days,10,70000
Durg,MBA,Business Analyst,Full Time,Small,3 Months,12,150000
Raigarh,MBA,MIS Executive,Contract,Large,45 Days,16,150000
Dalli-Rajhara,MA,HR Executive,Full Time,Medium,2 Months,14,136000
Bemetra,B.Com,Digital Marketing Executive,Full Time,Medium,3 Months,7,79000
Bhatapara,BCA,Digital Marketing Executive,Contract,Large,2 Months,7,85000
Tilda Newra,10th Pass,Sales Executive,Part Time,Medium,30 Days,0,12000
Mungeli,Diploma,Accountant,Full Time,Medium,3 Months,12,63000
Mungeli,MA,Digital Marketing Executive,Full Time,Medium,45 Days,7,99000
Manendragarh,10th Pass,Customer Support,Full Time,Large,2 Months,2,15000
Manendragarh,B.Com,Digital Marketing Executive,Full Time,Small,15 Days,12,91000
Manendragarh,Diploma,Accountant,Full Time,Large,2 Months,11,76000
Mungeli,MA,Business Analyst,Full Time,Medium,2 Months,7,143000
Jagdalpur,B.Com,Business Analyst,Full Time,Small,30 Days,8,79000
Bhatapara,12th Pass,Accountant,Full Time,Medium,2 Months,2,26000
Dhamtari,BCA,Customer Support,Full Time,Small,30 Days,1,35000
Bhilai,B.Com,HR Executive,Part Time,Small,30 Days,2,22000
Mungeli,MA,MIS Executive,Full Time,Large,2 Months,10,150000
Ambikapur,BCA,HR Executive,Intern,Medium,45 Days,3,24000
Bemetra,Diploma,Sales Executive,Full Time,Medium,3 Months,9,56000
Chirmiri,B.Com,HR Executive,Contract,Large,45 Days,13,104000
Bilaspur,BBA,Account Manager,Full Time,Large,3 Months,13,150000
Naila Janjgir,MA,MIS Executive,Full Time,Small,30 Days,7,98000
Ambikapur,12th Pass,Sales Executive,Intern,Small,Immediately,1,9000
Dalli-Rajhara,10th Pass,Computer Operator,Full Time,Large,15 Days,1,13000
Sakti,10th Pass,Customer Support,Part Time,Large,15 Days,1,12000
Naila Janjgir,B.Com,Digital Marketing Executive,Full Time,Small,45 Days,4,46000
Dalli-Rajhara,M.Com,Digital Marketing Executive,Full Time,Medium,2 Months,2,99000
Jagdalpur,10th Pass,Customer Support,Full Time,Small,3 Months,2,12000
Tilda Newra,M.Com,Digital Marketing Executive,Full Time,Small,15 Days,7,115000
Dalli-Rajhara,M.Com,Account Manager,Full Time,Large,30 Days,1,127000
Durg,B.Com,Content Writer,Full Time,Small,45 Days,2,34000
Dalli-Rajhara,12th Pass,Sales Executive,Full Time,Medium,45 Days,7,37000
Rajnandgaon,B.Com,Customer Support,Intern,Large,15 Days,2,20000
Rajnandgaon,BCA,HR Executive,Full Time,Large,2 Months,3,74000
Mungeli,B.Com,HR Executive,Intern,Small,15 Days,1,13000
Bhatapara,MBA,HR Executive,Full Time,Medium,3 Months,16,150000
Chirmiri,12th Pass,Computer Operator,Full Time,Medium,2 Months,0,16000
Ambikapur,10th Pass,Customer Support,Full Time,Medium,45 Days,4,15000
Sakti,MA,HR Executive,Full Time,Medium,3 Months,15,130000
Dalli-Rajhara,Diploma,Computer Operator,Full Time,Small,2 Months,8,27000
Chirmiri,B.Com,HR Executive,Contract,Small,30 Days,7,48000
Raigarh,B.Com,Content Writer,Part Time,Medium,15 Days,2,24000
Dalli-Rajhara,10th Pass,Customer Support,Full Time,Large,15 Days,4,19000
Mahasamund,BA,Account Manager,Contract,Small,3 Months,6,49000
Naila Janjgir,Diploma,Computer Operator,Full Time,Small,45 Days,8,28000
Sakti,BCA,HR Executive,Full Time,Large,30 Days,1,55000
Naila Janjgir,M.Com,Account Manager,Full Time,Medium,2 Months,5,148000
Bhilai,12th Pass,Accountant,Part Time,Medium,2 Months,9,20000
Bemetra,10th Pass,Sales Executive,Full Time,Small,45 Days,4,16000
Dhamtari,12th Pass,Customer Support,Contract,Large,15 Days,1,21000
Bhatapara,12th Pass,Computer Operator,Full Time,Large,2 Months,0,19000
Bilaspur,BA,Sales Executive,Full Time,Large,15 Days,11,76000
Dalli-Rajhara,BA,MIS Executive,Contract,Small,3 Months,11,58000
Ambikapur,BCA,Business Analyst,Full Time,Small,15 Days,13,136000
Rajnandgaon,MA,Digital Marketing Executive,Full Time,Small,2 Months,4,84000
Durg,BCA,Sales Executive,Full Time,Small,3 Months,5,55000
Chirmiri,12th Pass,Content Writer,Intern,Medium,30 Days,8,14000
Bhilai,BA,Sales Executive,Full Time,Small,3 Months,7,53000
Bhilai,BCA,MIS Executive,Full Time,Medium,Immediately,6,88000
Korba,MA,Account Manager,Full Time,Small,3 Months,11,150000
Bhilai,M.Com,Digital Marketing Executive,Full Time,Small,3 Months,17,150000
Bhatapara,B.Com,Sales Executive,Full Time,Small,Immediately,5,49000
Jagdalpur,MA,MIS Executive,Full Time,Medium,30 Days,1,66000
Manendragarh,MBA,HR Executive,Full Time,Large,30 Days,6,150000
Bemetra,BA,Customer Support,Contract,Medium,3 Months,2,25000
Rajnandgaon,BBA,Account Manager,Full Time,Medium,2 Months,3,71000
Tilda Newra,MA,Digital Marketing Executive,Part Time,Large,2 Months,12,105000
Naila Janjgir,Diploma,Sales Executive,Full Time,Medium,3 Months,7,48000
Bhatapara,B.Com,Digital Marketing Executive,Part Time,Large,30 Days,7,57000
Jagdalpur,BBA,HR Executive,Full Time,Large,45 Days,4,70000
Naila Janjgir,12th Pass,Content Writer,Full Time,Large,3 Months,9,42000
Bhilai,BCA,Sales Executive,Part Time,Small,Immediately,2,27000
Rajnandgaon,BCA,Sales Executive,Full Time,Medium,15 Days,7,82000
Jagdalpur,MBA,Digital Marketing Executive,Contract,Small,2 Months,16,150000
Ambikapur,BBA,HR Executive,Full Time,Small,45 Days,2,47000
Mahasamund,MBA,MIS Executive,Full Time,Small,15 Days,6,143000
Mungeli,B.Com,Customer Support,Full Time,Medium,Immediately,1,31000
Manendragarh,BBA,HR Executive,Full Time,Medium,45 Days,6,73000
Mahasamund,10th Pass,Customer Support,Full Time,Large,3 Months,7,23000
Tilda Newra,M.Com,MIS Executive,Contract,Small,45 Days,12,150000
Korba,MA,Account Manager,Full Time,Large,30 Days,6,150000
Tilda Newra,BA,HR Executive,Intern,Large,45 Days,6,27000
Sakti,M.Com,MIS Executive,Part Time,Large,15 Days,2,76000
Dhamtari,BBA,Sales Executive,Full Time,Large,2 Months,9,116000
Rajnandgaon,12th Pass,Content Writer,Intern,Small,30 Days,8,10000
Sakti,BCA,Business Analyst,Full Time,Medium,2 Months,7,115000
Sakti,BA,MIS Executive,Contract,Large,2 Months,9,82000
Raipur,M.Com,Account Manager,Full Time,Small,45 Days,3,86000
Dalli-Rajhara,BCA,HR Executive,Full Time,Large,30 Days,6,82000
Bilaspur,MA,HR Executive,Full Time,Large,45 Days,5,112000
Ambikapur,10th Pass,Computer Operator,Intern,Large,15 Days,0,8000
Sakti,Diploma,Computer Operator,Full Time,Medium,2 Months,7,29000
Bhilai,M.Com,Sales Executive,Full Time,Medium,15 Days,1,73000
Jagdalpur,BBA,Digital Marketing Executive,Full Time,Medium,45 Days,9,95000
Korba,MBA,Sales Executive,Part Time,Medium,45 Days,4,78000
Dhamtari,10th Pass,Computer Operator,Part Time,Large,15 Days,0,12000
Raipur,MBA,MIS Executive,Full Time,Medium,45 Days,3,119000
Dalli-Rajhara,BCA,HR Executive,Part Time,Large,3 Months,13,67000
Dhamtari,12th Pass,Customer Support,Full Time,Small,45 Days,6,21000
Bhatapara,10th Pass,Computer Operator,Full Time,Large,15 Days,2,14000
Raipur,BA,HR Executive,Intern,Medium,2 Months,5,20000
Dhamtari,Diploma,Accountant,Part Time,Medium,15 Days,3,23000
Ambikapur,12th Pass,Sales Executive,Full Time,Large,45 Days,3,33000
Naila Janjgir,BBA,Digital Marketing Executive,Full Time,Medium,30 Days,6,86000
Bemetra,10th Pass,Sales Executive,Part Time,Medium,3 Months,0,12000
Bhilai,BA,Digital Marketing Executive,Full Time,Small,Immediately,2,36000
Dhamtari,MBA,Business Analyst,Full Time,Large,30 Days,16,150000
Tilda Newra,BBA,HR Executive,Full Time,Large,2 Months,12,112000
Mahasamund,Diploma,Accountant,Part Time,Large,30 Days,2,26000
Durg,B.Com,Content Writer,Part Time,Small,45 Days,0,18000
Rajnandgaon,12th Pass,Accountant,Full Time,Medium,2 Months,5,31000
Mungeli,12th Pass,Content Writer,Full Time,Large,30 Days,1,23000
Chirmiri,BBA,Account Manager,Full Time,Medium,45 Days,4,95000
Sakti,M.Com,Business Analyst,Part Time,Medium,2 Months,6,95000
Jagdalpur,B.Com,HR Executive,Full Time,Large,2 Months,2,53000
Raipur,MBA,Account Manager,Full Time,Large,15 Days,7,150000
Chirmiri,MA,Account Manager,Full Time,Small,45 Days,20,150000
Tilda Newra,BBA,MIS Executive,Full Time,Small,2 Months,6,74000
Bilaspur,BA,MIS Executive,Full Time,Medium,3 Months,5,55000
Mungeli,12th Pass,Sales Executive,Full Time,Large,45 Days,10,55000
Mahasamund,B.Com,HR Executive,Full Time,Large,Immediately,12,93000
Tilda Newra,M.Com,MIS Executive,Full Time,Large,3 Months,18,150000
Dalli-Rajhara,MA,HR Executive,Full Time,Medium,30 Days,9,106000
Dhamtari,B.Com,Digital Marketing Executive,Full Time,Medium,45 Days,3,52000
Dalli-Rajhara,MBA,Account Manager,Full Time,Small,45 Days,3,110000
Tilda Newra,BBA,Sales Executive,Full Time,Small,30 Days,3,49000
Ambikapur,MA,Business Analyst,Full Time,Medium,45 Days,6,141000
Ambikapur,MA,Business Analyst,Contract,Medium,45 Days,10,150000
Bhilai,BA,Sales Executive,Full Time,Large,45 Days,5,67000
Bemetra,BBA,Digital Marketing Executive,Full Time,Medium,45 Days,5,83000
Chirmiri,M.Com,Digital Marketing Executive,Full Time,Medium,15 Days,15,150000
Dalli-Rajhara,BCA,Account Manager,Part Time,Small,30 Days,6,45000
Rajnandgaon,MBA,Digital Marketing Executive,Full Time,Small,30 Days,4,118000
Durg,BA,Sales Executive,Part Time,Large,3 Months,10,49000
Korba,MA,Account Manager,Full Time,Large,45 Days,14,150000
Dhamtari,10th Pass,Customer Support,Contract,Medium,15 Days,0,12000
Jagdalpur,BCA,Accountant,Full Time,Medium,Immediately,1,56000
Bemetra,MBA,Account Manager,Full Time,Small,2 Months,3,134000
Raigarh,BA,MIS Executive,Full Time,Large,2 Months,3,63000
Bhatapara,MA,MIS Executive,Full Time,Small,30 Days,1,59000
Mahasamund,10th Pass,Customer Support,Full Time,Large,45 Days,4,20000
Jagdalpur,MBA,MIS Executive,Full Time,Small,45 Days,17,150000
Bhatapara,M.Com,MIS Executive,Full Time,Medium,45 Days,16,150000
Dhamtari,B.Com,Account Manager,Intern,Medium,2 Months,10,36000
Durg,BA,Digital Marketing Executive,Intern,Small,30 Days,0,13000
Mungeli,Diploma,Content Writer,Full Time,Small,30 Days,2,24000
Bhilai,12th Pass,Content Writer,Full Time,Small,30 Days,9,32000
Durg,MBA,HR Executive,Contract,Large,2 Months,6,150000
Tilda Newra,10th Pass,Computer Operator,Full Time,Medium,2 Months,9,20000
Bemetra,B.Com,MIS Executive,Full Time,Large,45 Days,6,84000
Raipur,B.Com,HR Executive,Full Time,Medium,30 Days,7,58000
Bhilai,MBA,MIS Executive,Full Time,Medium,15 Days,3,117000
Naila Janjgir,Diploma,Customer Support,Contract,Large,45 Days,5,32000
Tilda Newra,MA,Account Manager,Full Time,Small,Immediately,2,82000
Mungeli,MA,Digital Marketing Executive,Full Time,Small,45 Days,9,110000
Dalli-Rajhara,BA,Account Manager,Full Time,Medium,45 Days,11,90000
Chirmiri,10th Pass,Customer Support,Full Time,Medium,45 Days,10,22000
Naila Janjgir,B.Com,Customer Support,Intern,Medium,Immediately,0,11000
Manendragarh,Diploma,Sales Executive,Contract,Medium,15 Days,1,27000
Korba,M.Com,MIS Executive,Full Time,Small,30 Days,6,102000
Dhamtari,BCA,Content Writer,Full Time,Large,15 Days,0,52000
Mahasamund,BA,Account Manager,Full Time,Large,30 Days,7,84000
Chirmiri,BCA,Business Analyst,Full Time,Small,2 Months,4,75000
Tilda Newra,10th Pass,Computer Operator,Full Time,Small,3 Months,8,14000
Jagdalpur,BA,Sales Executive,Full Time,Medium,30 Days,4,52000
Bhatapara,M.Com,Account Manager,Full Time,Small,45 Days,19,150000
Bilaspur,BCA,Content Writer,Part Time,Large,Immediately,1,34000
Ambikapur,BCA,Digital Marketing Executive,Full Time,Medium,3 Months,12,125000
Bemetra,BA,HR Executive,Part Time,Small,45 Days,3,19000
Dalli-Rajhara,M.Com,HR Executive,Full Time,Medium,3 Months,9,105000
Sakti,MA,Business Analyst,Full Time,Large,45 Days,8,150000
Dalli-Rajhara,MA,Digital Marketing Executive,Contract,Large,15 Days,2,86000
Rajnandgaon,M.Com,Business Analyst,Full Time,Large,15 Days,10,150000
Naila Janjgir,BA,Customer Support,Full Time,Small,2 Months,2,23000
Bhatapara,MBA,MIS Executive,Part Time,Small,30 Days,9,110000
Sakti,B.Com,HR Executive,Full Time,Medium,30 Days,15,94000
Naila Janjgir,M.Com,Business Analyst,Full Time,Small,15 Days,8,143000
Bhatapara,BA,Digital Marketing Executive,Full Time,Small,2 Months,4,39000
Bhilai,BA,MIS Executive,Full Time,Medium,15 Days,4,56000
Dalli-Rajhara,M.Com,HR Executive,Full Time,Large,2 Months,11,150000
Naila Janjgir,MA,Account Manager,Full Time,Large,45 Days,10,150000
Naila Janjgir,10th Pass,Computer Operator,Full Time,Small,2 Months,4,12000
Raipur,Diploma,Content Writer,Part Time,Large,30 Days,12,39000
Rajnandgaon,BCA,Account Manager,Full Time,Medium,30 Days,9,100000
Raigarh,B.Com,Accountant,Contract,Small,15 Days,1,30000
Chirmiri,M.Com,Sales Executive,Contract,Small,30 Days,2,71000
Raipur,B.Com,MIS Executive,Full Time,Medium,45 Days,10,88000
Raipur,BCA,Digital Marketing Executive,Full Time,Medium,Immediately,2,58000
Bemetra,10th Pass,Sales Executive,Full Time,Small,45 Days,1,13000
Jagdalpur,BA,Digital Marketing Executive,Contract,Small,15 Days,7,49000
Mungeli,MBA,Digital Marketing Executive,Contract,Large,45 Days,10,150000
Dhamtari,M.Com,MIS Executive,Full Time,Large,3 Months,19,150000
Tilda Newra,BBA,Business Analyst,Full Time,Medium,45 Days,8,133000
Bemetra,BA,HR Executive,Contract,Small,30 Days,4,32000
Bilaspur,MBA,Account Manager,Full Time,Small,15 Days,4,149000
Mahasamund,12th Pass,Sales Executive,Full Time,Small,2 Months,4,26000
Bhilai,BBA,HR Executive,Full Time,Large,30 Days,5,85000
Bilaspur,Diploma,Accountant,Contract,Small,15 Days,2,27000
Durg,MA,Account Manager,Full Time,Small,2 Months,6,100000
Tilda Newra,MBA,Sales Executive,Full Time,Small,Immediately,2,99000
Mungeli,10th Pass,Computer Operator,Part Time,Medium,15 Days,3,12000
Rajnandgaon,BA,Content Writer,Full Time,Small,3 Months,2,29000
Manendragarh,Diploma,Sales Executive,Full Time,Large,3 Months,12,78000
Durg,BBA,Digital Marketing Executive,Full Time,Small,Immediately,6,69000
Bhatapara,MA,Business Analyst,Full Time,Small,3 Months,13,144000
Dalli-Rajhara,MA,Account Manager,Full Time,Large,3 Months,6,142000
Rajnandgaon,BA,Sales Executive,Full Time,Small,45 Days,6,48000
Ambikapur,10th Pass,Computer Operator,Full Time,Small,15 Days,3,12000
Bhatapara,Diploma,Computer Operator,Part Time,Small,Immediately,0,12000
Naila Janjgir,BCA,HR Executive,Full Time,Large,45 Days,5,77000
Bhilai,BBA,Sales Executive,Contract,Medium,15 Days,3,54000
Ambikapur,Diploma,Computer Operator,Full Time,Small,30 Days,2,19000
Jagdalpur,BCA,MIS Executive,Full Time,Large,45 Days,5,98000
Tilda Newra,BCA,Sales Executive,Contract,Large,15 Days,0,52000
Mungeli,BA,Sales Executive,Full Time,Small,30 Days,6,50000
Jagdalpur,10th Pass,Sales Executive,Full Time,Large,Immediately,2,22000
Bilaspur,MBA,HR Executive,Full Time,Large,45 Days,18,150000
Mungeli,12th Pass,Accountant,Full Time,Small,30 Days,8,32000
Bhilai,BA,Account Manager,Full Time,Small,30 Days,4,49000
Rajnandgaon,BBA,MIS Executive,Part Time,Small,45 Days,11,65000
Bhatapara,BA,Account Manager,Full Time,Large,45 Days,3,74000
Bilaspur,BBA,Customer Support,Intern,Large,Immediately,1,19000
Mahasamund,MBA,Digital Marketing Executive,Contract,Medium,30 Days,10,150000
Bemetra,MA,Business Analyst,Full Time,Large,3 Months,9,150000
Rajnandgaon,MBA,Digital Marketing Executive,Intern,Medium,30 Days,11,81000
Bhilai,BA,Customer Support,Part Time,Small,Immediately,2,17000
Bhilai,M.Com,MIS Executive,Full Time,Small,30 Days,13,140000
Naila Janjgir,MA,Sales Executive,Full Time,Medium,Immediately,4,75000
Korba,MBA,Account Manager,Full Time,Small,3 Months,6,150000
Bhatapara,MBA,Account Manager,Full Time,Small,45 Days,6,150000
Manendragarh,M.Com,Digital Marketing Executive,Full Time,Small,3 Months,2,86000
Bhilai,12th Pass,Computer Operator,Full Time,Small,30 Days,1,13000
Durg,BCA,Digital Marketing Executive,Contract,Large,45 Days,13,147000
Dalli-Rajhara,BCA,Digital Marketing Executive,Part Time,Medium,15 Days,0,32000
Ambikapur,M.Com,Account Manager,Contract,Small,30 Days,1,83000
Raipur,BA,Business Analyst,Full Time,Medium,2 Months,7,65000
Mungeli,Diploma,Sales Executive,Part Time,Large,Immediately,3,29000
Dalli-Rajhara,B.Com,MIS Executive,Full Time,Medium,15 Days,6,68000
Bilaspur,B.Com,Content Writer,Contract,Large,30 Days,2,42000
Raigarh,BCA,MIS Executive,Part Time,Medium,30 Days,6,56000
Mahasamund,12th Pass,Content Writer,Full Time,Medium,3 Months,8,33000
Dalli-Rajhara,M.Com,HR Executive,Full Time,Medium,Immediately,4,95000
Bemetra,BCA,Sales Executive,Full Time,Medium,45 Days,3,60000
Tilda Newra,BA,Sales Executive,Full Time,Medium,30 Days,2,39000
Mahasamund,BA,Sales Executive,Full Time,Small,2 Months,9,53000
Bhilai,12th Pass,Content Writer,Part Time,Small,Immediately,1,12000
Manendragarh,BBA,Content Writer,Contract,Large,Immediately,0,44000
Bhilai,B.Com,Account Manager,Part Time,Large,45 Days,6,61000
Dhamtari,B.Com,HR Executive,Full Time,Medium,30 Days,4,51000
Tilda Newra,B.Com,Sales Executive,Full Time,Small,2 Months,15,77000
Jagdalpur,M.Com,Digital Marketing Executive,Full Time,Small,3 Months,11,149000
Raigarh,10th Pass,Sales Executive,Full Time,Medium,45 Days,0,14000
Raipur,BA,MIS Executive,Full Time,Large,30 Days,7,74000
Sakti,B.Com,Business Analyst,Full Time,Small,45 Days,5,62000
Bemetra,BA,Digital Marketing Executive,Full Time,Large,30 Days,6,74000
Bilaspur,12th Pass,Computer Operator,Part Time,Large,2 Months,2,14000
Bemetra,BA,Sales Executive,Full Time,Small,45 Days,7,52000
Bhilai,BA,Account Manager,Intern,Small,2 Months,3,19000
Rajnandgaon,MA,Account Manager,Full Time,Small,15 Days,9,118000
Chirmiri,Diploma,Accountant,Full Time,Medium,15 Days,3,34000
Tilda Newra,BCA,Digital Marketing Executive,Full Time,Large,15 Days,4,91000
Bhilai,BBA,Digital Marketing Executive,Contract,Large,45 Days,4,74000
Ambikapur,10th Pass,Customer Support,Full Time,Small,15 Days,1,12000
Mahasamund,BCA,Digital Marketing Executive,Full Time,Large,2 Months,0,61000
Manendragarh,10th Pass,Customer Support,Full Time,Medium,3 Months,7,18000
Raigarh,BCA,Content Writer,Full Time,Medium,30 Days,2,49000
Korba,12th Pass,Sales Executive,Full Time,Large,30 Days,5,40000
Bhilai,12th Pass,Sales Executive,Full Time,Small,Immediately,1,21000
Ambikapur,Diploma,Accountant,Part Time,Large,3 Months,10,47000
Jagdalpur,Diploma,Customer Support,Contract,Small,30 Days,2,20000
Sakti,B.Com,Account Manager,Full Time,Medium,3 Months,10,91000
Mungeli,M.Com,MIS Executive,Full Time,Small,30 Days,18,150000
Rajnandgaon,BA,Sales Executive,Full Time,Small,15 Days,12,62000
Bhilai,MA,Sales Executive,Full Time,Large,2 Months,2,89000
Raipur,MA,MIS Executive,Full Time,Small,15 Days,4,85000
Raigarh,BBA,HR Executive,Full Time,Medium,Immediately,1,45000
Tilda Newra,B.Com,Content Writer,Full Time,Small,45 Days,0,27000
Manendragarh,M.Com,Sales Executive,Full Time,Large,15 Days,4,130000
Mahasamund,Diploma,Accountant,Part Time,Small,15 Days,3,18000
Mahasamund,MBA,Account Manager,Full Time,Large,30 Days,9,150000
Jagdalpur,BA,MIS Executive,Full Time,Small,45 Days,7,48000
Jagdalpur,MBA,Account Manager,Full Time,Small,2 Months,7,150000
Mahasamund,12th Pass,Computer Operator,Full Time,Large,45 Days,12,41000
Tilda Newra,BBA,HR Executive,Part Time,Medium,2 Months,0,29000
Dalli-Rajhara,MBA,HR Executive,Part Time,Small,30 Days,4,68000
Korba,BCA,Sales Executive,Full Time,Small,3 Months,12,93000
Dhamtari,MBA,Account Manager,Full Time,Medium,3 Months,16,150000
Korba,B.Com,MIS Executive,Full Time,Large,Immediately,6,84000
Raipur,MBA,Account Manager,Intern,Medium,2 Months,2,51000
Mahasamund,B.Com,HR Executive,Intern,Large,15 Days,0,18000
Ambikapur,MA,HR Executive,Full Time,Medium,30 Days,7,107000
Ambikapur,M.Com,MIS Executive,Intern,Medium,Immediately,16,71000
Mahasamund,B.Com,HR Executive,Full Time,Medium,3 Months,12,75000
Tilda Newra,10th Pass,Sales Executive,Full Time,Medium,30 Days,3,20000
Durg,10th Pass,Sales Executive,Contract,Medium,30 Days,2,14000
Ambikapur,MBA,Sales Executive,Full Time,Medium,30 Days,2,98000
Dhamtari,10th Pass,Computer Operator,Full Time,Large,3 Months,5,17000
Naila Janjgir,M.Com,HR Executive,Full Time,Medium,45 Days,12,149000
Dalli-Rajhara,MA,MIS Executive,Full Time,Small,45 Days,5,74000
Durg,10th Pass,Customer Support,Intern,Small,15 Days,4,8000
Manendragarh,BA,Account Manager,Full Time,Large,45 Days,5,77000
Durg,12th Pass,Content Writer,Full Time,Medium,30 Days,0,18000
Raigarh,MBA,MIS Executive,Full Time,Small,2 Months,15,150000
Naila Janjgir,Diploma,Accountant,Full Time,Medium,30 Days,7,45000
Bhatapara,BA,MIS Executive,Full Time,Large,30 Days,4,67000
Manendragarh,Diploma,Sales Executive,Full Time,Small,2 Months,4,29000
Ambikapur,BBA,Digital Marketing Executive,Full Time,Large,30 Days,12,149000
Sakti,Diploma,Computer Operator,Full Time,Small,30 Days,10,37000
Sakti,MA,Business Analyst,Full Time,Large,30 Days,14,150000
Dhamtari,BA,Digital Marketing Executive,Part Time,Large,2 Months,2,30000
Tilda Newra,MBA,MIS Executive,Part Time,Medium,3 Months,13,129000
Korba,M.Com,Sales Executive,Full Time,Medium,Immediately,4,94000
Dhamtari,Diploma,Content Writer,Full Time,Medium,45 Days,11,53000
Bhilai,10th Pass,Sales Executive,Full Time,Large,15 Days,0,17000
Naila Janjgir,B.Com,Account Manager,Contract,Medium,30 Days,3,54000
Sakti,B.Com,MIS Executive,Full Time,Small,30 Days,7,67000
Dalli-Rajhara,BBA,Sales Executive,Full Time,Medium,30 Days,12,99000
Bilaspur,MBA,Digital Marketing Executive,Part Time,Medium,3 Months,14,150000
Durg,Diploma,Sales Executive,Full Time,Medium,30 Days,15,65000
Naila Janjgir,MA,Digital Marketing Executive,Full Time,Medium,30 Days,9,127000
Chirmiri,BCA,MIS Executive,Full Time,Medium,2 Months,14,126000
Ambikapur,BA,HR Executive,Full Time,Small,3 Months,5,42000
Naila Janjgir,B.Com,HR Executive,Full Time,Small,2 Months,10,59000
Manendragarh,Diploma,Accountant,Full Time,Medium,2 Months,5,41000
Bhatapara,Diploma,Content Writer,Full Time,Small,3 Months,12,47000
Ambikapur,Diploma,Computer Operator,Full Time,Large,3 Months,10,51000
Bilaspur,BCA,Account Manager,Full Time,Medium,30 Days,5,83000
Ambikapur,MBA,HR Executive,Full Time,Small,15 Days,8,143000
Dalli-Rajhara,12th Pass,Customer Support,Full Time,Large,2 Months,3,28000
Bhilai,B.Com,Account Manager,Full Time,Medium,30 Days,5,76000
Bilaspur,MBA,Account Manager,Full Time,Medium,Immediately,3,136000
Korba,BCA,Account Manager,Contract,Small,45 Days,11,97000
Bemetra,BA,Customer Support,Full Time,Medium,Immediately,2,32000
Bhilai,B.Com,Account Manager,Full Time,Large,45 Days,14,150000
Korba,10th Pass,Sales Executive,Part Time,Large,15 Days,0,12000
Korba,B.Com,Sales Executive,Contract,Small,30 Days,1,36000
Dalli-Rajhara,10th Pass,Customer Support,Full Time,Large,30 Days,10,30000
Tilda Newra,BBA,HR Executive,Contract,Medium,45 Days,3,51000
Jagdalpur,Diploma,Content Writer,Full Time,Medium,15 Days,4,34000
Rajnandgaon,B.Com,Account Manager,Full Time,Medium,15 Days,3,73000
Rajnandgaon,MA,Digital Marketing Executive,Full Time,Medium,2 Months,2,73000
Dhamtari,MBA,Sales Executive,Part Time,Large,30 Days,3,85000
Sakti,M.Com,MIS Executive,Full Time,Small,3 Months,16,150000
Dalli-Rajhara,MA,MIS Executive,Full Time,Medium,30 Days,3,88000
Dhamtari,BA,Account Manager,Full Time,Small,2 Months,10,71000
Rajnandgaon,BA,MIS Executive,Full Time,Large,2 Months,10,83000
Raipur,M.Com,Sales Executive,Full Time,Medium,45 Days,1,73000
Jagdalpur,12th Pass,Computer Operator,Full Time,Large,15 Days,6,30000
Bemetra,MBA,Sales Executive,Full Time,Medium,30 Days,2,109000
Durg,B.Com,Digital Marketing Executive,Contract,Small,30 Days,1,35000
Tilda Newra,MBA,Account Manager,Full Time,Small,2 Months,10,150000
Naila Janjgir,MBA,HR Executive,Full Time,Medium,Immediately,4,112000
Raigarh,Diploma,Content Writer,Full Time,Medium,3 Months,15,60000
Dhamtari,10th Pass,Computer Operator,Full Time,Large,Immediately,0,13000
Ambikapur,MA,Account Manager,Intern,Small,45 Days,16,61000
Bhatapara,BCA,Business Analyst,Full Time,Small,2 Months,11,134000
Tilda Newra,BCA,Customer Support,Full Time,Small,15 Days,0,34000
Durg,10th Pass,Computer Operator,Full Time,Medium,3 Months,9,19000
Korba,B.Com,Account Manager,Full Time,Medium,2 Months,6,86000
Bemetra,BCA,Business Analyst,Full Time,Medium,3 Months,10,122000
Chirmiri,B.Com,Business Analyst,Part Time,Small,30 Days,5,42000
Mungeli,10th Pass,Sales Executive,Part Time,Medium,45 Days,2,12000
Rajnandgaon,BCA,Sales Executive,Part Time,Medium,15 Days,12,59000
Raipur,12th Pass,Accountant,Full Time,Small,45 Days,2,22000
Tilda Newra,MBA,Digital Marketing Executive,Full Time,Large,2 Months,3,146000
Ambikapur,BCA,MIS Executive,Full Time,Large,3 Months,7,99000
Manendragarh,BA,Accountant,Part Time,Small,30 Days,0,18000
Dalli-Rajhara,BBA,Digital Marketing Executive,Full Time,Large,2 Months,6,101000
Mungeli,Diploma,Accountant,Full Time,Small,3 Months,6,40000
Raipur,BA,Content Writer,Full Time,Small,Immediately,1,26000
Naila Janjgir,MA,MIS Executive,Full Time,Medium,15 Days,4,83000
Raipur,MBA,Business Analyst,Full Time,Medium,15 Days,12,150000
Naila Janjgir,12th Pass,Sales Executive,Full Time,Medium,30 Days,6,33000
Tilda Newra,MBA,MIS Executive,Part Time,Medium,45 Days,9,118000
Manendragarh,MA,Account Manager,Full Time,Small,3 Months,16,142000
Rajnandgaon,MA,Digital Marketing Executive,Intern,Medium,2 Months,10,54000
Bilaspur,BBA,MIS Executive,Full Time,Large,15 Days,7,104000
Naila Janjgir,MA,Digital Marketing Executive,Contract,Large,30 Days,5,115000
Mahasamund,M.Com,Account Manager,Part Time,Medium,Immediately,3,63000
Chirmiri,10th Pass,Computer Operator,Part Time,Medium,Immediately,5,12000
Jagdalpur,Diploma,Content Writer,Full Time,Medium,3 Months,12,58000
Naila Janjgir,MA,Digital Marketing Executive,Part Time,Medium,30 Days,2,51000
Bhatapara,BA,Sales Executive,Full Time,Large,3 Months,9,77000
Tilda Newra,BBA,Sales Executive,Contract,Small,3 Months,13,81000
Bemetra,BCA,Content Writer,Full Time,Medium,15 Days,0,40000
Tilda Newra,BBA,Sales Executive,Part Time,Small,45 Days,12,54000
Dalli-Rajhara,12th Pass,Sales Executive,Full Time,Medium,30 Days,6,37000
Raipur,BBA,Digital Marketing Executive,Full Time,Small,15 Days,11,93000
Bhatapara,BA,Account Manager,Full Time,Medium,3 Months,7,67000
Bilaspur,10th Pass,Sales Executive,Part Time,Large,30 Days,3,13000
Mungeli,BCA,Content Writer,Full Time,Large,2 Months,2,58000
Bilaspur,BBA,Customer Support,Contract,Small,15 Days,0,30000
Mungeli,B.Com,Sales Executive,Full Time,Small,15 Days,3,42000
Naila Janjgir,M.Com,Business Analyst,Full Time,Small,30 Days,6,126000
Bilaspur,M.Com,Digital Marketing Executive,Full Time,Small,30 Days,6,97000
Raipur,MBA,Digital Marketing Executive,Full Time,Large,30 Days,8,150000
Mungeli,12th Pass,Sales Executive,Full Time,Small,15 Days,8,29000
Ambikapur,10th Pass,Computer Operator,Intern,Large,15 Days,5,8000
Dalli-Rajhara,BBA,Content Writer,Part Time,Large,45 Days,2,36000
Naila Janjgir,MA,MIS Executive,Full Time,Large,30 Days,4,107000
Chirmiri,BBA,Account Manager,Full Time,Medium,3 Months,6,88000
Dhamtari,12th Pass,Accountant,Full Time,Large,30 Days,1,32000
Sakti,MA,MIS Executive,Contract,Medium,45 Days,7,94000
Mahasamund,BBA,HR Executive,Intern,Large,3 Months,4,33000
Manendragarh,M.Com,Business Analyst,Full Time,Large,15 Days,12,150000
Sakti,12th Pass,Accountant,Contract,Medium,45 Days,4,27000
Korba,10th Pass,Customer Support,Full Time,Small,Immediately,0,12000
Korba,BBA,Account Manager,Full Time,Medium,2 Months,6,98000
Manendragarh,BCA,Digital Marketing Executive,Contract,Medium,30 Days,4,58000
Rajnandgaon,MBA,Business Analyst,Full Time,Medium,2 Months,7,150000
Raigarh,BBA,Customer Support,Full Time,Medium,Immediately,0,36000
Naila Janjgir,Diploma,Accountant,Full Time,Small,30 Days,0,22000
Bhilai,MBA,Digital Marketing Executive,Full Time,Large,30 Days,8,150000
Mungeli,BA,Business Analyst,Full Time,Large,2 Months,10,101000
Bhatapara,MA,Digital Marketing Executive,Part Time,Large,15 Days,1,51000
Rajnandgaon,MA,Sales Executive,Full Time,Large,30 Days,3,89000
Bemetra,M.Com,MIS Executive,Full Time,Small,30 Days,15,150000
Raigarh,MBA,Business Analyst,Full Time,Small,15 Days,17,150000
Ambikapur,10th Pass,Sales Executive,Contract,Medium,3 Months,2,14000
Raigarh,BCA,Digital Marketing Executive,Full Time,Medium,2 Months,11,119000
Bhatapara,MBA,Account Manager,Full Time,Small,30 Days,19,150000
Dalli-Rajhara,10th Pass,Sales Executive,Full Time,Medium,2 Months,3,19000
Tilda Newra,BCA,Accountant,Part Time,Large,30 Days,0,36000
Bhilai,B.Com,Business Analyst,Full Time,Small,3 Months,8,81000
Mahasamund,BCA,MIS Executive,Full Time,Medium,2 Months,10,103000
Bhilai,BBA,Digital Marketing Executive,Full Time,Medium,30 Days,9,92000
Raigarh,MA,Account Manager,Full Time,Small,45 Days,5,100000
Dalli-Rajhara,10th Pass,Customer Support,Full Time,Medium,30 Days,4,17000
Raipur,MBA,Digital Marketing Executive,Full Time,Small,45 Days,7,139000
Mungeli,12th Pass,Content Writer,Full Time,Large,45 Days,5,33000
Ambikapur,B.Com,Digital Marketing Executive,Full Time,Medium,30 Days,4,61000
Korba,MA,Account Manager,Full Time,Large,2 Months,8,150000
Bhilai,12th Pass,Computer Operator,Full Time,Small,45 Days,6,20000
Bemetra,BA,Digital Marketing Executive,Part Time,Small,2 Months,3,25000
Ambikapur,BA,HR Executive,Full Time,Medium,2 Months,5,43000
Chirmiri,BA,Digital Marketing Executive,Full Time,Medium,30 Days,10,74000
Dhamtari,BCA,Digital Marketing Executive,Full Time,Large,Immediately,1,69000
Dalli-Rajhara,BA,HR Executive,Contract,Medium,45 Days,1,28000
Durg,BA,Accountant,Full Time,Small,Immediately,0,30000
Dhamtari,MA,Digital Marketing Executive,Full Time,Large,15 Days,12,150000
Tilda Newra,BCA,HR Executive,Full Time,Large,2 Months,8,109000
Korba,10th Pass,Computer Operator,Full Time,Medium,45 Days,9,20000
Bhilai,BBA,Digital Marketing Executive,Intern,Medium,30 Days,3,27000
Manendragarh,12th Pass,Sales Executive,Full Time,Large,45 Days,3,31000
Korba,MBA,Business Analyst,Full Time,Medium,Immediately,5,150000
Jagdalpur,MBA,Digital Marketing Executive,Part Time,Medium,2 Months,20,150000
Bilaspur,Diploma,Computer Operator,Intern,Medium,30 Days,15,21000
Rajnandgaon,BCA,Account Manager,Full Time,Large,45 Days,6,122000
Chirmiri,M.Com,Digital Marketing Executive,Full Time,Large,45 Days,8,150000
Mahasamund,Diploma,Computer Operator,Intern,Small,2 Months,1,8000
Bhatapara,Diploma,Sales Executive,Full Time,Medium,Immediately,7,50000
Ambikapur,Diploma,Content Writer,Full Time,Medium,30 Days,7,40000
Naila Janjgir,Diploma,Computer Operator,Full Time,Large,2 Months,4,34000
Tilda Newra,BCA,MIS Executive,Full Time,Medium,2 Months,7,96000
Dhamtari,MA,Account Manager,Full Time,Small,Immediately,9,131000
Naila Janjgir,12th Pass,Accountant,Full Time,Large,3 Months,4,36000
Korba,MA,Digital Marketing Executive,Full Time,Small,15 Days,7,90000
Dhamtari,MA,Account Manager,Full Time,Large,Immediately,1,104000
Ambikapur,MA,HR Executive,Full Time,Small,3 Months,6,77000
Dhamtari,12th Pass,Customer Support,Contract,Small,30 Days,6,20000
Raigarh,10th Pass,Customer Support,Intern,Small,Immediately,0,8000
Ambikapur,BBA,Sales Executive,Full Time,Medium,2 Months,7,81000
Bhilai,12th Pass,Sales Executive,Full Time,Small,15 Days,1,22000
Tilda Newra,M.Com,Digital Marketing Executive,Full Time,Large,30 Days,5,150000
Naila Janjgir,10th Pass,Computer Operator,Part Time,Small,2 Months,2,12000
Naila Janjgir,Diploma,Customer Support,Full Time,Medium,15 Days,3,29000
Korba,BBA,Business Analyst,Intern,Small,45 Days,5,31000
Jagdalpur,MBA,HR Executive,Full Time,Medium,45 Days,9,150000
Bhatapara,BBA,Digital Marketing Executive,Part Time,Large,3 Months,6,58000
Chirmiri,12th Pass,Accountant,Intern,Medium,3 Months,7,13000
Dalli-Rajhara,Diploma,Sales Executive,Full Time,Medium,2 Months,7,45000
Chirmiri,BCA,Account Manager,Full Time,Large,30 Days,7,125000
Raigarh,MBA,HR Executive,Full Time,Large,30 Days,4,150000
Naila Janjgir,MA,Business Analyst,Full Time,Medium,15 Days,15,150000
Mungeli,10th Pass,Customer Support,Full Time,Medium,2 Months,6,19000
Raipur,M.Com,Business Analyst,Full Time,Medium,15 Days,8,150000
Bhilai,10th Pass,Computer Operator,Full Time,Large,30 Days,8,20000
Manendragarh,BA,Digital Marketing Executive,Full Time,Medium,3 Months,11,83000
Rajnandgaon,MBA,Account Manager,Contract,Medium,2 Months,7,150000
Ambikapur,12th Pass,Customer Support,Full Time,Small,15 Days,8,25000
Dhamtari,MBA,Sales Executive,Part Time,Medium,15 Days,2,63000
Sakti,MA,Digital Marketing Executive,Full Time,Large,2 Months,5,127000
Naila Janjgir,10th Pass,Customer Support,Full Time,Large,30 Days,8,24000
Naila Janjgir,BA,Digital Marketing Executive,Part Time,Small,Immediately,0,18000
Manendragarh,12th Pass,Sales Executive,Full Time,Medium,3 Months,7,37000
Dalli-Rajhara,BCA,Business Analyst,Full Time,Small,3 Months,5,87000
Ambikapur,10th Pass,Computer Operator,Full Time,Small,Immediately,9,16000
Bhatapara,BA,Business Analyst,Full Time,Large,30 Days,5,94000
Korba,BA,Digital Marketing Executive,Full Time,Large,45 Days,7,79000
Raipur,B.Com,Sales Executive,Full Time,Large,30 Days,5,72000
Dhamtari,BA,Account Manager,Full Time,Large,Immediately,8,86000
Naila Janjgir,BA,Digital Marketing Executive,Part Time,Small,2 Months,12,41000
Mungeli,BCA,Content Writer,Part Time,Small,30 Days,0,19000
Chirmiri,MA,Business Analyst,Full Time,Small,3 Months,13,139000
Naila Janjgir,BA,Business Analyst,Full Time,Small,Immediately,3,47000
Bemetra,MA,MIS Executive,Full Time,Medium,15 Days,8,114000
Bilaspur,MBA,MIS Executive,Full Time,Large,2 Months,10,150000
Mungeli,Diploma,Sales Executive,Part Time,Large,30 Days,3,27000
Ambikapur,MA,Account Manager,Full Time,Small,2 Months,9,140000
Ambikapur,M.Com,Digital Marketing Executive,Full Time,Large,45 Days,3,128000
Mahasamund,10th Pass,Computer Operator,Full Time,Medium,30 Days,3,12000
Naila Janjgir,BBA,Business Analyst,Full Time,Small,15 Days,8,101000
Manendragarh,M.Com,Business Analyst,Contract,Small,30 Days,16,150000
Jagdalpur,BCA,Account Manager,Full Time,Medium,2 Months,15,128000
Chirmiri,Diploma,Sales Executive,Full Time,Large,15 Days,3,44000
Bhilai,BBA,Customer Support,Part Time,Large,30 Days,1,30000
Bilaspur,10th Pass,Sales Executive,Full Time,Medium,30 Days,3,17000
Bhilai,B.Com,Customer Support,Part Time,Large,30 Days,1,25000
Bemetra,MA,Business Analyst,Full Time,Large,2 Months,16,150000
Dalli-Rajhara,MA,Business Analyst,Full Time,Large,3 Months,7,150000
Bhatapara,BA,HR Executive,Full Time,Small,2 Months,10,58000
Tilda Newra,BCA,Content Writer,Part Time,Small,Immediately,0,21000
Raipur,B.Com,HR Executive,Full Time,Medium,30 Days,4,53000
Raipur,B.Com,MIS Executive,Full Time,Small,30 Days,8,67000
Chirmiri,M.Com,MIS Executive,Full Time,Large,45 Days,10,150000
Ambikapur,MA,MIS Executive,Intern,Large,2 Months,8,64000
Durg,M.Com,Digital Marketing Executive,Full Time,Large,15 Days,15,150000
Korba,BA,Sales Executive,Full Time,Small,45 Days,4,41000
Dalli-Rajhara,M.Com,Account Manager,Full Time,Large,2 Months,5,150000
Manendragarh,BCA,MIS Executive,Full Time,Small,30 Days,4,54000
Chirmiri,B.Com,Account Manager,Full Time,Small,30 Days,4,67000
Chirmiri,BBA,Business Analyst,Full Time,Small,15 Days,3,65000
Jagdalpur,B.Com,Digital Marketing Executive,Full Time,Small,30 Days,9,68000
Dalli-Rajhara,MA,HR Executive,Contract,Medium,30 Days,8,77000
Ambikapur,BBA,Content Writer,Part Time,Large,15 Days,0,33000
Dhamtari,BCA,Sales Executive,Full Time,Small,2 Months,8,67000
Rajnandgaon,B.Com,Business Analyst,Full Time,Large,2 Months,11,145000
Naila Janjgir,Diploma,Accountant,Full Time,Large,Immediately,5,48000
Korba,Diploma,Content Writer,Contract,Small,2 Months,8,38000
Chirmiri,B.Com,Account Manager,Contract,Small,2 Months,7,58000
Naila Janjgir,BBA,MIS Executive,Contract,Medium,2 Months,7,85000
Jagdalpur,BA,Account Manager,Intern,Medium,45 Days,7,29000
Sakti,B.Com,Accountant,Part Time,Large,Immediately,2,32000
Mahasamund,BBA,Business Analyst,Full Time,Medium,30 Days,14,147000
Bhilai,BA,MIS Executive,Full Time,Small,2 Months,4,39000
Ambikapur,10th Pass,Computer Operator,Part Time,Medium,2 Months,5,12000
Raigarh,MA,Business Analyst,Full Time,Large,15 Days,7,150000
Sakti,10th Pass,Sales Executive,Full Time,Large,45 Days,10,32000
Korba,BA,Sales Executive,Full Time,Large,30 Days,3,57000
Mungeli,BA,Content Writer,Part Time,Medium,45 Days,2,18000
Bhatapara,BA,Customer Support,Part Time,Large,2 Months,0,20000
Dhamtari,B.Com,Sales Executive,Full Time,Small,30 Days,6,55000
Mungeli,MA,MIS Executive,Contract,Large,30 Days,1,75000
Rajnandgaon,10th Pass,Sales Executive,Part Time,Small,Immediately,2,12000
Mungeli,10th Pass,Sales Executive,Full Time,Medium,45 Days,2,18000
Dalli-Rajhara,Diploma,Customer Support,Full Time,Large,3 Months,8,47000
Sakti,M.Com,Business Analyst,Full Time,Small,45 Days,11,150000
Tilda Newra,BCA,Accountant,Intern,Large,15 Days,0,24000
Bilaspur,BCA,Accountant,Contract,Small,30 Days,1,40000
Bhilai,MA,HR Executive,Intern,Small,30 Days,4,26000
Raigarh,10th Pass,Sales Executive,Full Time,Small,15 Days,1,14000
Korba,10th Pass,Computer Operator,Contract,Medium,45 Days,5,14000
Dalli-Rajhara,M.Com,HR Executive,Full Time,Small,15 Days,3,67000
Manendragarh,MBA,Business Analyst,Full Time,Large,45 Days,7,150000
Bemetra,10th Pass,Customer Support,Part Time,Large,2 Months,7,13000
Raigarh,Diploma,Sales Executive,Part Time,Large,Immediately,0,21000
Dhamtari,M.Com,HR Executive,Full Time,Small,3 Months,10,110000
Bilaspur,12th Pass,Content Writer,Full Time,Medium,3 Months,7,30000
Raigarh,BCA,Content Writer,Part Time,Large,45 Days,0,33000
Rajnandgaon,B.Com,HR Executive,Full Time,Medium,3 Months,6,58000
Jagdalpur,MA,Digital Marketing Executive,Contract,Small,30 Days,2,61000
Korba,B.Com,HR Executive,Full Time,Small,30 Days,3,41000
Dhamtari,MA,Account Manager,Full Time,Small,15 Days,16,150000
Sakti,BA,Digital Marketing Executive,Full Time,Small,30 Days,3,41000
Bemetra,B.Com,Digital Marketing Executive,Full Time,Small,2 Months,3,41000
Bhatapara,M.Com,Account Manager,Full Time,Medium,15 Days,7,149000
Raipur,12th Pass,Sales Executive,Full Time,Small,45 Days,2,22000
Dhamtari,B.Com,Business Analyst,Full Time,Large,Immediately,4,91000
Raipur,MA,Account Manager,Full Time,Small,30 Days,4,92000
Bhilai,MA,MIS Executive,Part Time,Medium,Immediately,1,41000
Tilda Newra,MA,MIS Executive,Full Time,Large,Immediately,17,150000
Bemetra,Diploma,Customer Support,Full Time,Large,30 Days,4,41000
Rajnandgaon,M.Com,MIS Executive,Full Time,Small,Immediately,15,150000
Bhatapara,MBA,Account Manager,Full Time,Large,Immediately,1,150000
Tilda Newra,BCA,Digital Marketing Executive,Part Time,Small,30 Days,2,30000
Sakti,BBA,MIS Executive,Full Time,Medium,3 Months,4,70000
Chirmiri,MA,HR Executive,Full Time,Medium,3 Months,13,136000
Sakti,Diploma,Customer Support,Full Time,Medium,2 Months,12,44000
Mahasamund,10th Pass,Customer Support,Part Time,Small,Immediately,1,12000
Raipur,MBA,Digital Marketing Executive,Full Time,Medium,30 Days,4,131000
Raigarh,Diploma,Computer Operator,Full Time,Large,30 Days,5,36000
Sakti,Diploma,Sales Executive,Full Time,Medium,15 Days,14,68000
Bilaspur,12th Pass,Accountant,Part Time,Medium,15 Days,3,15000
Bhatapara,BBA,Sales Executive,Full Time,Large,15 Days,3,87000
Chirmiri,M.Com,MIS Executive,Intern,Medium,15 Days,10,61000
Dalli-Rajhara,BA,HR Executive,Full Time,Medium,30 Days,4,44000
Chirmiri,B.Com,MIS Executive,Full Time,Small,15 Days,11,89000
Naila Janjgir,BCA,Customer Support,Contract,Small,30 Days,2,32000
Mahasamund,10th Pass,Sales Executive,Full Time,Small,30 Days,2,15000
Manendragarh,B.Com,Digital Marketing Executive,Full Time,Medium,30 Days,3,61000
Chirmiri,MA,Business Analyst,Full Time,Small,30 Days,14,150000
Raipur,10th Pass,Computer Operator,Full Time,Medium,3 Months,7,17000
Raipur,10th Pass,Customer Support,Full Time,Small,45 Days,4,13000
Bhilai,Diploma,Accountant,Full Time,Large,Immediately,1,36000
Dhamtari,MBA,MIS Executive,Full Time,Medium,2 Months,6,147000
Naila Janjgir,12th Pass,Accountant,Full Time,Medium,45 Days,7,33000
Tilda Newra,B.Com,Business Analyst,Full Time,Medium,45 Days,9,93000
Rajnandgaon,BA,Digital Marketing Executive,Full Time,Large,30 Days,6,66000
Durg,10th Pass,Sales Executive,Full Time,Large,Immediately,5,28000
Jagdalpur,12th Pass,Sales Executive,Full Time,Medium,3 Months,10,44000
Manendragarh,BBA,Business Analyst,Full Time,Small,2 Months,7,83000
Rajnandgaon,12th Pass,Sales Executive,Full Time,Large,2 Months,3,33000
Jagdalpur,BCA,Business Analyst,Full Time,Large,30 Days,8,146000
Tilda Newra,BBA,MIS Executive,Full Time,Large,30 Days,3,84000
Bhatapara,12th Pass,Content Writer,Full Time,Small,15 Days,2,18000
Ambikapur,BBA,Account Manager,Contract,Medium,2 Months,9,97000
Mungeli,BBA,Content Writer,Full Time,Large,Immediately,1,55000
Bemetra,10th Pass,Sales Executive,Full Time,Medium,30 Days,5,21000
Chirmiri,B.Com,Content Writer,Full Time,Medium,15 Days,1,37000
Bemetra,BCA,HR Executive,Part Time,Small,2 Months,11,49000
Durg,Diploma,Content Writer,Full Time,Medium,45 Days,2,30000
Durg,M.Com,Account Manager,Full Time,Medium,2 Months,7,144000
Mungeli,Diploma,Customer Support,Intern,Large,30 Days,11,19000
Sakti,M.Com,Digital Marketing Executive,Full Time,Small,45 Days,11,132000
Dalli-Rajhara,Diploma,Accountant,Part Time,Large,30 Days,8,38000
Manendragarh,Diploma,Content Writer,Full Time,Small,30 Days,8,40000
Rajnandgaon,Diploma,Sales Executive,Full Time,Small,30 Days,3,32000
Tilda Newra,BBA,Digital Marketing Executive,Full Time,Large,Immediately,1,69000
Ambikapur,10th Pass,Sales Executive,Full Time,Large,Immediately,3,23000
Rajnandgaon,12th Pass,Sales Executive,Full Time,Large,15 Days,4,36000
Bilaspur,M.Com,Account Manager,Contract,Large,3 Months,10,150000
Chirmiri,M.Com,HR Executive,Full Time,Small,30 Days,7,101000
Naila Janjgir,Diploma,Sales Executive,Part Time,Small,2 Months,2,18000
Jagdalpur,12th Pass,Customer Support,Part Time,Small,30 Days,6,12000
Durg,MA,Business Analyst,Full Time,Medium,15 Days,8,147000
Rajnandgaon,10th Pass,Computer Operator,Intern,Small,15 Days,3,8000
Rajnandgaon,MBA,MIS Executive,Part Time,Small,45 Days,6,86000
Naila Janjgir,12th Pass,Customer Support,Intern,Medium,Immediately,1,8000
Durg,MA,Digital Marketing Executive,Full Time,Large,45 Days,15,150000
Dalli-Rajhara,B.Com,Account Manager,Full Time,Large,2 Months,9,126000
Chirmiri,BBA,HR Executive,Part Time,Medium,3 Months,7,44000
Tilda Newra,B.Com,HR Executive,Full Time,Large,15 Days,7,86000
Mungeli,M.Com,MIS Executive,Full Time,Large,15 Days,2,119000
Dhamtari,Diploma,Sales Executive,Full Time,Small,30 Days,6,39000
Bhilai,BA,HR Executive,Contract,Medium,Immediately,0,30000
Bhilai,M.Com,Digital Marketing Executive,Full Time,Large,15 Days,2,112000
Mungeli,Diploma,Customer Support,Intern,Large,15 Days,0,10000
Bhatapara,Diploma,Accountant,Part Time,Medium,Immediately,0,18000
Raipur,12th Pass,Content Writer,Part Time,Medium,45 Days,4,15000
Bilaspur,12th Pass,Computer Operator,Full Time,Small,45 Days,4,16000
Naila Janjgir,10th Pass,Customer Support,Full Time,Medium,30 Days,3,13000
Raipur,Diploma,Content Writer,Part Time,Medium,45 Days,0,14000
Bilaspur,BBA,Account Manager,Full Time,Large,45 Days,4,117000
Mahasamund,12th Pass,Sales Executive,Intern,Small,45 Days,6,12000
Bemetra,Diploma,Content Writer,Full Time,Medium,15 Days,5,31000
Naila Janjgir,BA,MIS Executive,Part Time,Medium,30 Days,10,39000
Raipur,M.Com,Digital Marketing Executive,Full Time,Medium,2 Months,3,108000
Bhatapara,BCA,Sales Executive,Full Time,Medium,45 Days,6,87000
Mungeli,12th Pass,Computer Operator,Full Time,Large,15 Days,6,28000
Ambikapur,BBA,Business Analyst,Full Time,Medium,3 Months,14,150000
Rajnandgaon,BBA,Account Manager,Full Time,Small,3 Months,11,91000
Rajnandgaon,BCA,Digital Marketing Executive,Part Time,Small,Immediately,1,29000
Bilaspur,MBA,Business Analyst,Full Time,Medium,45 Days,10,150000
Bhatapara,M.Com,HR Executive,Full Time,Large,30 Days,4,115000
Chirmiri,BBA,Digital Marketing Executive,Intern,Small,Immediately,1,19000
Bemetra,MBA,MIS Executive,Part Time,Medium,2 Months,7,110000
Raigarh,Diploma,Content Writer,Full Time,Medium,45 Days,6,38000
Raipur,MA,Account Manager,Full Time,Large,30 Days,20,150000
Raigarh,MA,Digital Marketing Executive,Contract,Large,45 Days,12,150000
Bhatapara,BA,HR Executive,Full Time,Medium,30 Days,1,36000
Raipur,MA,HR Executive,Part Time,Large,45 Days,17,113000
Sakti,BCA,MIS Executive,Full Time,Small,2 Months,3,51000
Ambikapur,BCA,Business Analyst,Full Time,Small,45 Days,9,96000
Bilaspur,Diploma,Sales Executive,Full Time,Large,45 Days,6,58000
Durg,BCA,MIS Executive,Full Time,Large,15 Days,13,150000
Raipur,BBA,Accountant,Full Time,Small,30 Days,2,51000
Manendragarh,10th Pass,Customer Support,Full Time,Medium,Immediately,5,16000
Raigarh,12th Pass,Accountant,Full Time,Large,3 Months,5,44000
Bhatapara,MA,Digital Marketing Executive,Full Time,Small,3 Months,17,147000
Naila Janjgir,BA,HR Executive,Part Time,Large,45 Days,6,37000
Manendragarh,BBA,Digital Marketing Executive,Full Time,Small,3 Months,10,87000
Raipur,Diploma,Computer Operator,Full Time,Large,30 Days,6,37000
Bhatapara,MBA,Account Manager,Full Time,Medium,3 Months,6,150000
Korba,MA,Business Analyst,Full Time,Small,30 Days,5,97000
Bemetra,10th Pass,Sales Executive,Contract,Small,3 Months,6,15000
Chirmiri,10th Pass,Computer Operator,Contract,Small,30 Days,6,12000
Bilaspur,M.Com,HR Executive,Contract,Small,2 Months,7,85000
Ambikapur,B.Com,Account Manager,Contract,Small,45 Days,4,54000
Rajnandgaon,Diploma,Sales Executive,Full Time,Medium,3 Months,6,49000
Mahasamund,BBA,Digital Marketing Executive,Contract,Medium,2 Months,8,82000
Bhatapara,M.Com,MIS Executive,Full Time,Medium,3 Months,6,140000
Bilaspur,MA,Digital Marketing Executive,Full Time,Large,15 Days,15,150000
Rajnandgaon,12th Pass,Customer Support,Full Time,Large,2 Months,3,26000
Dalli-Rajhara,BA,MIS Executive,Full Time,Large,3 Months,5,67000
Rajnandgaon,M.Com,MIS Executive,Full Time,Medium,2 Months,7,126000
Bhilai,M.Com,HR Executive,Full Time,Medium,3 Months,9,132000
Dalli-Rajhara,BCA,HR Executive,Part Time,Small,45 Days,9,48000
Jagdalpur,10th Pass,Computer Operator,Full Time,Large,45 Days,4,19000
Naila Janjgir,BBA,Account Manager,Full Time,Large,15 Days,9,147000
Ambikapur,B.Com,Digital Marketing Executive,Part Time,Small,45 Days,2,25000
Bemetra,B.Com,Content Writer,Part Time,Small,30 Days,0,17000
Naila Janjgir,B.Com,Digital Marketing Executive,Full Time,Small,2 Months,10,66000
Ambikapur,BCA,Sales Executive,Contract,Medium,45 Days,3,59000
Rajnandgaon,BCA,Accountant,Contract,Large,Immediately,0,59000
Mahasamund,MBA,HR Executive,Full Time,Large,Immediately,4,148000
Rajnandgaon,BBA,Sales Executive,Full Time,Medium,3 Months,15,132000
Korba,B.Com,Business Analyst,Full Time,Large,45 Days,12,137000
Bemetra,MBA,Account Manager,Full Time,Small,45 Days,4,120000
Manendragarh,B.Com,Business Analyst,Full Time,Medium,30 Days,5,91000
Tilda Newra,10th Pass,Customer Support,Full Time,Small,2 Months,4,12000
Bemetra,BBA,Accountant,Full Time,Large,15 Days,1,71000
Dhamtari,M.Com,Digital Marketing Executive,Contract,Medium,Immediately,1,80000
Naila Janjgir,MBA,Account Manager,Contract,Small,2 Months,4,120000
Manendragarh,MBA,HR Executive,Full Time,Small,Immediately,10,150000
Bilaspur,Diploma,Accountant,Intern,Medium,30 Days,6,16000
Tilda Newra,BCA,Business Analyst,Full Time,Small,Immediately,12,121000
Bhilai,BCA,Digital Marketing Executive,Full Time,Large,3 Months,7,119000
Raigarh,10th Pass,Computer Operator,Full Time,Medium,Immediately,1,12000
Dalli-Rajhara,BA,Digital Marketing Executive,Intern,Small,45 Days,4,18000
Sakti,BCA,Content Writer,Part Time,Small,15 Days,0,19000
Raigarh,10th Pass,Sales Executive,Part Time,Small,Immediately,0,12000
Rajnandgaon,M.Com,Sales Executive,Contract,Large,Immediately,2,96000
Ambikapur,BA,HR Executive,Contract,Small,45 Days,12,45000
Bhatapara,M.Com,Business Analyst,Full Time,Medium,15 Days,11,150000
Bilaspur,BCA,Account Manager,Full Time,Medium,30 Days,13,148000
Manendragarh,BBA,Sales Executive,Full Time,Large,30 Days,7,93000
Mungeli,MBA,Business Analyst,Full Time,Large,2 Months,10,150000
Bilaspur,10th Pass,Customer Support,Full Time,Large,30 Days,5,22000
Chirmiri,BA,HR Executive,Part Time,Medium,45 Days,11,33000
Mahasamund,BBA,HR Executive,Full Time,Large,2 Months,7,90000
Sakti,MA,Business Analyst,Full Time,Large,45 Days,20,150000
Mahasamund,MBA,MIS Executive,Full Time,Small,Immediately,9,141000
Ambikapur,BBA,Account Manager,Part Time,Large,15 Days,3,64000
Chirmiri,10th Pass,Customer Support,Full Time,Medium,30 Days,3,15000
Dalli-Rajhara,BA,Account Manager,Full Time,Small,30 Days,12,77000
Bilaspur,Diploma,Customer Support,Part Time,Small,30 Days,12,22000
Raipur,Diploma,Customer Support,Part Time,Large,15 Days,11,39000
Manendragarh,M.Com,Business Analyst,Full Time,Large,45 Days,20,150000
Jagdalpur,B.Com,MIS Executive,Full Time,Small,30 Days,4,53000
Naila Janjgir,MBA,Account Manager,Part Time,Small,30 Days,2,69000
Dalli-Rajhara,12th Pass,Content Writer,Contract,Small,15 Days,11,30000
Durg,MBA,Business Analyst,Full Time,Small,Immediately,8,150000
Dhamtari,BA,Account Manager,Contract,Medium,30 Days,4,52000
Dhamtari,M.Com,Digital Marketing Executive,Full Time,Small,30 Days,4,90000
Tilda Newra,MA,MIS Executive,Full Time,Small,45 Days,15,129000
Jagdalpur,BA,Digital Marketing Executive,Full Time,Large,2 Months,2,55000
Bilaspur,10th Pass,Sales Executive,Full Time,Large,2 Months,7,29000
Korba,12th Pass,Customer Support,Full Time,Small,30 Days,3,17000
Bemetra,MA,Sales Executive,Full Time,Large,45 Days,2,88000
Korba,M.Com,MIS Executive,Part Time,Large,2 Months,10,134000
Dalli-Rajhara,BA,Customer Support,Full Time,Medium,30 Days,1,25000
Mungeli,MA,Business Analyst,Full Time,Small,30 Days,6,108000
Mungeli,BBA,Digital Marketing Executive,Part Time,Medium,30 Days,0,34000
Ambikapur,BCA,HR Executive,Full Time,Small,30 Days,4,53000
Bemetra,MBA,Business Analyst,Full Time,Medium,30 Days,11,150000
Tilda Newra,BA,Sales Executive,Full Time,Small,2 Months,4,41000
Sakti,12th Pass,Accountant,Full Time,Small,15 Days,1,19000
Bhilai,Diploma,Customer Support,Full Time,Small,Immediately,3,26000
Jagdalpur,M.Com,MIS Executive,Full Time,Medium,2 Months,17,150000
Mahasamund,BCA,Business Analyst,Full Time,Large,2 Months,7,141000
Dalli-Rajhara,BA,Account Manager,Full Time,Large,45 Days,5,68000
Manendragarh,B.Com,Digital Marketing Executive,Full Time,Medium,45 Days,2,51000
Naila Janjgir,B.Com,Customer Support,Part Time,Medium,30 Days,0,18000
Dhamtari,BA,Sales Executive,Full Time,Small,2 Months,7,45000
Chirmiri,10th Pass,Computer Operator,Full Time,Large,Immediately,1,14000
Manendragarh,BCA,Sales Executive,Full Time,Small,Immediately,4,54000
Chirmiri,BBA,Business Analyst,Full Time,Medium,3 Months,7,105000
Dhamtari,MA,HR Executive,Part Time,Large,45 Days,1,47000
Mungeli,12th Pass,Accountant,Full Time,Large,3 Months,6,41000
Tilda Newra,10th Pass,Customer Support,Full Time,Small,15 Days,1,12000
Bemetra,B.Com,Digital Marketing Executive,Part Time,Small,15 Days,5,31000
Mungeli,MA,Business Analyst,Full Time,Small,Immediately,16,150000
Sakti,M.Com,Account Manager,Full Time,Large,30 Days,3,150000
Korba,BA,Account Manager,Full Time,Large,30 Days,4,66000
Mungeli,BA,Digital Marketing Executive,Contract,Small,30 Days,7,48000
Manendragarh,Diploma,Sales Executive,Full Time,Small,45 Days,10,46000
Raipur,M.Com,Business Analyst,Full Time,Large,Immediately,14,150000
Tilda Newra,Diploma,Accountant,Full Time,Large,2 Months,6,55000
Manendragarh,BBA,Sales Executive,Contract,Small,15 Days,1,44000
Bhatapara,BBA,Business Analyst,Full Time,Large,15 Days,11,150000
Naila Janjgir,12th Pass,Sales Executive,Part Time,Small,2 Months,12,23000
Korba,MA,Digital Marketing Executive,Full Time,Large,30 Days,10,150000
Manendragarh,BCA,Digital Marketing Executive,Part Time,Large,2 Months,6,65000
Durg,BCA,Sales Executive,Full Time,Small,2 Months,5,69000
Korba,B.Com,Business Analyst,Full Time,Large,30 Days,5,104000
Bemetra,MA,Business Analyst,Full Time,Small,3 Months,7,114000
Dalli-Rajhara,10th Pass,Sales Executive,Full Time,Small,15 Days,1,12000
Sakti,MA,MIS Executive,Full Time,Medium,30 Days,7,102000
Mahasamund,M.Com,Sales Executive,Contract,Medium,Immediately,2,82000
Ambikapur,12th Pass,Accountant,Part Time,Medium,15 Days,1,14000
Rajnandgaon,BCA,Accountant,Full Time,Medium,45 Days,0,47000
Raipur,M.Com,Account Manager,Full Time,Small,2 Months,13,150000
Raigarh,12th Pass,Computer Operator,Full Time,Large,30 Days,3,21000
Dalli-Rajhara,MA,Digital Marketing Executive,Full Time,Large,2 Months,6,135000
Manendragarh,10th Pass,Sales Executive,Full Time,Small,15 Days,2,14000
Bilaspur,Diploma,Content Writer,Full Time,Small,2 Months,4,28000
Dhamtari,BA,Digital Marketing Executive,Full Time,Large,45 Days,10,91000
Manendragarh,MBA,Sales Executive,Full Time,Medium,30 Days,3,127000
Naila Janjgir,10th Pass,Customer Support,Full Time,Small,2 Months,8,16000
Jagdalpur,10th Pass,Customer Support,Full Time,Medium,30 Days,5,15000
Korba,10th Pass,Computer Operator,Full Time,Small,30 Days,6,14000
Manendragarh,B.Com,Business Analyst,Part Time,Large,2 Months,3,52000
Korba,MBA,Digital Marketing Executive,Full Time,Medium,45 Days,6,150000
Ambikapur,B.Com,Business Analyst,Full Time,Large,30 Days,6,112000
Bilaspur,M.Com,HR Executive,Full Time,Small,30 Days,4,74000
Mungeli,BBA,Sales Executive,Full Time,Medium,30 Days,7,83000
Dhamtari,BCA,Account Manager,Full Time,Medium,45 Days,4,87000
Bhilai,MBA,Digital Marketing Executive,Full Time,Small,45 Days,10,150000
Chirmiri,MBA,HR Executive,Full Time,Medium,30 Days,12,150000
Durg,BBA,Customer Support,Part Time,Large,30 Days,2,33000
Bhatapara,12th Pass,Sales Executive,Part Time,Medium,15 Days,0,12000
Mungeli,10th Pass,Sales Executive,Full Time,Medium,45 Days,5,22000
Ambikapur,BA,Business Analyst,Full Time,Large,45 Days,4,79000
Dalli-Rajhara,M.Com,MIS Executive,Full Time,Small,45 Days,4,95000
Mahasamund,MBA,Digital Marketing Executive,Full Time,Large,45 Days,13,150000
Durg,BA,Digital Marketing Executive,Full Time,Large,30 Days,2,56000
Dalli-Rajhara,B.Com,HR Executive,Full Time,Small,30 Days,1,31000
Bemetra,M.Com,Digital Marketing Executive,Full Time,Medium,3 Months,12,150000
Rajnandgaon,B.Com,Digital Marketing Executive,Full Time,Medium,Immediately,1,45000
Sakti,BBA,MIS Executive,Full Time,Medium,45 Days,3,76000
Rajnandgaon,B.Com,HR Executive,Part Time,Medium,Immediately,2,25000
Bhatapara,B.Com,Account Manager,Part Time,Small,45 Days,7,43000
Korba,BCA,Digital Marketing Executive,Full Time,Medium,30 Days,6,74000
Bilaspur,10th Pass,Computer Operator,Full Time,Medium,2 Months,5,14000
Dalli-Rajhara,BCA,MIS Executive,Full Time,Small,3 Months,3,58000
Ambikapur,BBA,Business Analyst,Full Time,Small,2 Months,5,83000
Korba,MBA,Sales Executive,Full Time,Small,45 Days,3,102000
Korba,BBA,Business Analyst,Full Time,Large,30 Days,10,146000
Bilaspur,BCA,Content Writer,Contract,Large,15 Days,2,52000
Ambikapur,BCA,HR Executive,Contract,Small,2 Months,2,44000
Bhilai,BBA,Account Manager,Full Time,Small,Immediately,6,80000
Raigarh,MA,Account Manager,Full Time,Medium,45 Days,6,123000
Bhatapara,BBA,MIS Executive,Full Time,Small,45 Days,5,66000
Sakti,M.Com,MIS Executive,Full Time,Medium,45 Days,4,100000
Raigarh,B.Com,HR Executive,Contract,Small,Immediately,10,60000
Sakti,Diploma,Sales Executive,Full Time,Large,30 Days,6,60000
Mahasamund,10th Pass,Computer Operator,Part Time,Medium,30 Days,2,12000
Mahasamund,MA,Digital Marketing Executive,Contract,Large,45 Days,1,86000
Rajnandgaon,Diploma,Computer Operator,Full Time,Small,Immediately,2,20000
Sakti,MA,Digital Marketing Executive,Contract,Medium,Immediately,1,64000
Durg,BBA,Digital Marketing Executive,Intern,Medium,Immediately,1,24000
Raigarh,M.Com,Account Manager,Full Time,Small,45 Days,3,109000
Dhamtari,BCA,Digital Marketing Executive,Full Time,Medium,15 Days,2,59000
Korba,BCA,HR Executive,Full Time,Large,Immediately,2,64000
Jagdalpur,MA,Sales Executive,Full Time,Medium,30 Days,3,72000
Mahasamund,BBA,Accountant,Full Time,Medium,2 Months,2,56000
Ambikapur,BCA,Sales Executive,Full Time,Medium,2 Months,12,109000
Naila Janjgir,M.Com,HR Executive,Full Time,Medium,30 Days,16,150000
Naila Janjgir,10th Pass,Sales Executive,Part Time,Small,15 Days,0,12000
Mahasamund,10th Pass,Computer Operator,Full Time,Medium,30 Days,1,12000
Mahasamund,BBA,Customer Support,Part Time,Large,30 Days,2,35000
Dhamtari,BBA,Digital Marketing Executive,Contract,Small,15 Days,2,44000
Jagdalpur,Diploma,Accountant,Full Time,Small,45 Days,2,31000
Mahasamund,B.Com,HR Executive,Intern,Large,30 Days,2,20000
Bhilai,MA,Business Analyst,Full Time,Medium,30 Days,12,150000
Bhatapara,MA,Digital Marketing Executive,Full Time,Medium,45 Days,16,150000
Bilaspur,MA,Digital Marketing Executive,Full Time,Medium,30 Days,16,150000
Bhilai,BBA,MIS Executive,Contract,Medium,3 Months,7,85000
Sakti,BBA,Sales Executive,Part Time,Medium,15 Days,7,57000
Ambikapur,10th Pass,Sales Executive,Part Time,Medium,15 Days,0,12000
Jagdalpur,Diploma,Customer Support,Full Time,Small,2 Months,7,28000
Dalli-Rajhara,M.Com,MIS Executive,Contract,Large,30 Days,2,108000
Bemetra,BCA,Digital Marketing Executive,Full Time,Small,30 Days,5,67000
Korba,B.Com,Sales Executive,Part Time,Large,45 Days,6,55000
Chirmiri,10th Pass,Computer Operator,Full Time,Large,30 Days,7,22000
Dalli-Rajhara,10th Pass,Customer Support,Full Time,Small,3 Months,7,15000
Sakti,MBA,Business Analyst,Contract,Medium,2 Months,9,150000
Rajnandgaon,10th Pass,Customer Support,Part Time,Medium,30 Days,3,12000
Jagdalpur,10th Pass,Sales Executive,Intern,Small,45 Days,2,8000
Durg,10th Pass,Customer Support,Full Time,Medium,30 Days,1,12000
Dalli-Rajhara,10th Pass,Sales Executive,Full Time,Large,2 Months,2,23000
Rajnandgaon,B.Com,Digital Marketing Executive,Intern,Small,Immediately,1,16000
Naila Janjgir,MA,HR Executive,Full Time,Small,2 Months,8,84000
Naila Janjgir,Diploma,Sales Executive,Full Time,Large,30 Days,3,40000
Dhamtari,12th Pass,Customer Support,Full Time,Medium,Immediately,6,26000
Sakti,Diploma,Computer Operator,Full Time,Large,30 Days,7,43000
Durg,10th Pass,Computer Operator,Part Time,Large,30 Days,5,12000
Dalli-Rajhara,BCA,Account Manager,Full Time,Medium,15 Days,3,69000
Raigarh,10th Pass,Sales Executive,Full Time,Small,30 Days,2,14000
Manendragarh,B.Com,Business Analyst,Full Time,Medium,45 Days,11,116000
Ambikapur,B.Com,Account Manager,Full Time,Large,2 Months,4,77000
Tilda Newra,B.Com,Content Writer,Part Time,Small,Immediately,2,21000
Bhilai,12th Pass,Sales Executive,Contract,Small,30 Days,2,20000
Bemetra,12th Pass,Computer Operator,Full Time,Small,Immediately,6,20000
Tilda Newra,B.Com,HR Executive,Contract,Small,30 Days,4,39000
Korba,MBA,Account Manager,Full Time,Small,30 Days,2,118000
Raipur,BCA,Customer Support,Full Time,Large,45 Days,2,53000
Dalli-Rajhara,MA,Account Manager,Full Time,Small,Immediately,4,99000
Bhilai,MA,MIS Executive,Contract,Large,45 Days,2,87000
Bhilai,M.Com,MIS Executive,Full Time,Large,2 Months,10,150000
Mahasamund,M.Com,Business Analyst,Full Time,Large,3 Months,5,150000
Mahasamund,BCA,HR Executive,Full Time,Small,30 Days,4,53000
Bhatapara,M.Com,HR Executive,Contract,Medium,45 Days,17,150000
Korba,12th Pass,Accountant,Contract,Large,15 Days,9,40000
Mungeli,BA,Sales Executive,Full Time,Small,45 Days,7,44000
Bilaspur,10th Pass,Customer Support,Part Time,Large,Immediately,1,12000
Naila Janjgir,BBA,Customer Support,Full Time,Large,15 Days,1,53000
Rajnandgaon,BA,HR Executive,Full Time,Small,3 Months,6,45000
Bhatapara,B.Com,Digital Marketing Executive,Part Time,Large,45 Days,12,78000
Durg,BA,Account Manager,Full Time,Small,Immediately,13,70000
Tilda Newra,MA,MIS Executive,Part Time,Small,Immediately,8,57000
Bhatapara,BBA,Account Manager,Full Time,Medium,2 Months,5,81000
Bilaspur,B.Com,Digital Marketing Executive,Contract,Medium,Immediately,0,39000
Chirmiri,10th Pass,Computer Operator,Full Time,Small,30 Days,4,12000
Durg,B.Com,MIS Executive,Full Time,Large,30 Days,9,87000
Chirmiri,BBA,Account Manager,Full Time,Small,45 Days,6,86000
Bhilai,10th Pass,Sales Executive,Part Time,Large,30 Days,0,12000
Ambikapur,M.Com,HR Executive,Full Time,Large,15 Days,8,150000
Tilda Newra,BCA,Sales Executive,Full Time,Medium,15 Days,1,59000
Raigarh,10th Pass,Customer Support,Contract,Large,30 Days,3,16000
Bilaspur,Diploma,Computer Operator,Full Time,Large,3 Months,11,52000
Dhamtari,MA,MIS Executive,Full Time,Large,3 Months,7,147000
Mahasamund,B.Com,Account Manager,Full Time,Small,2 Months,9,83000
Mungeli,MA,Business Analyst,Full Time,Small,45 Days,17,150000
Raipur,10th Pass,Computer Operator,Full Time,Small,45 Days,4,12000
Bhatapara,Diploma,Sales Executive,Full Time,Small,2 Months,9,45000
Bhatapara,M.Com,Business Analyst,Full Time,Medium,Immediately,6,150000
Jagdalpur,BCA,MIS Executive,Full Time,Large,2 Months,7,115000
Korba,12th Pass,Customer Support,Full Time,Large,45 Days,5,31000
Bilaspur,BA,MIS Executive,Full Time,Small,Immediately,5,49000
Mahasamund,BCA,MIS Executive,Full Time,Large,15 Days,10,126000
Bemetra,M.Com,Digital Marketing Executive,Contract,Large,3 Months,7,150000
Bilaspur,BCA,Accountant,Full Time,Small,Immediately,1,41000
Jagdalpur,BCA,HR Executive,Full Time,Large,30 Days,3,74000
Mahasamund,10th Pass,Sales Executive,Part Time,Medium,30 Days,0,12000
Raigarh,BA,Sales Executive,Full Time,Large,2 Months,7,61000
Mahasamund,MA,HR Executive,Part Time,Small,30 Days,8,55000
Dalli-Rajhara,B.Com,Sales Executive,Full Time,Medium,Immediately,2,49000
Mahasamund,10th Pass,Customer Support,Contract,Large,30 Days,3,17000
Manendragarh,Diploma,Computer Operator,Part Time,Small,30 Days,10,19000
Dhamtari,10th Pass,Sales Executive,Full Time,Large,45 Days,2,22000
Ambikapur,BBA,HR Executive,Intern,Medium,3 Months,3,21000
Mungeli,12th Pass,Accountant,Intern,Medium,15 Days,10,19000
Chirmiri,BBA,Account Manager,Contract,Large,Immediately,3,90000
Mungeli,12th Pass,Computer Operator,Full Time,Large,45 Days,6,26000
Jagdalpur,M.Com,Account Manager,Part Time,Medium,15 Days,15,129000
Raigarh,BCA,Accountant,Part Time,Small,15 Days,1,27000
Naila Janjgir,BCA,Account Manager,Full Time,Medium,3 Months,5,79000
Bilaspur,B.Com,HR Executive,Full Time,Medium,45 Days,7,63000
Mahasamund,10th Pass,Sales Executive,Part Time,Medium,3 Months,6,15000
Raigarh,10th Pass,Customer Support,Intern,Small,Immediately,3,8000
Dalli-Rajhara,BCA,Account Manager,Full Time,Large,2 Months,5,116000
Ambikapur,BCA,Digital Marketing Executive,Full Time,Large,30 Days,2,76000
Tilda Newra,Diploma,Content Writer,Full Time,Small,30 Days,5,31000
Durg,10th Pass,Customer Support,Full Time,Large,Immediately,5,19000
Raigarh,MA,HR Executive,Full Time,Large,2 Months,7,134000
Tilda Newra,MBA,MIS Executive,Full Time,Medium,30 Days,9,150000
Bhilai,MBA,Digital Marketing Executive,Full Time,Small,2 Months,12,150000
Mahasamund,Diploma,Content Writer,Full Time,Small,3 Months,5,29000
Ambikapur,Diploma,Computer Operator,Full Time,Small,30 Days,4,23000
Bemetra,MA,Digital Marketing Executive,Full Time,Medium,30 Days,8,124000
Bilaspur,Diploma,Content Writer,Full Time,Medium,15 Days,4,33000
Manendragarh,BBA,Sales Executive,Part Time,Large,15 Days,0,37000
Manendragarh,MBA,MIS Executive,Contract,Medium,15 Days,4,130000
Ambikapur,B.Com,Digital Marketing Executive,Intern,Large,2 Months,11,39000
Manendragarh,MA,Account Manager,Full Time,Medium,3 Months,8,123000
Raipur,Diploma,Accountant,Full Time,Medium,30 Days,4,41000
Bilaspur,MA,HR Executive,Full Time,Large,45 Days,14,150000
Naila Janjgir,Diploma,Content Writer,Full Time,Small,30 Days,4,28000
Bhatapara,M.Com,Business Analyst,Full Time,Small,45 Days,7,135000
Raigarh,12th Pass,Content Writer,Full Time,Small,45 Days,4,24000
Dalli-Rajhara,MA,Digital Marketing Executive,Contract,Medium,45 Days,2,68000
Bhatapara,BA,Business Analyst,Contract,Small,15 Days,6,50000
Korba,MA,Account Manager,Full Time,Medium,2 Months,19,150000
Bhatapara,MBA,Business Analyst,Full Time,Medium,30 Days,8,150000
Chirmiri,MA,HR Executive,Full Time,Large,3 Months,8,138000
Raigarh,10th Pass,Sales Executive,Part Time,Medium,30 Days,7,14000
Bhilai,BCA,Business Analyst,Full Time,Small,30 Days,4,86000
Mahasamund,12th Pass,Accountant,Full Time,Small,2 Months,6,31000
Dalli-Rajhara,10th Pass,Sales Executive,Full Time,Large,2 Months,3,21000
Jagdalpur,BA,MIS Executive,Full Time,Large,45 Days,12,93000
Jagdalpur,10th Pass,Computer Operator,Contract,Large,2 Months,7,21000
Dhamtari,12th Pass,Computer Operator,Full Time,Large,15 Days,1,18000
Sakti,MA,Digital Marketing Executive,Full Time,Medium,30 Days,10,136000
Manendragarh,B.Com,Customer Support,Full Time,Small,Immediately,2,32000
Bhatapara,B.Com,Digital Marketing Executive,Full Time,Medium,45 Days,6,79000
Dhamtari,BA,Business Analyst,Full Time,Large,30 Days,3,79000
Dalli-Rajhara,10th Pass,Computer Operator,Part Time,Medium,15 Days,1,12000
Korba,10th Pass,Customer Support,Full Time,Large,15 Days,4,18000
Mahasamund,Diploma,Customer Support,Full Time,Small,45 Days,4,24000
Tilda Newra,MA,MIS Executive,Contract,Small,Immediately,4,69000
Raigarh,Diploma,Accountant,Part Time,Large,3 Months,11,52000
Bemetra,12th Pass,Computer Operator,Intern,Medium,15 Days,0,8000
Bilaspur,10th Pass,Sales Executive,Full Time,Small,2 Months,8,21000
Mungeli,B.Com,Business Analyst,Full Time,Small,45 Days,4,65000
Raipur,BCA,Business Analyst,Full Time,Medium,15 Days,3,86000
Sakti,12th Pass,Computer Operator,Full Time,Medium,2 Months,10,27000
Bhilai,12th Pass,Accountant,Full Time,Large,3 Months,9,58000
Bhatapara,10th Pass,Computer Operator,Full Time,Medium,30 Days,0,12000
Dhamtari,Diploma,Accountant,Full Time,Large,2 Months,5,50000
Mungeli,10th Pass,Customer Support,Full Time,Small,15 Days,5,15000
Bemetra,BBA,Account Manager,Full Time,Medium,2 Months,13,143000
Korba,BBA,Digital Marketing Executive,Full Time,Small,45 Days,7,64000
Jagdalpur,BBA,Customer Support,Contract,Small,15 Days,0,26000
Bemetra,BCA,Customer Support,Full Time,Medium,15 Days,0,37000
Bhatapara,B.Com,Digital Marketing Executive,Part Time,Large,Immediately,1,38000
Bhilai,MBA,Digital Marketing Executive,Contract,Small,45 Days,15,150000
Durg,10th Pass,Sales Executive,Full Time,Large,2 Months,5,28000
Durg,MA,Account Manager,Contract,Large,30 Days,12,150000
Raigarh,M.Com,Digital Marketing Executive,Full Time,Large,45 Days,10,150000
Manendragarh,M.Com,Sales Executive,Full Time,Large,30 Days,3,119000
Raigarh,M.Com,Business Analyst,Full Time,Medium,2 Months,8,150000
Dhamtari,M.Com,HR Executive,Full Time,Large,2 Months,13,150000
Raipur,M.Com,Sales Executive,Full Time,Large,45 Days,4,115000
Bhilai,B.Com,Accountant,Part Time,Small,30 Days,1,24000
Chirmiri,10th Pass,Sales Executive,Part Time,Medium,15 Days,2,12000
Bhilai,Diploma,Accountant,Contract,Small,30 Days,4,29000
Bhatapara,B.Com,Sales Executive,Full Time,Small,30 Days,12,64000
Durg,Diploma,Sales Executive,Full Time,Small,2 Months,7,35000
Bhilai,BCA,Account Manager,Contract,Small,30 Days,6,73000
Korba,10th Pass,Customer Support,Full Time,Large,15 Days,5,20000
Mungeli,BA,MIS Executive,Contract,Small,3 Months,14,55000
Bhilai,Diploma,Sales Executive,Full Time,Medium,3 Months,8,48000
Jagdalpur,BA,Digital Marketing Executive,Full Time,Large,45 Days,3,60000
Dhamtari,BCA,MIS Executive,Contract,Medium,15 Days,3,64000
Raigarh,BCA,Customer Support,Part Time,Large,45 Days,0,28000
Bemetra,B.Com,Account Manager,Intern,Large,30 Days,9,48000
Tilda Newra,BBA,Business Analyst,Full Time,Small,2 Months,5,81000
Durg,12th Pass,Accountant,Full Time,Medium,3 Months,10,46000
Manendragarh,12th Pass,Sales Executive,Full Time,Medium,45 Days,2,25000
Korba,BA,Digital Marketing Executive,Full Time,Small,15 Days,5,43000
Manendragarh,M.Com,MIS Executive,Full Time,Small,Immediately,3,76000
Bhilai,MBA,Digital Marketing Executive,Full Time,Large,2 Months,17,150000
Jagdalpur,B.Com,Account Manager,Full Time,Small,3 Months,11,88000
Korba,B.Com,Account Manager,Part Time,Medium,15 Days,3,34000
Rajnandgaon,12th Pass,Computer Operator,Full Time,Small,30 Days,2,15000
Bemetra,10th Pass,Customer Support,Full Time,Small,3 Months,9,17000
Naila Janjgir,Diploma,Accountant,Full Time,Medium,45 Days,4,42000
Chirmiri,M.Com,Account Manager,Full Time,Medium,45 Days,19,150000
Dalli-Rajhara,BBA,HR Executive,Full Time,Medium,30 Days,7,70000
Raipur,BA,Sales Executive,Full Time,Small,3 Months,6,44000
Rajnandgaon,B.Com,HR Executive,Full Time,Small,15 Days,5,51000
Korba,MBA,Digital Marketing Executive,Intern,Small,30 Days,10,65000
Jagdalpur,Diploma,Computer Operator,Full Time,Small,45 Days,1,18000
Tilda Newra,BA,HR Executive,Full Time,Medium,3 Months,11,63000
Sakti,MBA,HR Executive,Contract,Medium,2 Months,10,141000
Raigarh,MBA,Business Analyst,Full Time,Medium,2 Months,10,150000
Raigarh,10th Pass,Computer Operator,Contract,Medium,45 Days,2,12000
Sakti,M.Com,MIS Executive,Full Time,Small,3 Months,12,146000
Raipur,B.Com,HR Executive,Full Time,Medium,45 Days,11,75000
Bilaspur,MBA,Digital Marketing Executive,Full Time,Small,45 Days,5,124000
Naila Janjgir,BCA,Digital Marketing Executive,Part Time,Large,30 Days,4,49000
Naila Janjgir,BCA,HR Executive,Full Time,Small,45 Days,6,59000
Dhamtari,MBA,Account Manager,Full Time,Medium,45 Days,15,150000
Jagdalpur,BCA,Content Writer,Intern,Large,45 Days,2,25000
Mahasamund,M.Com,MIS Executive,Full Time,Medium,30 Days,7,132000
Naila Janjgir,B.Com,Sales Executive,Part Time,Large,2 Months,7,54000
Dhamtari,MBA,Business Analyst,Full Time,Large,30 Days,15,150000
Bhilai,12th Pass,Computer Operator,Part Time,Small,2 Months,0,12000
Naila Janjgir,Diploma,Content Writer,Full Time,Large,15 Days,5,46000
Tilda Newra,Diploma,Content Writer,Part Time,Medium,15 Days,1,17000
Ambikapur,BA,Digital Marketing Executive,Full Time,Small,15 Days,2,40000
Durg,10th Pass,Customer Support,Part Time,Small,45 Days,0,12000
Bhilai,BA,Digital Marketing Executive,Full Time,Large,15 Days,0,45000
Bilaspur,BBA,Account Manager,Full Time,Large,30 Days,5,108000
Rajnandgaon,BA,Digital Marketing Executive,Full Time,Small,Immediately,11,62000
Manendragarh,MA,Sales Executive,Full Time,Large,45 Days,2,87000
Raipur,MA,Business Analyst,Part Time,Small,2 Months,14,89000
Bilaspur,MBA,Sales Executive,Full Time,Medium,45 Days,1,97000
Tilda Newra,MBA,MIS Executive,Part Time,Large,3 Months,10,143000
Raigarh,BA,Customer Support,Contract,Medium,Immediately,1,23000
Naila Janjgir,BCA,Content Writer,Full Time,Small,15 Days,0,37000
Raigarh,MA,HR Executive,Full Time,Large,3 Months,14,150000
Tilda Newra,10th Pass,Sales Executive,Contract,Large,30 Days,3,21000
Raigarh,M.Com,HR Executive,Part Time,Small,15 Days,2,39000
Korba,BBA,Digital Marketing Executive,Full Time,Small,30 Days,5,68000
Rajnandgaon,10th Pass,Sales Executive,Full Time,Medium,30 Days,1,15000
Rajnandgaon,10th Pass,Sales Executive,Full Time,Medium,30 Days,0,15000
Sakti,Diploma,Customer Support,Full Time,Large,15 Days,3,34000
Bilaspur,BA,Sales Executive,Full Time,Medium,30 Days,6,55000
Dhamtari,BA,MIS Executive,Full Time,Small,Immediately,5,45000
Dalli-Rajhara,MBA,HR Executive,Contract,Medium,Immediately,11,139000
Ambikapur,Diploma,Customer Support,Full Time,Medium,2 Months,7,41000
Durg,10th Pass,Computer Operator,Full Time,Large,2 Months,2,14000
Bhatapara,BBA,Digital Marketing Executive,Part Time,Medium,45 Days,2,36000
Rajnandgaon,B.Com,Sales Executive,Full Time,Large,2 Months,5,74000
Bemetra,BCA,Digital Marketing Executive,Contract,Small,30 Days,11,80000
Durg,B.Com,Business Analyst,Full Time,Medium,2 Months,10,102000
Dalli-Rajhara,B.Com,Digital Marketing Executive,Full Time,Medium,45 Days,11,93000
Raigarh,BCA,HR Executive,Full Time,Medium,30 Days,3,56000
Mungeli,MA,MIS Executive,Full Time,Medium,45 Days,7,101000
Bilaspur,MA,Account Manager,Full Time,Small,3 Months,6,100000
Ambikapur,MA,Business Analyst,Contract,Medium,2 Months,7,118000
Korba,BBA,Customer Support,Full Time,Large,30 Days,1,52000
Rajnandgaon,MBA,HR Executive,Full Time,Large,45 Days,11,150000
Rajnandgaon,BCA,MIS Executive,Part Time,Medium,2 Months,9,52000
Mungeli,BBA,Sales Executive,Full Time,Small,30 Days,15,99000
Bemetra,M.Com,Digital Marketing Executive,Full Time,Large,3 Months,10,150000
Bemetra,M.Com,Business Analyst,Full Time,Large,15 Days,9,150000
Ambikapur,BA,Digital Marketing Executive,Full Time,Medium,15 Days,10,74000
Tilda Newra,Diploma,Customer Support,Full Time,Small,15 Days,3,26000
Bhatapara,BBA,Sales Executive,Contract,Large,Immediately,0,55000
Bhatapara,MBA,HR Executive,Contract,Medium,3 Months,2,92000
Mahasamund,M.Com,HR Executive,Full Time,Small,45 Days,5,87000
Sakti,B.Com,Digital Marketing Executive,Full Time,Medium,30 Days,9,81000
Raipur,12th Pass,Customer Support,Full Time,Medium,30 Days,1,18000
Chirmiri,M.Com,Digital Marketing Executive,Part Time,Small,3 Months,7,69000
Naila Janjgir,M.Com,Digital Marketing Executive,Contract,Large,45 Days,2,107000
Dalli-Rajhara,MA,MIS Executive,Full Time,Large,15 Days,10,144000
Sakti,BCA,HR Executive,Full Time,Medium,3 Months,14,102000
Dhamtari,BCA,Digital Marketing Executive,Full Time,Large,30 Days,4,83000
Korba,MBA,Digital Marketing Executive,Full Time,Small,3 Months,5,121000
Mungeli,12th Pass,Customer Support,Full Time,Small,3 Months,9,25000
Naila Janjgir,BBA,Account Manager,Full Time,Medium,45 Days,3,77000
Mungeli,BBA,Account Manager,Full Time,Large,30 Days,9,126000
Raigarh,BBA,Account Manager,Full Time,Medium,2 Months,9,130000
Bemetra,BBA,Account Manager,Intern,Large,3 Months,7,53000
Durg,BBA,Business Analyst,Full Time,Large,30 Days,9,150000
Dhamtari,M.Com,Digital Marketing Executive,Full Time,Small,45 Days,15,150000
Sakti,Diploma,Accountant,Full Time,Large,45 Days,2,40000
Bhilai,M.Com,MIS Executive,Full Time,Large,45 Days,16,150000
Dalli-Rajhara,MA,Business Analyst,Full Time,Large,3 Months,9,150000
Bhilai,BCA,MIS Executive,Full Time,Small,45 Days,6,74000
Durg,BA,Business Analyst,Full Time,Medium,2 Months,4,58000
Bhatapara,MBA,Account Manager,Full Time,Medium,45 Days,8,150000
Jagdalpur,MA,Digital Marketing Executive,Full Time,Small,45 Days,16,150000
Bhatapara,BCA,HR Executive,Part Time,Large,15 Days,12,73000
Manendragarh,Diploma,Sales Executive,Full Time,Medium,30 Days,9,60000
Naila Janjgir,BA,HR Executive,Full Time,Medium,3 Months,11,60000
Korba,BCA,Accountant,Full Time,Large,Immediately,1,71000
Bhilai,B.Com,Business Analyst,Full Time,Medium,2 Months,9,106000
Bhatapara,BCA,Digital Marketing Executive,Full Time,Medium,30 Days,7,89000
Korba,10th Pass,Customer Support,Intern,Medium,30 Days,0,8000
Mungeli,BA,HR Executive,Part Time,Medium,Immediately,0,17000
Bemetra,12th Pass,Accountant,Full Time,Medium,30 Days,9,42000
Sakti,B.Com,Sales Executive,Contract,Small,45 Days,5,46000
Korba,M.Com,HR Executive,Full Time,Small,2 Months,7,97000
Mungeli,BA,Digital Marketing Executive,Full Time,Medium,45 Days,6,58000
Bemetra,B.Com,MIS Executive,Full Time,Medium,30 Days,12,87000
Bemetra,10th Pass,Sales Executive,Full Time,Medium,45 Days,4,21000
Sakti,BBA,Sales Executive,Full Time,Large,30 Days,7,103000
Bemetra,BCA,HR Executive,Contract,Medium,Immediately,3,56000
Ambikapur,BCA,Customer Support,Part Time,Medium,2 Months,1,23000
Chirmiri,BA,Accountant,Full Time,Medium,30 Days,2,40000
Raigarh,MBA,Business Analyst,Full Time,Medium,45 Days,8,150000
Naila Janjgir,BBA,HR Executive,Part Time,Large,45 Days,7,54000
Bemetra,MA,Business Analyst,Full Time,Medium,30 Days,6,128000
Bhilai,BA,Customer Support,Contract,Large,15 Days,0,29000
Durg,Diploma,Computer Operator,Full Time,Large,Immediately,2,29000
Dhamtari,10th Pass,Computer Operator,Full Time,Medium,2 Months,5,14000
Mahasamund,MA,Digital Marketing Executive,Full Time,Small,45 Days,6,83000
Tilda Newra,MA,Digital Marketing Executive,Part Time,Large,30 Days,17,141000
Raigarh,Diploma,Customer Support,Part Time,Small,3 Months,8,21000
Dhamtari,BA,HR Executive,Full Time,Large,Immediately,0,35000
Ambikapur,10th Pass,Customer Support,Contract,Large,Immediately,0,12000
Tilda Newra,MA,Business Analyst,Full Time,Large,3 Months,5,150000
Bilaspur,BBA,HR Executive,Part Time,Large,3 Months,15,78000
Rajnandgaon,Diploma,Accountant,Part Time,Small,2 Months,7,27000
Mungeli,MA,HR Executive,Full Time,Medium,45 Days,4,81000
Jagdalpur,10th Pass,Computer Operator,Part Time,Large,45 Days,0,12000
Chirmiri,10th Pass,Sales Executive,Full Time,Medium,30 Days,6,24000
Raigarh,BCA,Accountant,Full Time,Medium,30 Days,1,53000
Dhamtari,BBA,Digital Marketing Executive,Full Time,Small,30 Days,6,80000
Chirmiri,Diploma,Content Writer,Full Time,Large,15 Days,1,33000
Chirmiri,10th Pass,Sales Executive,Full Time,Medium,2 Months,4,21000
Bhatapara,BBA,Sales Executive,Full Time,Large,Immediately,1,63000
Dhamtari,BA,Digital Marketing Executive,Full Time,Large,3 Months,12,106000
Manendragarh,BA,HR Executive,Full Time,Medium,45 Days,2,34000
Chirmiri,10th Pass,Sales Executive,Part Time,Large,30 Days,0,12000
Bilaspur,MA,Digital Marketing Executive,Full Time,Medium,2 Months,8,131000
Rajnandgaon,MBA,Account Manager,Full Time,Small,30 Days,4,138000
Mungeli,Diploma,Accountant,Full Time,Small,Immediately,4,33000
Tilda Newra,BCA,HR Executive,Part Time,Small,Immediately,0,24000
Naila Janjgir,MA,Digital Marketing Executive,Intern,Medium,3 Months,10,48000
Bemetra,MBA,Digital Marketing Executive,Part Time,Medium,45 Days,1,63000
Bhilai,10th Pass,Customer Support,Full Time,Medium,45 Days,6,18000
Dalli-Rajhara,12th Pass,Computer Operator,Full Time,Small,30 Days,11,25000
Chirmiri,B.Com,Business Analyst,Full Time,Medium,45 Days,5,82000
Sakti,B.Com,Sales Executive,Contract,Medium,15 Days,7,57000
Naila Janjgir,BBA,Digital Marketing Executive,Contract,Large,3 Months,10,119000
Dalli-Rajhara,BCA,Sales Executive,Intern,Medium,45 Days,9,40000
Raipur,B.Com,HR Executive,Full Time,Medium,45 Days,7,64000
Mahasamund,BA,MIS Executive,Full Time,Small,45 Days,6,47000
Dhamtari,B.Com,Account Manager,Full Time,Small,30 Days,7,75000
Bhatapara,10th Pass,Customer Support,Part Time,Medium,2 Months,5,12000
Bhilai,Diploma,Computer Operator,Full Time,Medium,15 Days,0,20000
Mahasamund,Diploma,Customer Support,Full Time,Small,45 Days,2,22000
Bhatapara,Diploma,Computer Operator,Contract,Small,30 Days,4,21000
Tilda Newra,BCA,Sales Executive,Full Time,Large,45 Days,4,82000
Manendragarh,B.Com,HR Executive,Full Time,Medium,45 Days,3,47000
Sakti,BCA,Content Writer,Full Time,Medium,15 Days,1,46000
Mahasamund,B.Com,HR Executive,Full Time,Small,Immediately,7,49000
Naila Janjgir,12th Pass,Accountant,Part Time,Small,15 Days,2,13000
Manendragarh,BBA,Accountant,Contract,Large,45 Days,0,56000
Bhatapara,BCA,Sales Executive,Part Time,Large,2 Months,5,55000
Tilda Newra,BCA,Sales Executive,Part Time,Medium,30 Days,5,50000
Durg,B.Com,Digital Marketing Executive,Full Time,Small,15 Days,4,56000
Dalli-Rajhara,12th Pass,Accountant,Full Time,Medium,Immediately,7,36000
Bhilai,B.Com,MIS Executive,Intern,Medium,15 Days,5,23000
Naila Janjgir,B.Com,Account Manager,Intern,Large,2 Months,10,48000
Ambikapur,BA,Sales Executive,Full Time,Small,30 Days,6,46000
Bhatapara,BCA,Digital Marketing Executive,Full Time,Large,2 Months,11,141000
Bilaspur,M.Com,MIS Executive,Full Time,Large,2 Months,17,150000
Bhatapara,MA,Digital Marketing Executive,Full Time,Large,3 Months,10,150000
Dalli-Rajhara,10th Pass,Customer Support,Full Time,Small,30 Days,6,15000
Sakti,Diploma,Computer Operator,Part Time,Large,30 Days,4,20000
Raigarh,BBA,MIS Executive,Full Time,Large,2 Months,11,126000
Durg,B.Com,Sales Executive,Full Time,Small,45 Days,4,50000
Durg,10th Pass,Computer Operator,Full Time,Small,15 Days,4,12000
Jagdalpur,Diploma,Computer Operator,Full Time,Small,30 Days,1,18000
Bemetra,12th Pass,Content Writer,Full Time,Medium,45 Days,4,27000
Rajnandgaon,10th Pass,Computer Operator,Full Time,Small,3 Months,5,12000
Jagdalpur,10th Pass,Customer Support,Full Time,Medium,30 Days,4,16000
Chirmiri,12th Pass,Accountant,Full Time,Medium,45 Days,2,29000
Raipur,B.Com,Account Manager,Part Time,Large,2 Months,14,83000
Bhilai,BCA,Account Manager,Part Time,Large,2 Months,10,93000
Raigarh,12th Pass,Computer Operator,Full Time,Medium,3 Months,3,21000
Tilda Newra,MBA,Business Analyst,Full Time,Small,3 Months,6,150000
Durg,M.Com,HR Executive,Contract,Large,2 Months,3,106000
Dhamtari,MBA,Digital Marketing Executive,Full Time,Medium,15 Days,9,150000
Korba,10th Pass,Sales Executive,Contract,Small,Immediately,0,12000
Raigarh,BA,HR Executive,Full Time,Medium,45 Days,5,46000
Jagdalpur,B.Com,Sales Executive,Full Time,Medium,30 Days,1,45000
Sakti,MA,Account Manager,Part Time,Small,45 Days,10,79000
Ambikapur,MA,HR Executive,Full Time,Large,15 Days,5,108000
Korba,10th Pass,Customer Support,Full Time,Large,2 Months,2,16000
Mahasamund,MA,MIS Executive,Contract,Small,30 Days,5,76000
Mahasamund,B.Com,Customer Support,Full Time,Small,30 Days,1,28000
Manendragarh,BA,Account Manager,Full Time,Large,Immediately,5,70000
Bemetra,M.Com,Account Manager,Full Time,Small,30 Days,2,101000
Raigarh,B.Com,Sales Executive,Full Time,Medium,2 Months,3,52000
Korba,MBA,Digital Marketing Executive,Full Time,Small,30 Days,12,150000
Bhilai,10th Pass,Customer Support,Full Time,Small,15 Days,6,15000
Dhamtari,MBA,MIS Executive,Full Time,Small,30 Days,14,150000
Jagdalpur,10th Pass,Computer Operator,Contract,Large,2 Months,6,18000
Chirmiri,MBA,Account Manager,Full Time,Small,Immediately,15,150000
Dalli-Rajhara,MBA,Account Manager,Full Time,Small,15 Days,9,150000
Manendragarh,B.Com,Account Manager,Full Time,Large,45 Days,12,144000
Bemetra,12th Pass,Accountant,Full Time,Medium,Immediately,0,23000
Ambikapur,BBA,Content Writer,Full Time,Small,45 Days,0,37000
Raigarh,B.Com,Digital Marketing Executive,Full Time,Medium,30 Days,4,58000
Sakti,Diploma,Sales Executive,Contract,Large,15 Days,4,45000
Naila Janjgir,10th Pass,Sales Executive,Full Time,Small,30 Days,5,18000
Tilda Newra,10th Pass,Sales Executive,Full Time,Small,45 Days,5,18000
Durg,10th Pass,Computer Operator,Full Time,Small,2 Months,7,14000
Dhamtari,MA,Account Manager,Full Time,Small,45 Days,14,150000
Chirmiri,Diploma,Accountant,Intern,Small,45 Days,12,22000
Raigarh,12th Pass,Accountant,Full Time,Small,2 Months,6,29000
Bilaspur,B.Com,MIS Executive,Contract,Small,Immediately,6,49000
Bhatapara,10th Pass,Customer Support,Full Time,Small,3 Months,8,15000
Raipur,B.Com,Account Manager,Full Time,Small,30 Days,9,79000
Tilda Newra,MBA,HR Executive,Full Time,Large,30 Days,11,150000
Mungeli,12th Pass,Computer Operator,Contract,Small,30 Days,8,17000
Rajnandgaon,Diploma,Accountant,Full Time,Small,3 Months,1,24000
Bilaspur,12th Pass,Accountant,Contract,Large,3 Months,4,32000
Chirmiri,BA,Account Manager,Full Time,Small,45 Days,7,61000
Sakti,Diploma,Customer Support,Full Time,Small,2 Months,2,21000
Dalli-Rajhara,BCA,Account Manager,Full Time,Large,30 Days,3,110000
Chirmiri,10th Pass,Computer Operator,Contract,Large,2 Months,2,14000
Dalli-Rajhara,MBA,MIS Executive,Contract,Medium,2 Months,5,126000
Naila Janjgir,MBA,Digital Marketing Executive,Full Time,Large,3 Months,8,150000
Bilaspur,Diploma,Customer Support,Full Time,Medium,45 Days,9,41000
Ambikapur,BCA,Content Writer,Part Time,Small,30 Days,0,21000
Mungeli,BA,MIS Executive,Full Time,Large,2 Months,3,56000
Jagdalpur,12th Pass,Computer Operator,Full Time,Large,30 Days,6,29000
Raipur,B.Com,Customer Support,Full Time,Small,45 Days,2,32000
Dalli-Rajhara,MBA,MIS Executive,Full Time,Large,30 Days,1,137000
Jagdalpur,B.Com,HR Executive,Full Time,Medium,30 Days,11,75000
Ambikapur,MA,MIS Executive,Full Time,Small,30 Days,10,106000
Bhatapara,10th Pass,Computer Operator,Full Time,Large,45 Days,7,19000
Bilaspur,MBA,Digital Marketing Executive,Contract,Large,45 Days,14,150000
Jagdalpur,MBA,Digital Marketing Executive,Part Time,Small,15 Days,20,150000
Bemetra,BA,HR Executive,Full Time,Medium,15 Days,14,83000
Dalli-Rajhara,BBA,Customer Support,Full Time,Medium,45 Days,2,44000
Bhilai,MBA,Digital Marketing Executive,Contract,Small,45 Days,4,113000
Raigarh,B.Com,Business Analyst,Full Time,Medium,2 Months,12,121000
Sakti,10th Pass,Computer Operator,Full Time,Large,Immediately,1,12000
Bhilai,BCA,MIS Executive,Intern,Large,30 Days,6,46000
Dalli-Rajhara,BCA,HR Executive,Part Time,Medium,2 Months,0,28000
Durg,BBA,Account Manager,Full Time,Small,2 Months,4,78000
Mungeli,MBA,Business Analyst,Full Time,Medium,45 Days,8,150000
Sakti,BBA,Content Writer,Full Time,Small,30 Days,1,37000
Bemetra,10th Pass,Customer Support,Contract,Large,15 Days,0,12000
Korba,MBA,Account Manager,Full Time,Medium,2 Months,9,150000
Raipur,12th Pass,Sales Executive,Contract,Large,45 Days,3,30000
Raipur,MBA,HR Executive,Part Time,Small,Immediately,1,49000
Bilaspur,M.Com,HR Executive,Full Time,Medium,2 Months,16,150000
Sakti,12th Pass,Content Writer,Part Time,Small,2 Months,6,15000
Durg,MBA,MIS Executive,Part Time,Small,15 Days,9,91000
Korba,BA,Accountant,Full Time,Large,15 Days,2,53000
Bhilai,MA,MIS Executive,Full Time,Medium,15 Days,18,150000
Bemetra,Diploma,Computer Operator,Full Time,Medium,Immediately,9,32000
Korba,Diploma,Accountant,Part Time,Medium,30 Days,10,33000
Raipur,MBA,Digital Marketing Executive,Full Time,Small,3 Months,18,150000
Jagdalpur,BBA,Digital Marketing Executive,Full Time,Small,2 Months,5,64000
Raipur,12th Pass,Customer Support,Full Time,Small,15 Days,7,24000
Dalli-Rajhara,Diploma,Accountant,Full Time,Medium,30 Days,1,30000
Tilda Newra,M.Com,HR Executive,Full Time,Large,3 Months,11,150000
Sakti,BCA,Account Manager,Full Time,Medium,2 Months,3,79000
Dalli-Rajhara,MA,MIS Executive,Full Time,Large,45 Days,3,112000
Bhilai,10th Pass,Customer Support,Full Time,Medium,3 Months,5,15000
Dhamtari,B.Com,HR Executive,Full Time,Medium,30 Days,4,51000
Rajnandgaon,MBA,Sales Executive,Full Time,Medium,30 Days,4,123000
Naila Janjgir,MBA,Account Manager,Full Time,Medium,30 Days,11,150000
Dhamtari,BCA,Sales Executive,Full Time,Medium,30 Days,4,60000
Bhilai,10th Pass,Sales Executive,Full Time,Medium,45 Days,6,26000
Manendragarh,MA,MIS Executive,Intern,Small,15 Days,4,32000
Bhatapara,B.Com,MIS Executive,Full Time,Medium,30 Days,8,76000
Chirmiri,MA,MIS Executive,Full Time,Medium,30 Days,20,150000
Bemetra,10th Pass,Sales Executive,Full Time,Large,30 Days,8,34000
Naila Janjgir,BA,Customer Support,Intern,Medium,Immediately,1,10000
Bhilai,12th Pass,Accountant,Full Time,Large,30 Days,6,38000
Chirmiri,BCA,Sales Executive,Full Time,Large,30 Days,1,60000
Chirmiri,12th Pass,Content Writer,Full Time,Small,30 Days,4,23000
Bilaspur,Diploma,Sales Executive,Contract,Large,45 Days,5,41000
Raipur,MA,Account Manager,Full Time,Small,45 Days,12,118000
Naila Janjgir,BA,Digital Marketing Executive,Full Time,Large,15 Days,4,62000
Bhatapara,Diploma,Customer Support,Full Time,Medium,15 Days,3,25000
Mahasamund,BBA,Content Writer,Contract,Small,15 Days,0,33000
Dalli-Rajhara,12th Pass,Customer Support,Contract,Large,15 Days,2,23000
Raigarh,BCA,MIS Executive,Full Time,Large,3 Months,7,123000
Manendragarh,12th Pass,Customer Support,Full Time,Large,30 Days,2,22000
Jagdalpur,M.Com,Digital Marketing Executive,Part Time,Large,30 Days,8,104000
Dhamtari,M.Com,Account Manager,Part Time,Medium,45 Days,17,150000
Chirmiri,M.Com,Digital Marketing Executive,Full Time,Large,2 Months,5,144000
Sakti,10th Pass,Sales Executive,Full Time,Large,15 Days,2,22000
Raigarh,M.Com,Digital Marketing Executive,Full Time,Large,2 Months,5,149000
Dalli-Rajhara,MA,Account Manager,Full Time,Large,2 Months,7,149000
Bilaspur,BBA,Account Manager,Full Time,Large,3 Months,15,150000
Chirmiri,BBA,Digital Marketing Executive,Part Time,Medium,30 Days,2,40000
Dhamtari,BBA,Digital Marketing Executive,Full Time,Medium,3 Months,5,75000
Naila Janjgir,12th Pass,Sales Executive,Full Time,Medium,30 Days,6,33000
Rajnandgaon,BA,Sales Executive,Full Time,Small,30 Days,4,39000
Durg,M.Com,MIS Executive,Contract,Medium,30 Days,9,150000
Chirmiri,BBA,Sales Executive,Full Time,Medium,30 Days,1,52000
Bemetra,Diploma,Customer Support,Part Time,Medium,30 Days,10,29000
Bemetra,BA,Sales Executive,Full Time,Large,30 Days,2,53000
Tilda Newra,MBA,Digital Marketing Executive,Full Time,Medium,15 Days,3,140000
Chirmiri,10th Pass,Sales Executive,Part Time,Small,30 Days,3,12000
Bhatapara,Diploma,Computer Operator,Full Time,Large,3 Months,14,53000
Durg,MA,HR Executive,Full Time,Medium,45 Days,2,64000
Bhilai,10th Pass,Computer Operator,Full Time,Large,2 Months,5,17000
Rajnandgaon,BBA,Digital Marketing Executive,Full Time,Small,2 Months,10,96000
Chirmiri,Diploma,Content Writer,Full Time,Medium,30 Days,1,25000
Durg,BBA,Business Analyst,Full Time,Large,45 Days,11,150000
Raipur,BCA,Account Manager,Full Time,Medium,2 Months,11,141000
Bhilai,MBA,Digital Marketing Executive,Contract,Large,3 Months,13,150000
Bhilai,B.Com,Digital Marketing Executive,Full Time,Medium,2 Months,11,92000
Mahasamund,BBA,Account Manager,Full Time,Medium,45 Days,8,106000
Mahasamund,10th Pass,Computer Operator,Part Time,Small,3 Months,0,12000
Mungeli,BA,Account Manager,Full Time,Medium,45 Days,5,66000
Korba,MA,Account Manager,Part Time,Medium,30 Days,6,65000
Ambikapur,BCA,Account Manager,Full Time,Small,30 Days,4,67000
Raipur,MA,Business Analyst,Contract,Small,45 Days,13,133000
Mungeli,M.Com,Account Manager,Full Time,Large,30 Days,7,150000
Sakti,Diploma,Accountant,Contract,Large,15 Days,1,38000
Bhilai,M.Com,Account Manager,Full Time,Medium,15 Days,10,150000
Mungeli,B.Com,Sales Executive,Intern,Small,15 Days,0,14000
Bemetra,Diploma,Computer Operator,Full Time,Small,45 Days,2,18000
Mahasamund,12th Pass,Content Writer,Full Time,Large,3 Months,11,42000
Sakti,MA,Digital Marketing Executive,Full Time,Small,30 Days,13,142000
Chirmiri,MBA,Account Manager,Full Time,Medium,3 Months,7,150000
Dalli-Rajhara,12th Pass,Computer Operator,Full Time,Medium,30 Days,7,24000
Ambikapur,MBA,Sales Executive,Part Time,Large,30 Days,2,89000
Raipur,BBA,MIS Executive,Full Time,Small,30 Days,3,56000
Mahasamund,MA,MIS Executive,Full Time,Medium,2 Months,9,118000
Tilda Newra,BCA,Accountant,Part Time,Small,15 Days,1,28000
Tilda Newra,B.Com,Sales Executive,Full Time,Medium,Immediately,14,92000
Bhatapara,12th Pass,Computer Operator,Full Time,Medium,30 Days,1,16000
Manendragarh,MA,Account Manager,Part Time,Medium,30 Days,7,75000
Jagdalpur,BCA,HR Executive,Part Time,Large,3 Months,5,55000
Dalli-Rajhara,BBA,Sales Executive,Part Time,Medium,30 Days,1,33000
Chirmiri,MA,MIS Executive,Part Time,Medium,3 Months,17,122000
Jagdalpur,MBA,MIS Executive,Intern,Small,30 Days,4,48000
Manendragarh,BCA,HR Executive,Full Time,Medium,45 Days,7,74000
Raipur,12th Pass,Sales Executive,Full Time,Small,3 Months,5,27000
Tilda Newra,B.Com,Digital Marketing Executive,Full Time,Large,3 Months,11,116000
Durg,Diploma,Customer Support,Full Time,Large,30 Days,7,43000
Mungeli,B.Com,Business Analyst,Full Time,Large,2 Months,4,94000
Tilda Newra,M.Com,HR Executive,Full Time,Large,30 Days,16,150000
Naila Janjgir,12th Pass,Sales Executive,Part Time,Large,30 Days,4,24000
Sakti,BA,HR Executive,Full Time,Medium,30 Days,2,40000
Mungeli,BBA,HR Executive,Full Time,Medium,3 Months,13,105000
Raipur,MA,Account Manager,Full Time,Small,3 Months,5,99000
Ambikapur,BBA,Digital Marketing Executive,Full Time,Small,2 Months,12,86000
Raigarh,BA,HR Executive,Full Time,Medium,15 Days,1,34000
Dalli-Rajhara,10th Pass,Sales Executive,Full Time,Large,Immediately,5,29000
Bilaspur,MA,MIS Executive,Part Time,Medium,30 Days,10,87000
Tilda Newra,BA,Business Analyst,Full Time,Medium,3 Months,7,77000
Ambikapur,BCA,Account Manager,Full Time,Large,3 Months,6,110000
Sakti,M.Com,HR Executive,Full Time,Large,30 Days,5,120000
Bilaspur,10th Pass,Sales Executive,Full Time,Medium,45 Days,2,17000
Rajnandgaon,MBA,Digital Marketing Executive,Part Time,Small,2 Months,7,78000
Bhilai,Diploma,Content Writer,Full Time,Large,30 Days,4,40000
Dhamtari,12th Pass,Accountant,Full Time,Large,3 Months,9,48000
Manendragarh,12th Pass,Computer Operator,Full Time,Small,30 Days,3,15000
Sakti,B.Com,Business Analyst,Full Time,Medium,30 Days,15,114000
Dalli-Rajhara,BCA,Accountant,Part Time,Large,30 Days,1,38000
Tilda Newra,Diploma,Computer Operator,Intern,Small,30 Days,4,10000
Raigarh,BA,Digital Marketing Executive,Full Time,Medium,2 Months,10,66000
Sakti,MBA,MIS Executive,Intern,Large,2 Months,2,62000
Raipur,12th Pass,Content Writer,Contract,Large,3 Months,5,28000
Ambikapur,Diploma,Customer Support,Full Time,Medium,45 Days,6,35000
Bemetra,BBA,HR Executive,Part Time,Large,30 Days,0,36000
Dhamtari,BCA,Sales Executive,Full Time,Large,2 Months,5,93000
Ambikapur,BCA,HR Executive,Full Time,Large,2 Months,7,90000
Tilda Newra,Diploma,Accountant,Full Time,Small,30 Days,6,41000
Tilda Newra,MBA,Digital Marketing Executive,Full Time,Large,30 Days,5,150000
Raigarh,Diploma,Computer Operator,Contract,Small,15 Days,6,20000
Korba,MBA,Business Analyst,Full Time,Small,30 Days,5,150000
Naila Janjgir,10th Pass,Customer Support,Full Time,Small,45 Days,2,12000
Naila Janjgir,BA,Business Analyst,Full Time,Medium,3 Months,4,62000
Bilaspur,M.Com,HR Executive,Full Time,Small,30 Days,2,69000
Sakti,BA,HR Executive,Full Time,Small,3 Months,7,46000
Jagdalpur,BBA,Digital Marketing Executive,Full Time,Large,30 Days,11,133000
Sakti,M.Com,HR Executive,Full Time,Large,45 Days,7,142000
Chirmiri,BA,Business Analyst,Full Time,Small,30 Days,10,73000
Jagdalpur,MA,HR Executive,Full Time,Medium,45 Days,15,142000
Bhatapara,12th Pass,Sales Executive,Full Time,Large,2 Months,4,39000
Bemetra,BBA,Sales Executive,Full Time,Large,45 Days,11,137000
Manendragarh,Diploma,Customer Support,Contract,Small,45 Days,6,27000
Naila Janjgir,MBA,MIS Executive,Full Time,Large,2 Months,14,150000
Sakti,12th Pass,Computer Operator,Full Time,Medium,45 Days,8,28000
Raigarh,MA,Sales Executive,Full Time,Large,Immediately,1,91000
Jagdalpur,Diploma,Customer Support,Full Time,Small,15 Days,0,17000
Bhilai,B.Com,Sales Executive,Full Time,Large,30 Days,4,65000
Chirmiri,MA,Account Manager,Full Time,Medium,45 Days,7,139000
Mungeli,B.Com,Content Writer,Full Time,Medium,30 Days,2,41000
Chirmiri,BCA,HR Executive,Part Time,Large,2 Months,11,64000
Sakti,MA,MIS Executive,Part Time,Small,3 Months,17,101000
Ambikapur,B.Com,Account Manager,Full Time,Large,45 Days,5,87000
Dhamtari,MA,Account Manager,Full Time,Medium,30 Days,5,112000
Sakti,12th Pass,Content Writer,Full Time,Large,45 Days,9,37000
Durg,BA,HR Executive,Contract,Medium,30 Days,6,38000
Bilaspur,10th Pass,Sales Executive,Contract,Medium,2 Months,2,16000
Bilaspur,BA,Sales Executive,Full Time,Medium,30 Days,3,44000
Mungeli,MA,Digital Marketing Executive,Full Time,Small,3 Months,2,63000
Bemetra,10th Pass,Sales Executive,Full Time,Large,30 Days,3,25000
Korba,MA,Account Manager,Full Time,Medium,30 Days,10,140000
Bemetra,Diploma,Accountant,Full Time,Medium,Immediately,4,42000
Bhatapara,MA,Digital Marketing Executive,Full Time,Large,15 Days,2,96000
Bilaspur,B.Com,Sales Executive,Full Time,Medium,2 Months,5,60000
Raigarh,B.Com,Business Analyst,Contract,Medium,2 Months,7,70000
Durg,MBA,Business Analyst,Part Time,Medium,3 Months,9,148000
Durg,MA,Account Manager,Full Time,Medium,45 Days,9,150000
Bhatapara,MA,HR Executive,Full Time,Small,3 Months,10,94000
Korba,Diploma,Computer Operator,Part Time,Small,Immediately,0,12000
Korba,BBA,Account Manager,Full Time,Large,30 Days,11,150000
Bemetra,M.Com,Digital Marketing Executive,Full Time,Large,3 Months,6,136000
Dhamtari,BBA,MIS Executive,Full Time,Medium,2 Months,6,91000
Mungeli,10th Pass,Customer Support,Full Time,Medium,30 Days,2,13000
Bhatapara,BBA,Customer Support,Part Time,Small,3 Months,0,18000
Korba,12th Pass,Sales Executive,Part Time,Large,30 Days,6,25000
Chirmiri,B.Com,Account Manager,Intern,Small,2 Months,10,38000
Tilda Newra,B.Com,MIS Executive,Contract,Large,30 Days,6,82000
Ambikapur,BBA,Business Analyst,Full Time,Small,2 Months,4,72000
Sakti,BBA,Sales Executive,Contract,Large,30 Days,2,68000
Tilda Newra,10th Pass,Customer Support,Contract,Small,45 Days,3,12000
Sakti,BBA,Sales Executive,Full Time,Small,30 Days,1,42000
Jagdalpur,MBA,Business Analyst,Full Time,Small,3 Months,9,150000
Tilda Newra,BCA,HR Executive,Contract,Large,45 Days,2,57000
Naila Janjgir,BBA,Sales Executive,Full Time,Medium,3 Months,8,83000
Mahasamund,M.Com,Business Analyst,Full Time,Large,Immediately,9,150000
Manendragarh,B.Com,Digital Marketing Executive,Full Time,Small,3 Months,15,90000
Manendragarh,12th Pass,Customer Support,Full Time,Large,3 Months,8,33000
Ambikapur,10th Pass,Sales Executive,Contract,Large,3 Months,10,37000
Bhilai,M.Com,Digital Marketing Executive,Full Time,Medium,45 Days,10,150000
Bilaspur,B.Com,Account Manager,Contract,Small,45 Days,7,67000
Mahasamund,BA,MIS Executive,Full Time,Large,2 Months,5,68000
Dalli-Rajhara,MBA,MIS Executive,Full Time,Medium,3 Months,17,150000
Manendragarh,BBA,HR Executive,Contract,Small,15 Days,2,44000
Mungeli,M.Com,Business Analyst,Full Time,Large,30 Days,14,150000
Bilaspur,BBA,Sales Executive,Full Time,Large,30 Days,5,83000
Dalli-Rajhara,BBA,MIS Executive,Part Time,Small,2 Months,3,33000
Dhamtari,M.Com,Sales Executive,Intern,Medium,30 Days,4,36000
Bhatapara,Diploma,Content Writer,Part Time,Small,2 Months,1,12000
Ambikapur,Diploma,Accountant,Full Time,Large,30 Days,5,52000
Dhamtari,MBA,MIS Executive,Full Time,Medium,3 Months,9,150000
Chirmiri,MA,Digital Marketing Executive,Full Time,Medium,30 Days,2,85000
Dhamtari,BA,HR Executive,Full Time,Medium,15 Days,3,41000
Korba,BCA,Accountant,Full Time,Medium,45 Days,1,52000
Dalli-Rajhara,BCA,Sales Executive,Part Time,Small,Immediately,0,25000
Dhamtari,BCA,Customer Support,Full Time,Medium,Immediately,1,39000
Bemetra,Diploma,Content Writer,Full Time,Small,3 Months,5,29000
Jagdalpur,BCA,Business Analyst,Full Time,Small,3 Months,12,108000
Tilda Newra,MA,Business Analyst,Full Time,Large,2 Months,5,150000
Bhilai,MBA,Digital Marketing Executive,Full Time,Medium,15 Days,5,150000
Tilda Newra,B.Com,Sales Executive,Full Time,Small,Immediately,3,42000
Bilaspur,BA,Accountant,Full Time,Large,45 Days,1,42000
Rajnandgaon,M.Com,Digital Marketing Executive,Full Time,Small,Immediately,3,79000
Ambikapur,10th Pass,Customer Support,Full Time,Medium,Immediately,8,18000
Bemetra,BCA,Digital Marketing Executive,Full Time,Large,Immediately,1,68000
Bhatapara,10th Pass,Sales Executive,Full Time,Small,15 Days,3,16000
Bemetra,BBA,Business Analyst,Full Time,Medium,3 Months,8,111000
Naila Janjgir,10th Pass,Customer Support,Part Time,Small,15 Days,0,12000
Chirmiri,B.Com,Account Manager,Intern,Small,30 Days,3,24000
Sakti,B.Com,Sales Executive,Full Time,Medium,45 Days,5,64000
Naila Janjgir,10th Pass,Sales Executive,Full Time,Small,2 Months,4,16000
Durg,BBA,MIS Executive,Full Time,Small,3 Months,6,72000
Rajnandgaon,BA,Digital Marketing Executive,Part Time,Large,Immediately,0,27000
Sakti,10th Pass,Sales Executive,Full Time,Large,15 Days,4,24000
Manendragarh,MBA,Account Manager,Full Time,Large,3 Months,10,150000
Durg,M.Com,Sales Executive,Full Time,Large,2 Months,3,117000
Chirmiri,MA,MIS Executive,Full Time,Medium,45 Days,6,109000
Manendragarh,MA,Account Manager,Full Time,Small,45 Days,7,106000
Rajnandgaon,BBA,Sales Executive,Part Time,Small,Immediately,0,27000
Rajnandgaon,M.Com,Sales Executive,Full Time,Small,45 Days,4,88000
Dhamtari,BCA,Business Analyst,Full Time,Large,2 Months,5,114000
Chirmiri,M.Com,Account Manager,Full Time,Small,30 Days,18,150000
Durg,B.Com,Digital Marketing Executive,Full Time,Medium,30 Days,5,72000
Manendragarh,BA,Business Analyst,Full Time,Large,45 Days,10,128000
Mahasamund,BCA,Business Analyst,Contract,Medium,Immediately,5,88000
Rajnandgaon,10th Pass,Computer Operator,Full Time,Small,30 Days,5,12000
Mungeli,Diploma,Accountant,Full Time,Small,30 Days,6,36000
Jagdalpur,BCA,Business Analyst,Full Time,Large,2 Months,11,150000
Mahasamund,BCA,Account Manager,Full Time,Large,30 Days,7,132000
Mungeli,M.Com,HR Executive,Part Time,Small,3 Months,13,83000
Manendragarh,MA,Digital Marketing Executive,Full Time,Medium,2 Months,3,85000
Bemetra,B.Com,Business Analyst,Full Time,Large,15 Days,4,96000
Durg,BBA,Business Analyst,Full Time,Large,30 Days,5,113000
Manendragarh,BCA,Content Writer,Full Time,Large,45 Days,2,57000
Dhamtari,Diploma,Content Writer,Intern,Small,45 Days,9,14000
Durg,MA,HR Executive,Full Time,Large,Immediately,9,135000
Bemetra,MA,HR Executive,Full Time,Large,45 Days,18,150000
Naila Janjgir,12th Pass,Accountant,Full Time,Medium,30 Days,8,39000
Chirmiri,10th Pass,Computer Operator,Full Time,Medium,2 Months,2,12000
Mahasamund,BBA,Digital Marketing Executive,Full Time,Small,3 Months,10,80000
Mungeli,MA,MIS Executive,Part Time,Medium,3 Months,7,66000
Rajnandgaon,BCA,Content Writer,Full Time,Small,30 Days,1,40000
Naila Janjgir,12th Pass,Computer Operator,Part Time,Small,2 Months,4,12000
Mahasamund,BCA,Account Manager,Full Time,Medium,15 Days,7,89000
Mahasamund,10th Pass,Customer Support,Full Time,Large,45 Days,8,27000
Raigarh,B.Com,Sales Executive,Contract,Medium,30 Days,7,54000
Rajnandgaon,12th Pass,Computer Operator,Full Time,Large,30 Days,2,24000
Raipur,BA,Digital Marketing Executive,Contract,Large,15 Days,2,45000
Sakti,MA,HR Executive,Full Time,Small,2 Months,15,103000
Chirmiri,10th Pass,Sales Executive,Part Time,Small,30 Days,0,12000
Bhatapara,BCA,HR Executive,Part Time,Small,30 Days,11,48000
Ambikapur,BA,Customer Support,Full Time,Large,30 Days,2,37000
Dhamtari,BBA,Account Manager,Full Time,Small,45 Days,6,73000
Bhatapara,BCA,Sales Executive,Full Time,Large,45 Days,3,80000
Sakti,BA,Sales Executive,Full Time,Small,30 Days,2,32000
Manendragarh,BA,Digital Marketing Executive,Full Time,Small,30 Days,4,43000
Dalli-Rajhara,MBA,MIS Executive,Full Time,Large,45 Days,1,145000
Mahasamund,B.Com,Content Writer,Full Time,Large,Immediately,1,46000
Bemetra,B.Com,Business Analyst,Full Time,Medium,30 Days,8,95000
Naila Janjgir,MBA,HR Executive,Part Time,Small,30 Days,12,80000
Raipur,12th Pass,Customer Support,Full Time,Small,45 Days,1,15000
Raigarh,BA,Account Manager,Full Time,Small,15 Days,4,47000
Korba,BBA,Digital Marketing Executive,Full Time,Medium,15 Days,4,77000
Raigarh,10th Pass,Computer Operator,Intern,Large,2 Months,4,8000
Raigarh,12th Pass,Computer Operator,Full Time,Large,30 Days,3,22000
Rajnandgaon,BBA,MIS Executive,Full Time,Small,45 Days,4,64000
Mahasamund,BBA,HR Executive,Full Time,Large,2 Months,11,117000
Chirmiri,BBA,Business Analyst,Full Time,Medium,45 Days,11,140000
Bhatapara,Diploma,Sales Executive,Full Time,Medium,45 Days,7,42000
Dhamtari,12th Pass,Customer Support,Intern,Medium,15 Days,0,8000
Korba,B.Com,Digital Marketing Executive,Full Time,Medium,3 Months,6,71000
Chirmiri,BCA,Digital Marketing Executive,Part Time,Small,30 Days,0,28000
Korba,BA,Business Analyst,Full Time,Large,3 Months,11,126000
Tilda Newra,B.Com,Business Analyst,Full Time,Medium,3 Months,11,121000
Rajnandgaon,MBA,MIS Executive,Full Time,Medium,45 Days,7,150000
Korba,12th Pass,Customer Support,Part Time,Medium,15 Days,1,12000
Rajnandgaon,Diploma,Sales Executive,Contract,Large,2 Months,10,64000
Bhilai,BA,Sales Executive,Full Time,Large,30 Days,4,58000
Manendragarh,12th Pass,Customer Support,Full Time,Medium,30 Days,8,30000
Mungeli,BA,HR Executive,Full Time,Medium,45 Days,2,38000
Durg,10th Pass,Customer Support,Contract,Large,45 Days,3,15000
Bemetra,B.Com,Sales Executive,Contract,Small,45 Days,13,68000
Dhamtari,MA,Account Manager,Part Time,Large,15 Days,1,66000
Tilda Newra,12th Pass,Customer Support,Full Time,Small,30 Days,0,13000
Mahasamund,M.Com,HR Executive,Contract,Large,15 Days,6,124000
Korba,Diploma,Content Writer,Full Time,Small,2 Months,10,40000
Bhilai,Diploma,Sales Executive,Full Time,Large,30 Days,5,56000
Manendragarh,MBA,Account Manager,Full Time,Large,30 Days,13,150000
Jagdalpur,MBA,Account Manager,Full Time,Medium,45 Days,20,150000
Bhilai,BA,MIS Executive,Full Time,Medium,30 Days,10,71000
Raipur,BCA,Digital Marketing Executive,Full Time,Medium,30 Days,6,91000
Bhilai,BCA,HR Executive,Full Time,Large,45 Days,11,112000
Raipur,M.Com,HR Executive,Full Time,Large,2 Months,4,103000
Manendragarh,BCA,HR Executive,Part Time,Small,15 Days,11,51000
Mahasamund,BA,Account Manager,Intern,Small,45 Days,3,20000
Rajnandgaon,10th Pass,Computer Operator,Full Time,Medium,3 Months,7,16000
Ambikapur,10th Pass,Customer Support,Part Time,Small,30 Days,4,12000
Mungeli,BA,Account Manager,Full Time,Large,30 Days,9,116000
Bhilai,BA,Sales Executive,Full Time,Small,3 Months,3,38000
Dalli-Rajhara,BCA,Business Analyst,Full Time,Small,2 Months,3,66000
Chirmiri,B.Com,Sales Executive,Part Time,Small,15 Days,3,24000
Dalli-Rajhara,12th Pass,Computer Operator,Part Time,Medium,30 Days,6,15000
Bilaspur,Diploma,Sales Executive,Contract,Small,30 Days,0,22000
Chirmiri,B.Com,Accountant,Full Time,Large,Immediately,1,51000
Chirmiri,BA,HR Executive,Contract,Small,45 Days,3,30000
Ambikapur,Diploma,Sales Executive,Part Time,Small,30 Days,0,14000
Bhatapara,BBA,Business Analyst,Full Time,Medium,45 Days,10,127000
Ambikapur,MBA,HR Executive,Full Time,Medium,2 Months,9,147000
Jagdalpur,12th Pass,Accountant,Full Time,Medium,3 Months,7,37000
Tilda Newra,12th Pass,Computer Operator,Intern,Small,3 Months,6,8000
Bhilai,M.Com,Account Manager,Full Time,Large,15 Days,2,130000
Raipur,12th Pass,Customer Support,Part Time,Medium,30 Days,8,18000
Dalli-Rajhara,MA,HR Executive,Full Time,Small,3 Months,6,82000
Bemetra,12th Pass,Accountant,Full Time,Small,30 Days,3,21000
Bilaspur,B.Com,HR Executive,Full Time,Small,30 Days,1,31000
Bhatapara,10th Pass,Customer Support,Contract,Large,45 Days,0,13000
Mungeli,Diploma,Accountant,Full Time,Medium,30 Days,7,51000
Sakti,12th Pass,Content Writer,Full Time,Medium,15 Days,4,27000
Dhamtari,10th Pass,Computer Operator,Part Time,Medium,15 Days,3,12000
Korba,BA,Business Analyst,Full Time,Small,45 Days,12,89000
Tilda Newra,BCA,Account Manager,Full Time,Large,2 Months,4,102000
Dalli-Rajhara,12th Pass,Content Writer,Contract,Large,30 Days,5,28000
Sakti,M.Com,HR Executive,Part Time,Small,45 Days,16,86000
Bilaspur,10th Pass,Customer Support,Full Time,Medium,15 Days,7,18000
Ambikapur,BA,Business Analyst,Full Time,Small,30 Days,5,56000
Bhilai,B.Com,Sales Executive,Full Time,Small,15 Days,1,38000
Sakti,10th Pass,Sales Executive,Part Time,Small,45 Days,5,12000
Chirmiri,Diploma,Customer Support,Contract,Large,15 Days,10,43000
Chirmiri,10th Pass,Computer Operator,Part Time,Large,45 Days,6,12000
Mungeli,M.Com,MIS Executive,Intern,Large,2 Months,9,74000
Chirmiri,Diploma,Accountant,Full Time,Small,3 Months,7,38000
Sakti,BBA,Account Manager,Full Time,Small,Immediately,3,70000
Sakti,BA,HR Executive,Part Time,Large,15 Days,4,34000
Chirmiri,BA,HR Executive,Part Time,Medium,Immediately,0,20000
Korba,10th Pass,Computer Operator,Contract,Large,45 Days,4,15000
Sakti,BBA,Accountant,Full Time,Small,Immediately,1,48000
Korba,M.Com,MIS Executive,Full Time,Medium,3 Months,11,150000
Durg,BA,Business Analyst,Contract,Medium,45 Days,15,92000
Bhatapara,MA,Account Manager,Full Time,Large,3 Months,15,150000
Ambikapur,MBA,Business Analyst,Full Time,Small,30 Days,18,150000
Tilda Newra,MBA,MIS Executive,Contract,Medium,Immediately,1,94000
Bhatapara,M.Com,HR Executive,Full Time,Medium,45 Days,9,111000
Raigarh,BBA,Sales Executive,Full Time,Large,45 Days,7,103000
Jagdalpur,BCA,Account Manager,Part Time,Medium,3 Months,7,69000
Durg,BBA,Accountant,Full Time,Medium,30 Days,2,57000
Raigarh,BBA,Digital Marketing Executive,Full Time,Medium,45 Days,10,89000
Dhamtari,MA,Digital Marketing Executive,Full Time,Medium,45 Days,5,97000
Bemetra,Diploma,Sales Executive,Full Time,Medium,2 Months,12,58000
Bilaspur,MBA,Account Manager,Full Time,Medium,Immediately,15,150000
Bhatapara,MA,Digital Marketing Executive,Full Time,Medium,45 Days,9,124000
Bhatapara,12th Pass,Computer Operator,Intern,Large,30 Days,7,12000
Mungeli,10th Pass,Computer Operator,Full Time,Small,2 Months,7,16000
Ambikapur,B.Com,Sales Executive,Full Time,Medium,15 Days,0,42000
Naila Janjgir,BA,Customer Support,Part Time,Small,15 Days,0,14000
Mahasamund,Diploma,Content Writer,Full Time,Large,30 Days,1,33000
Bhilai,10th Pass,Computer Operator,Full Time,Large,30 Days,3,16000
Ambikapur,MBA,Account Manager,Intern,Large,15 Days,4,79000
Dalli-Rajhara,MBA,Digital Marketing Executive,Full Time,Medium,3 Months,13,150000
Bhilai,M.Com,Sales Executive,Full Time,Medium,15 Days,3,96000
Tilda Newra,M.Com,Business Analyst,Full Time,Medium,3 Months,19,150000
Chirmiri,B.Com,Sales Executive,Part Time,Medium,30 Days,7,43000
Bhatapara,BCA,MIS Executive,Full Time,Large,2 Months,3,86000
Rajnandgaon,B.Com,Digital Marketing Executive,Full Time,Large,3 Months,5,71000
Jagdalpur,M.Com,MIS Executive,Intern,Medium,15 Days,9,61000
Raigarh,MBA,MIS Executive,Full Time,Large,2 Months,8,150000
Tilda Newra,BBA,Digital Marketing Executive,Contract,Medium,3 Months,7,92000
Naila Janjgir,M.Com,MIS Executive,Full Time,Large,30 Days,9,150000
Mahasamund,B.Com,Digital Marketing Executive,Part Time,Medium,Immediately,0,27000
Durg,BA,MIS Executive,Full Time,Large,3 Months,6,73000
Jagdalpur,12th Pass,Sales Executive,Full Time,Large,45 Days,2,35000
Dalli-Rajhara,MA,HR Executive,Part Time,Medium,3 Months,7,58000
Raipur,10th Pass,Customer Support,Full Time,Large,30 Days,5,18000
Bhatapara,B.Com,HR Executive,Full Time,Medium,15 Days,2,49000
Tilda Newra,B.Com,HR Executive,Full Time,Large,2 Months,5,78000
Raipur,12th Pass,Customer Support,Full Time,Small,45 Days,1,14000
Durg,12th Pass,Customer Support,Full Time,Large,15 Days,0,21000
Chirmiri,M.Com,Digital Marketing Executive,Full Time,Medium,30 Days,6,121000
Raigarh,M.Com,Business Analyst,Intern,Small,2 Months,10,63000
Mungeli,BBA,Sales Executive,Full Time,Small,30 Days,4,51000
Korba,MA,Account Manager,Intern,Large,45 Days,8,63000
Raigarh,B.Com,Account Manager,Full Time,Medium,15 Days,7,88000
Manendragarh,MA,HR Executive,Full Time,Large,2 Months,6,118000
Raigarh,10th Pass,Sales Executive,Part Time,Small,15 Days,3,12000
Ambikapur,B.Com,Digital Marketing Executive,Part Time,Medium,30 Days,7,45000
Korba,Diploma,Computer Operator,Contract,Large,45 Days,12,41000
Mungeli,BBA,Accountant,Part Time,Small,Immediately,0,27000
Mungeli,12th Pass,Customer Support,Full Time,Medium,15 Days,0,16000
Jagdalpur,12th Pass,Customer Support,Full Time,Medium,2 Months,8,31000
Bilaspur,MBA,Business Analyst,Full Time,Small,3 Months,10,150000
Dhamtari,BCA,Sales Executive,Full Time,Small,45 Days,10,78000
Bilaspur,BA,Account Manager,Full Time,Small,3 Months,3,48000
Dalli-Rajhara,B.Com,Business Analyst,Full Time,Medium,2 Months,8,97000
Mahasamund,12th Pass,Computer Operator,Intern,Large,45 Days,5,10000
Chirmiri,12th Pass,Customer Support,Contract,Medium,45 Days,8,28000
Manendragarh,Diploma,Content Writer,Full Time,Small,Immediately,0,19000
Naila Janjgir,10th Pass,Computer Operator,Part Time,Medium,45 Days,3,12000
Mahasamund,Diploma,Computer Operator,Full Time,Medium,3 Months,9,35000
Chirmiri,MBA,HR Executive,Intern,Large,2 Months,4,58000
Dhamtari,10th Pass,Customer Support,Part Time,Medium,30 Days,1,12000
Chirmiri,BCA,MIS Executive,Full Time,Large,15 Days,14,140000
Chirmiri,BBA,HR Executive,Full Time,Large,15 Days,11,101000
Durg,MBA,Digital Marketing Executive,Full Time,Large,30 Days,3,141000
Mungeli,BBA,Digital Marketing Executive,Full Time,Large,30 Days,7,129000
Bhatapara,BCA,Account Manager,Full Time,Large,30 Days,7,119000
Jagdalpur,12th Pass,Computer Operator,Full Time,Large,45 Days,3,21000
Durg,MA,Account Manager,Contract,Small,45 Days,1,64000
Korba,10th Pass,Sales Executive,Full Time,Small,15 Days,7,21000
Chirmiri,10th Pass,Sales Executive,Intern,Medium,Immediately,1,8000
Raipur,BA,Account Manager,Full Time,Small,3 Months,7,61000
Bhilai,B.Com,HR Executive,Contract,Small,30 Days,11,52000
Mungeli,B.Com,Sales Executive,Full Time,Large,30 Days,6,86000
Dalli-Rajhara,Diploma,Sales Executive,Full Time,Small,3 Months,3,31000
Naila Janjgir,B.Com,Digital Marketing Executive,Contract,Small,45 Days,3,45000
Bemetra,BCA,Business Analyst,Part Time,Medium,2 Months,15,99000
Bhatapara,BA,Business Analyst,Contract,Large,2 Months,6,79000
Dhamtari,12th Pass,Accountant,Full Time,Small,3 Months,5,31000
Raigarh,12th Pass,Computer Operator,Full Time,Medium,30 Days,3,19000
Rajnandgaon,BBA,HR Executive,Full Time,Small,45 Days,2,46000
Korba,BBA,Digital Marketing Executive,Full Time,Small,30 Days,6,64000
Naila Janjgir,12th Pass,Computer Operator,Intern,Large,3 Months,3,8000
Durg,10th Pass,Sales Executive,Full Time,Small,30 Days,2,14000
Raigarh,MA,Account Manager,Full Time,Medium,45 Days,14,150000
Durg,MA,Account Manager,Intern,Medium,30 Days,7,50000
Mahasamund,10th Pass,Customer Support,Full Time,Medium,2 Months,2,13000
Raigarh,BBA,Digital Marketing Executive,Full Time,Medium,2 Months,11,99000
Bhilai,M.Com,Business Analyst,Full Time,Large,45 Days,16,150000
Rajnandgaon,BCA,MIS Executive,Full Time,Large,3 Months,11,150000
Jagdalpur,MBA,MIS Executive,Part Time,Small,45 Days,8,77000
Dhamtari,B.Com,Customer Support,Contract,Large,15 Days,0,34000
Bhatapara,12th Pass,Customer Support,Full Time,Small,30 Days,4,20000
Dalli-Rajhara,MA,Business Analyst,Full Time,Large,15 Days,10,150000
Bhatapara,10th Pass,Customer Support,Full Time,Small,45 Days,2,12000
Tilda Newra,Diploma,Sales Executive,Full Time,Medium,30 Days,12,64000
Raigarh,10th Pass,Computer Operator,Full Time,Large,15 Days,2,15000
Bhilai,Diploma,Accountant,Full Time,Large,15 Days,6,58000
Ambikapur,M.Com,Digital Marketing Executive,Intern,Large,3 Months,5,56000
Korba,10th Pass,Sales Executive,Part Time,Medium,30 Days,4,12000
Bhatapara,B.Com,MIS Executive,Intern,Large,30 Days,7,39000
Dhamtari,10th Pass,Computer Operator,Contract,Large,15 Days,2,13000
Naila Janjgir,Diploma,Content Writer,Part Time,Large,15 Days,2,22000
Durg,BBA,Accountant,Part Time,Medium,Immediately,1,32000
Bilaspur,12th Pass,Computer Operator,Full Time,Small,45 Days,1,13000
Bhilai,MBA,Digital Marketing Executive,Full Time,Medium,15 Days,8,150000
Durg,10th Pass,Computer Operator,Full Time,Small,3 Months,5,12000
Raipur,12th Pass,Accountant,Contract,Medium,Immediately,4,30000
Durg,MA,HR Executive,Full Time,Large,2 Months,6,113000
Mahasamund,BBA,MIS Executive,Full Time,Medium,2 Months,6,93000
Manendragarh,BA,Customer Support,Contract,Large,Immediately,1,30000
Bhilai,MBA,MIS Executive,Full Time,Medium,30 Days,1,113000
Jagdalpur,MA,HR Executive,Contract,Small,3 Months,16,117000
Sakti,BA,Sales Executive,Full Time,Medium,15 Days,7,55000
Sakti,MA,HR Executive,Full Time,Small,3 Months,7,88000
Chirmiri,M.Com,MIS Executive,Contract,Medium,2 Months,13,150000
Mahasamund,B.Com,Business Analyst,Contract,Large,45 Days,10,111000
Bilaspur,M.Com,Digital Marketing Executive,Part Time,Large,45 Days,8,104000
Jagdalpur,MBA,MIS Executive,Full Time,Medium,15 Days,4,138000
Naila Janjgir,Diploma,Computer Operator,Full Time,Small,2 Months,6,28000
Chirmiri,BCA,HR Executive,Full Time,Small,45 Days,7,64000
Mungeli,12th Pass,Computer Operator,Part Time,Medium,15 Days,0,12000
Chirmiri,10th Pass,Sales Executive,Part Time,Medium,3 Months,8,16000
Bilaspur,BBA,Business Analyst,Full Time,Medium,30 Days,3,83000
Korba,MA,MIS Executive,Full Time,Small,2 Months,10,103000
Tilda Newra,BCA,Accountant,Contract,Medium,15 Days,1,52000
Bhilai,BCA,Business Analyst,Full Time,Small,2 Months,6,84000
Ambikapur,B.Com,Digital Marketing Executive,Full Time,Small,3 Months,10,86000
Bhatapara,MA,Account Manager,Full Time,Medium,Immediately,7,122000
Bhilai,MBA,Account Manager,Contract,Medium,30 Days,4,132000
Naila Janjgir,MA,Business Analyst,Full Time,Small,2 Months,8,130000
Durg,MA,Digital Marketing Executive,Contract,Large,15 Days,1,74000
Sakti,Diploma,Accountant,Full Time,Large,15 Days,1,37000
Jagdalpur,12th Pass,Content Writer,Full Time,Medium,3 Months,6,29000
Chirmiri,12th Pass,Computer Operator,Full Time,Medium,3 Months,6,21000
Sakti,BBA,MIS Executive,Full Time,Small,3 Months,12,95000
Raipur,B.Com,Digital Marketing Executive,Full Time,Large,30 Days,6,90000
Naila Janjgir,M.Com,HR Executive,Full Time,Medium,15 Days,1,71000
Dalli-Rajhara,10th Pass,Computer Operator,Full Time,Medium,15 Days,4,12000
Mungeli,BA,Business Analyst,Full Time,Large,3 Months,7,88000
Dalli-Rajhara,B.Com,Sales Executive,Part Time,Medium,Immediately,4,33000
Raigarh,10th Pass,Customer Support,Full Time,Medium,15 Days,5,15000
Bemetra,BA,Digital Marketing Executive,Full Time,Large,2 Months,14,112000
Bilaspur,BBA,Account Manager,Full Time,Small,2 Months,7,76000
Ambikapur,BCA,Sales Executive,Full Time,Medium,2 Months,11,104000
Bemetra,Diploma,Sales Executive,Intern,Small,3 Months,5,14000
Mahasamund,Diploma,Customer Support,Intern,Large,15 Days,6,17000
Rajnandgaon,12th Pass,Accountant,Full Time,Large,45 Days,5,38000
Rajnandgaon,BBA,Content Writer,Contract,Small,Immediately,0,33000
Dalli-Rajhara,MA,Business Analyst,Full Time,Medium,45 Days,6,132000
Durg,MA,HR Executive,Full Time,Small,2 Months,8,85000
Sakti,BBA,MIS Executive,Full Time,Small,30 Days,15,111000
Manendragarh,BBA,Digital Marketing Executive,Part Time,Medium,45 Days,2,40000
Ambikapur,10th Pass,Sales Executive,Full Time,Small,45 Days,5,19000
Manendragarh,BA,Sales Executive,Full Time,Large,15 Days,2,54000
Bemetra,12th Pass,Customer Support,Full Time,Medium,30 Days,3,21000
Raigarh,MBA,Account Manager,Intern,Small,30 Days,11,83000
Durg,M.Com,HR Executive,Full Time,Small,15 Days,13,115000
Ambikapur,M.Com,HR Executive,Full Time,Medium,Immediately,16,150000
Ambikapur,12th Pass,Customer Support,Full Time,Medium,30 Days,2,20000
Chirmiri,10th Pass,Computer Operator,Full Time,Small,15 Days,2,12000
Chirmiri,BCA,MIS Executive,Full Time,Small,30 Days,3,51000
Tilda Newra,M.Com,MIS Executive,Contract,Medium,30 Days,10,131000
Dalli-Rajhara,12th Pass,Sales Executive,Full Time,Medium,2 Months,9,39000
Naila Janjgir,Diploma,Customer Support,Intern,Medium,15 Days,4,12000
Sakti,MBA,Digital Marketing Executive,Full Time,Small,30 Days,9,150000
Korba,BBA,Sales Executive,Full Time,Large,3 Months,6,101000
Mungeli,10th Pass,Sales Executive,Contract,Large,30 Days,5,24000
Sakti,B.Com,Sales Executive,Part Time,Medium,Immediately,1,25000
Tilda Newra,MA,Account Manager,Full Time,Large,30 Days,1,97000
Rajnandgaon,12th Pass,Customer Support,Full Time,Medium,3 Months,6,24000
Mungeli,MBA,HR Executive,Full Time,Small,2 Months,10,150000
Rajnandgaon,BBA,HR Executive,Full Time,Small,15 Days,0,37000
Bhilai,10th Pass,Sales Executive,Full Time,Medium,30 Days,3,20000
Mungeli,Diploma,Accountant,Contract,Large,15 Days,0,34000
Durg,10th Pass,Customer Support,Full Time,Small,45 Days,0,12000
Bemetra,10th Pass,Sales Executive,Full Time,Large,45 Days,4,28000
Sakti,12th Pass,Computer Operator,Full Time,Small,30 Days,6,22000
Raipur,BBA,Sales Executive,Full Time,Small,2 Months,5,58000
Korba,BBA,HR Executive,Contract,Large,45 Days,3,67000
Sakti,MBA,Account Manager,Part Time,Large,30 Days,5,142000
Dhamtari,B.Com,Sales Executive,Full Time,Medium,2 Months,7,62000
Jagdalpur,12th Pass,Sales Executive,Full Time,Medium,15 Days,0,21000
Raigarh,Diploma,Customer Support,Full Time,Medium,30 Days,7,36000
Dalli-Rajhara,M.Com,MIS Executive,Part Time,Small,15 Days,18,111000
Bhilai,BBA,Content Writer,Part Time,Small,Immediately,0,19000
Bemetra,M.Com,Digital Marketing Executive,Full Time,Medium,3 Months,14,150000
Tilda Newra,BA,Account Manager,Full Time,Small,2 Months,5,54000
Ambikapur,BCA,Business Analyst,Intern,Small,45 Days,3,29000
Dalli-Rajhara,10th Pass,Computer Operator,Full Time,Small,30 Days,5,12000
Mahasamund,BA,Sales Executive,Full Time,Small,45 Days,4,38000
Durg,MA,Digital Marketing Executive,Full Time,Medium,30 Days,6,108000
Ambikapur,M.Com,Account Manager,Full Time,Medium,30 Days,14,150000
Bilaspur,BCA,Accountant,Contract,Large,Immediately,0,55000
Manendragarh,BA,Accountant,Full Time,Large,45 Days,1,44000
Bhatapara,BA,Content Writer,Full Time,Medium,2 Months,2,35000
Sakti,MBA,HR Executive,Full Time,Large,3 Months,6,150000
Sakti,10th Pass,Computer Operator,Part Time,Small,15 Days,0,12000
Bhatapara,B.Com,Accountant,Full Time,Medium,15 Days,0,38000
Raigarh,B.Com,Sales Executive,Full Time,Small,3 Months,8,62000
Naila Janjgir,B.Com,MIS Executive,Full Time,Large,15 Days,3,73000
Manendragarh,M.Com,MIS Executive,Intern,Medium,2 Months,10,60000
Raipur,12th Pass,Customer Support,Part Time,Medium,15 Days,0,12000
Mahasamund,BBA,MIS Executive,Full Time,Large,15 Days,11,150000
Dalli-Rajhara,12th Pass,Content Writer,Contract,Small,2 Months,3,18000
Ambikapur,M.Com,Account Manager,Full Time,Medium,2 Months,12,150000
Bemetra,BCA,MIS Executive,Contract,Medium,30 Days,8,76000
Naila Janjgir,BCA,MIS Executive,Full Time,Large,2 Months,11,122000
Ambikapur,BCA,Sales Executive,Part Time,Small,15 Days,0,24000
Chirmiri,BCA,Digital Marketing Executive,Part Time,Small,45 Days,6,44000
Bilaspur,MA,MIS Executive,Contract,Medium,30 Days,4,79000
Rajnandgaon,Diploma,Computer Operator,Intern,Small,30 Days,12,16000
Bhatapara,MBA,Business Analyst,Part Time,Medium,15 Days,8,138000
Jagdalpur,10th Pass,Sales Executive,Full Time,Medium,Immediately,8,27000
Korba,M.Com,MIS Executive,Full Time,Small,45 Days,2,74000
Dalli-Rajhara,MA,Account Manager,Full Time,Small,3 Months,6,103000
Korba,BA,HR Executive,Full Time,Medium,15 Days,1,37000
Manendragarh,MBA,Business Analyst,Full Time,Small,2 Months,14,150000
Jagdalpur,10th Pass,Sales Executive,Full Time,Small,3 Months,2,15000
Manendragarh,BCA,Account Manager,Part Time,Large,30 Days,7,66000
Dalli-Rajhara,BA,MIS Executive,Intern,Small,2 Months,3,16000
Jagdalpur,BBA,Sales Executive,Full Time,Small,30 Days,4,51000
Naila Janjgir,MA,HR Executive,Full Time,Small,30 Days,6,80000
Dalli-Rajhara,BBA,Account Manager,Full Time,Large,45 Days,11,144000
Mahasamund,Diploma,Computer Operator,Full Time,Medium,3 Months,7,35000
Manendragarh,B.Com,Accountant,Intern,Small,30 Days,1,16000
Sakti,12th Pass,Sales Executive,Full Time,Medium,2 Months,5,31000
Sakti,MBA,MIS Executive,Full Time,Large,30 Days,15,150000
Bilaspur,12th Pass,Customer Support,Full Time,Small,30 Days,5,23000
Bhatapara,12th Pass,Computer Operator,Intern,Medium,2 Months,3,8000
Dhamtari,10th Pass,Computer Operator,Full Time,Small,2 Months,1,12000
Raigarh,BA,HR Executive,Part Time,Large,3 Months,3,27000
Durg,MA,Account Manager,Full Time,Small,15 Days,8,117000
Bilaspur,10th Pass,Sales Executive,Part Time,Medium,45 Days,6,12000
Jagdalpur,12th Pass,Content Writer,Full Time,Small,Immediately,6,23000
Rajnandgaon,BCA,Customer Support,Intern,Large,15 Days,0,18000
Chirmiri,BA,HR Executive,Full Time,Small,45 Days,6,40000
Rajnandgaon,Diploma,Accountant,Full Time,Large,15 Days,3,44000
Dalli-Rajhara,BCA,Content Writer,Contract,Large,30 Days,0,45000
Chirmiri,BA,Sales Executive,Intern,Large,30 Days,3,21000
Mahasamund,12th Pass,Computer Operator,Full Time,Large,45 Days,5,28000
Mungeli,12th Pass,Sales Executive,Full Time,Medium,45 Days,11,44000
Ambikapur,Diploma,Computer Operator,Full Time,Large,15 Days,3,32000
Bhatapara,BCA,HR Executive,Part Time,Large,2 Months,5,47000
Korba,BCA,Business Analyst,Full Time,Large,15 Days,5,119000
Durg,MBA,MIS Executive,Full Time,Medium,30 Days,4,147000
Bemetra,BA,HR Executive,Full Time,Medium,30 Days,2,39000
Bhilai,Diploma,Accountant,Full Time,Small,3 Months,12,46000
Bemetra,MBA,HR Executive,Full Time,Large,Immediately,4,150000
Bilaspur,BBA,Digital Marketing Executive,Full Time,Large,3 Months,6,112000
Manendragarh,MA,Account Manager,Full Time,Small,2 Months,10,137000
Raipur,BBA,MIS Executive,Full Time,Medium,45 Days,12,125000
Mungeli,B.Com,Content Writer,Part Time,Small,30 Days,0,16000
Durg,M.Com,Account Manager,Contract,Medium,2 Months,7,126000
Jagdalpur,MBA,Digital Marketing Executive,Part Time,Large,3 Months,11,150000
Ambikapur,BA,Account Manager,Full Time,Large,30 Days,9,94000
Manendragarh,BCA,Digital Marketing Executive,Full Time,Medium,15 Days,3,64000
Bhilai,Diploma,Accountant,Full Time,Small,3 Months,4,38000
Sakti,BBA,Account Manager,Full Time,Large,2 Months,3,86000
Dalli-Rajhara,BCA,Business Analyst,Full Time,Large,3 Months,10,150000
Manendragarh,M.Com,Account Manager,Full Time,Small,45 Days,9,145000
Tilda Newra,10th Pass,Sales Executive,Full Time,Medium,45 Days,4,20000
Raipur,Diploma,Accountant,Full Time,Large,15 Days,5,56000
Ambikapur,10th Pass,Computer Operator,Intern,Large,30 Days,2,8000
Mahasamund,BBA,Business Analyst,Full Time,Medium,Immediately,6,100000
Ambikapur,Diploma,Accountant,Intern,Medium,30 Days,1,11000
Bhilai,B.Com,Digital Marketing Executive,Part Time,Medium,2 Months,3,37000
Mahasamund,M.Com,Digital Marketing Executive,Full Time,Small,3 Months,16,150000
Bhatapara,10th Pass,Computer Operator,Full Time,Small,15 Days,4,12000
Manendragarh,MA,Account Manager,Intern,Large,2 Months,10,85000
Raipur,M.Com,HR Executive,Part Time,Medium,15 Days,1,47000
Raigarh,Diploma,Computer Operator,Full Time,Small,45 Days,4,23000
Jagdalpur,BCA,Business Analyst,Full Time,Large,45 Days,7,139000
Bilaspur,Diploma,Computer Operator,Full Time,Small,30 Days,7,31000
Naila Janjgir,MBA,MIS Executive,Full Time,Medium,30 Days,4,145000
Bemetra,M.Com,Sales Executive,Part Time,Small,2 Months,2,46000
Bilaspur,M.Com,Digital Marketing Executive,Full Time,Medium,30 Days,14,150000
Naila Janjgir,M.Com,HR Executive,Part Time,Medium,2 Months,16,102000
Sakti,BA,HR Executive,Contract,Small,15 Days,2,29000
Raipur,12th Pass,Computer Operator,Full Time,Medium,2 Months,4,19000
Tilda Newra,MA,Digital Marketing Executive,Full Time,Large,30 Days,10,150000
Korba,MA,Digital Marketing Executive,Contract,Medium,3 Months,9,119000
Naila Janjgir,BCA,Digital Marketing Executive,Contract,Medium,2 Months,5,72000
Naila Janjgir,B.Com,HR Executive,Full Time,Small,30 Days,8,56000
Chirmiri,12th Pass,Accountant,Part Time,Large,3 Months,3,19000
Dhamtari,MBA,MIS Executive,Full Time,Medium,30 Days,9,150000
Bhilai,BBA,Sales Executive,Full Time,Small,30 Days,1,46000
Durg,BBA,Sales Executive,Full Time,Medium,Immediately,4,63000
Naila Janjgir,12th Pass,Computer Operator,Full Time,Medium,15 Days,6,22000
Raigarh,BA,Digital Marketing Executive,Full Time,Large,45 Days,4,59000
Mungeli,M.Com,Business Analyst,Full Time,Small,Immediately,8,139000
Dhamtari,B.Com,Business Analyst,Full Time,Small,15 Days,3,57000
Dhamtari,Diploma,Computer Operator,Full Time,Medium,30 Days,1,22000
Naila Janjgir,MBA,HR Executive,Full Time,Small,2 Months,11,132000
Dalli-Rajhara,M.Com,MIS Executive,Full Time,Large,30 Days,1,111000
Bilaspur,B.Com,MIS Executive,Full Time,Large,3 Months,7,79000
Bemetra,M.Com,MIS Executive,Full Time,Large,15 Days,12,150000
Korba,Diploma,Content Writer,Full Time,Large,3 Months,3,37000
Bemetra,BCA,Business Analyst,Full Time,Small,30 Days,4,69000
Raipur,MBA,Digital Marketing Executive,Full Time,Medium,30 Days,3,124000
Rajnandgaon,M.Com,HR Executive,Full Time,Large,Immediately,1,95000
Mahasamund,M.Com,MIS Executive,Full Time,Large,Immediately,5,130000
Bemetra,Diploma,Content Writer,Full Time,Small,2 Months,1,24000
Rajnandgaon,Diploma,Customer Support,Full Time,Medium,30 Days,8,32000
Manendragarh,BA,Digital Marketing Executive,Contract,Large,2 Months,11,82000
Raigarh,MA,Account Manager,Intern,Large,15 Days,3,51000
Bemetra,BA,Account Manager,Full Time,Large,15 Days,10,97000
Jagdalpur,M.Com,HR Executive,Full Time,Large,2 Months,3,114000
Chirmiri,Diploma,Computer Operator,Full Time,Medium,15 Days,4,27000
Bemetra,BCA,HR Executive,Part Time,Medium,2 Months,14,55000
Bilaspur,B.Com,Digital Marketing Executive,Full Time,Small,45 Days,7,67000
Jagdalpur,M.Com,Digital Marketing Executive,Full Time,Small,2 Months,8,140000
Naila Janjgir,BA,Account Manager,Full Time,Medium,30 Days,3,55000
Mungeli,B.Com,Sales Executive,Contract,Medium,3 Months,12,89000
Jagdalpur,B.Com,Digital Marketing Executive,Intern,Medium,30 Days,3,24000
Sakti,10th Pass,Sales Executive,Part Time,Medium,Immediately,4,13000
Rajnandgaon,MBA,MIS Executive,Contract,Medium,2 Months,2,110000
Korba,10th Pass,Customer Support,Full Time,Medium,3 Months,5,16000
Mahasamund,Diploma,Content Writer,Full Time,Medium,30 Days,2,30000
Durg,Diploma,Sales Executive,Full Time,Small,2 Months,7,39000
Chirmiri,MBA,Account Manager,Full Time,Small,45 Days,13,150000
Tilda Newra,BCA,Digital Marketing Executive,Contract,Small,15 Days,0,43000
Dhamtari,M.Com,Account Manager,Contract,Large,Immediately,1,101000
Bhilai,10th Pass,Customer Support,Full Time,Large,2 Months,1,16000
Raigarh,10th Pass,Sales Executive,Part Time,Small,30 Days,8,16000
Bhilai,BBA,Digital Marketing Executive,Full Time,Small,30 Days,9,82000
Manendragarh,B.Com,MIS Executive,Full Time,Large,3 Months,7,87000
Sakti,MA,HR Executive,Full Time,Medium,2 Months,6,84000
Korba,MBA,HR Executive,Full Time,Large,3 Months,10,150000
Bilaspur,BA,Digital Marketing Executive,Full Time,Medium,Immediately,1,40000
Manendragarh,BA,Digital Marketing Executive,Contract,Small,45 Days,10,63000
Bhatapara,M.Com,Digital Marketing Executive,Part Time,Large,15 Days,1,69000
Durg,BCA,Sales Executive,Full Time,Small,Immediately,4,52000
Mahasamund,Diploma,Computer Operator,Full Time,Medium,45 Days,2,24000
Dhamtari,M.Com,HR Executive,Contract,Small,Immediately,6,80000
Bhilai,Diploma,Customer Support,Full Time,Large,3 Months,5,43000
Jagdalpur,Diploma,Computer Operator,Full Time,Medium,15 Days,1,20000
Sakti,Diploma,Computer Operator,Full Time,Medium,45 Days,7,30000
Dhamtari,BCA,Digital Marketing Executive,Contract,Medium,30 Days,5,71000
Ambikapur,10th Pass,Computer Operator,Full Time,Large,3 Months,4,18000
Rajnandgaon,MBA,MIS Executive,Full Time,Large,15 Days,5,150000
Bemetra,BA,Digital Marketing Executive,Contract,Small,3 Months,9,52000
Tilda Newra,10th Pass,Sales Executive,Full Time,Large,2 Months,3,25000
Ambikapur,Diploma,Content Writer,Full Time,Small,45 Days,8,35000
Durg,Diploma,Accountant,Full Time,Large,30 Days,0,35000
Chirmiri,BCA,MIS Executive,Intern,Large,2 Months,5,45000
Rajnandgaon,MBA,HR Executive,Full Time,Medium,45 Days,8,150000
Bhatapara,12th Pass,Content Writer,Part Time,Large,15 Days,0,13000
Raigarh,10th Pass,Computer Operator,Full Time,Medium,3 Months,3,12000
Bemetra,BA,Customer Support,Contract,Small,30 Days,2,24000
Mungeli,MA,Account Manager,Full Time,Small,Immediately,2,74000
Bhilai,B.Com,Sales Executive,Full Time,Medium,15 Days,12,87000
Bemetra,Diploma,Sales Executive,Full Time,Small,45 Days,5,39000
Rajnandgaon,BCA,HR Executive,Full Time,Large,3 Months,7,94000
Bilaspur,12th Pass,Customer Support,Full Time,Small,30 Days,8,23000
Dhamtari,Diploma,Customer Support,Contract,Medium,15 Days,1,22000
Bhilai,MBA,Account Manager,Full Time,Medium,30 Days,1,128000
Dalli-Rajhara,MBA,Digital Marketing Executive,Full Time,Large,2 Months,4,150000
Sakti,12th Pass,Content Writer,Contract,Large,3 Months,9,41000
Ambikapur,12th Pass,Accountant,Contract,Large,15 Days,0,24000
Manendragarh,MA,MIS Executive,Part Time,Medium,30 Days,6,67000
Bilaspur,BBA,Sales Executive,Part Time,Medium,Immediately,0,31000
Mahasamund,MA,Account Manager,Part Time,Medium,45 Days,3,54000
Rajnandgaon,Diploma,Sales Executive,Intern,Small,15 Days,3,12000
Jagdalpur,MA,Business Analyst,Full Time,Large,45 Days,12,150000
Jagdalpur,BA,Digital Marketing Executive,Full Time,Large,2 Months,7,79000
Raigarh,MBA,Digital Marketing Executive,Full Time,Large,30 Days,2,149000
Raigarh,BCA,Content Writer,Contract,Medium,Immediately,0,33000
Bhatapara,BA,HR Executive,Full Time,Small,30 Days,0,25000
Mahasamund,Diploma,Content Writer,Full Time,Small,30 Days,5,30000
Rajnandgaon,12th Pass,Accountant,Full Time,Small,3 Months,10,35000
Durg,Diploma,Computer Operator,Full Time,Small,45 Days,3,24000
Bilaspur,BA,Sales Executive,Full Time,Medium,30 Days,3,38000
Chirmiri,BCA,Content Writer,Full Time,Large,15 Days,1,59000
Bhatapara,10th Pass,Customer Support,Contract,Small,Immediately,2,12000
Dalli-Rajhara,MA,Account Manager,Full Time,Medium,45 Days,14,150000
Tilda Newra,B.Com,Digital Marketing Executive,Full Time,Large,45 Days,5,81000
Bilaspur,12th Pass,Accountant,Full Time,Large,Immediately,3,39000
Tilda Newra,M.Com,Digital Marketing Executive,Part Time,Small,15 Days,5,67000
Tilda Newra,B.Com,MIS Executive,Full Time,Large,30 Days,7,94000
Mungeli,B.Com,HR Executive,Full Time,Large,45 Days,11,91000
Chirmiri,BBA,HR Executive,Full Time,Medium,3 Months,13,103000
Durg,B.Com,Account Manager,Full Time,Large,3 Months,7,101000
Bilaspur,MA,MIS Executive,Full Time,Medium,3 Months,2,72000
Bhilai,M.Com,Account Manager,Full Time,Medium,2 Months,7,150000
Dhamtari,10th Pass,Customer Support,Part Time,Large,3 Months,5,12000
Jagdalpur,M.Com,Account Manager,Full Time,Small,30 Days,9,129000
Rajnandgaon,BCA,Accountant,Full Time,Large,2 Months,2,71000
Durg,BBA,HR Executive,Full Time,Small,Immediately,7,73000
Dalli-Rajhara,10th Pass,Computer Operator,Full Time,Medium,Immediately,1,12000
Dhamtari,M.Com,Digital Marketing Executive,Full Time,Large,2 Months,16,150000
Dalli-Rajhara,Diploma,Content Writer,Full Time,Medium,3 Months,15,58000
Korba,Diploma,Customer Support,Full Time,Large,2 Months,1,29000
Durg,MA,MIS Executive,Full Time,Large,30 Days,15,150000
Mungeli,Diploma,Customer Support,Full Time,Small,45 Days,3,24000
Dhamtari,10th Pass,Customer Support,Full Time,Medium,15 Days,3,16000
Mahasamund,BCA,HR Executive,Full Time,Small,2 Months,7,62000
Mahasamund,Diploma,Sales Executive,Full Time,Large,45 Days,11,66000
Naila Janjgir,MBA,Account Manager,Full Time,Medium,Immediately,1,132000
Bemetra,BA,HR Executive,Full Time,Large,2 Months,2,47000
Mungeli,MBA,Account Manager,Part Time,Medium,45 Days,1,76000
Raipur,B.Com,HR Executive,Full Time,Small,2 Months,5,48000
Sakti,12th Pass,Accountant,Full Time,Medium,30 Days,5,35000
Bhatapara,BBA,Sales Executive,Full Time,Medium,2 Months,10,93000
Sakti,MA,Digital Marketing Executive,Full Time,Large,30 Days,12,150000
Manendragarh,Diploma,Accountant,Full Time,Large,45 Days,3,47000
Durg,BA,Digital Marketing Executive,Intern,Small,Immediately,4,16000
Korba,BA,MIS Executive,Full Time,Small,15 Days,7,50000
Dalli-Rajhara,BCA,HR Executive,Full Time,Large,3 Months,5,81000
Naila Janjgir,B.Com,Account Manager,Full Time,Small,3 Months,9,74000
Bilaspur,Diploma,Accountant,Intern,Medium,3 Months,6,17000
Mungeli,MBA,Sales Executive,Full Time,Large,30 Days,4,150000
Korba,B.Com,HR Executive,Full Time,Small,45 Days,5,44000
Korba,10th Pass,Customer Support,Contract,Medium,2 Months,3,12000
Manendragarh,Diploma,Customer Support,Full Time,Small,2 Months,4,24000
Dhamtari,Diploma,Customer Support,Full Time,Large,30 Days,6,46000
Dalli-Rajhara,BBA,MIS Executive,Full Time,Medium,30 Days,7,84000
Dhamtari,M.Com,Digital Marketing Executive,Full Time,Small,2 Months,10,123000
Ambikapur,12th Pass,Sales Executive,Full Time,Medium,Immediately,6,37000
Bilaspur,10th Pass,Customer Support,Full Time,Large,45 Days,6,21000
Dhamtari,MBA,HR Executive,Full Time,Large,30 Days,13,150000
Bhatapara,Diploma,Content Writer,Full Time,Large,30 Days,7,55000
Rajnandgaon,BCA,Accountant,Full Time,Medium,Immediately,2,54000
Dhamtari,B.Com,Business Analyst,Full Time,Large,3 Months,6,103000
Raigarh,BA,Digital Marketing Executive,Part Time,Large,3 Months,5,41000
Jagdalpur,BCA,Digital Marketing Executive,Part Time,Large,45 Days,0,37000
Jagdalpur,Diploma,Accountant,Full Time,Large,3 Months,4,51000
Raigarh,12th Pass,Computer Operator,Full Time,Small,30 Days,10,23000
Dalli-Rajhara,MBA,HR Executive,Intern,Medium,30 Days,4,49000
Bhatapara,BA,HR Executive,Full Time,Large,15 Days,12,95000
Tilda Newra,MA,Account Manager,Contract,Large,3 Months,1,103000
Mungeli,BCA,Accountant,Full Time,Large,30 Days,2,73000
Durg,MBA,MIS Executive,Contract,Small,30 Days,6,124000
Manendragarh,12th Pass,Accountant,Full Time,Small,30 Days,2,24000
Bemetra,12th Pass,Accountant,Full Time,Small,Immediately,4,27000
Rajnandgaon,MA,HR Executive,Full Time,Medium,30 Days,1,60000
Chirmiri,BCA,Account Manager,Contract,Large,15 Days,6,104000
Ambikapur,MBA,Sales Executive,Full Time,Small,Immediately,1,87000
Dhamtari,Diploma,Accountant,Full Time,Large,45 Days,7,51000
Tilda Newra,BBA,Sales Executive,Full Time,Small,2 Months,1,48000
Raigarh,12th Pass,Sales Executive,Full Time,Medium,45 Days,9,40000
Naila Janjgir,BA,Account Manager,Part Time,Small,15 Days,8,37000
Mungeli,BA,Sales Executive,Full Time,Large,45 Days,1,42000
Raigarh,12th Pass,Accountant,Full Time,Medium,30 Days,3,28000
Bhilai,BBA,HR Executive,Full Time,Small,45 Days,1,44000
Jagdalpur,MA,Business Analyst,Full Time,Medium,3 Months,5,122000
Tilda Newra,10th Pass,Customer Support,Full Time,Small,2 Months,3,12000
Bhilai,MA,HR Executive,Full Time,Small,3 Months,7,93000
Korba,MA,Digital Marketing Executive,Contract,Small,15 Days,1,52000
Manendragarh,B.Com,MIS Executive,Full Time,Medium,15 Days,4,59000
Manendragarh,BA,Sales Executive,Full Time,Small,30 Days,2,33000
Ambikapur,MBA,Digital Marketing Executive,Contract,Medium,15 Days,5,128000
Raipur,MBA,HR Executive,Full Time,Large,30 Days,3,135000
Rajnandgaon,MBA,Digital Marketing Executive,Full Time,Medium,2 Months,9,150000
Raigarh,BBA,MIS Executive,Full Time,Large,2 Months,3,79000
Raigarh,M.Com,HR Executive,Full Time,Small,30 Days,10,127000
Naila Janjgir,B.Com,Content Writer,Part Time,Medium,45 Days,2,22000
Tilda Newra,BCA,HR Executive,Full Time,Small,45 Days,1,43000
Rajnandgaon,B.Com,Sales Executive,Contract,Large,Immediately,2,54000
Bilaspur,BBA,Digital Marketing Executive,Full Time,Small,2 Months,4,58000
Bilaspur,BCA,MIS Executive,Full Time,Small,30 Days,3,56000
Ambikapur,BBA,Sales Executive,Part Time,Large,45 Days,6,55000
Bemetra,MA,Business Analyst,Full Time,Large,2 Months,18,150000
Mahasamund,BBA,MIS Executive,Full Time,Large,2 Months,9,126000
Dhamtari,BBA,Sales Executive,Full Time,Small,15 Days,5,63000
Jagdalpur,BA,Business Analyst,Part Time,Small,30 Days,6,33000
Bhatapara,12th Pass,Sales Executive,Full Time,Large,45 Days,2,29000
Sakti,B.Com,HR Executive,Full Time,Small,45 Days,4,47000
Bhatapara,BA,Business Analyst,Full Time,Medium,15 Days,4,66000
Chirmiri,BCA,Business Analyst,Full Time,Small,30 Days,10,112000
Dhamtari,BA,Digital Marketing Executive,Full Time,Large,30 Days,3,56000
Bemetra,M.Com,HR Executive,Full Time,Medium,Immediately,4,92000
Rajnandgaon,B.Com,Account Manager,Full Time,Medium,45 Days,6,80000
Tilda Newra,BCA,Business Analyst,Part Time,Large,30 Days,4,65000
Bhilai,MA,MIS Executive,Full Time,Medium,15 Days,3,80000
Bilaspur,B.Com,Accountant,Contract,Large,Immediately,2,56000
Naila Janjgir,M.Com,Digital Marketing Executive,Intern,Large,3 Months,5,58000
Bhilai,10th Pass,Computer Operator,Full Time,Medium,15 Days,4,13000
Mungeli,Diploma,Sales Executive,Part Time,Large,2 Months,7,36000
Raipur,MA,Digital Marketing Executive,Part Time,Medium,15 Days,8,69000
Mahasamund,MA,HR Executive,Part Time,Large,3 Months,10,86000
Naila Janjgir,BA,HR Executive,Full Time,Medium,30 Days,2,41000
Raigarh,M.Com,HR Executive,Full Time,Large,45 Days,9,136000
Manendragarh,MBA,HR Executive,Intern,Large,Immediately,4,62000
Korba,Diploma,Sales Executive,Part Time,Large,Immediately,0,21000
Bhilai,MBA,Account Manager,Full Time,Large,45 Days,17,150000
Sakti,MBA,Account Manager,Part Time,Medium,45 Days,12,129000
Korba,BCA,MIS Executive,Full Time,Large,30 Days,6,111000
Tilda Newra,M.Com,HR Executive,Contract,Medium,2 Months,9,120000
Dhamtari,BCA,HR Executive,Intern,Small,15 Days,14,34000
Tilda Newra,10th Pass,Computer Operator,Full Time,Small,15 Days,5,12000
Durg,BA,Business Analyst,Full Time,Small,3 Months,3,53000
Bhilai,MBA,MIS Executive,Full Time,Medium,2 Months,6,150000
Bilaspur,BCA,Digital Marketing Executive,Part Time,Large,15 Days,0,40000
Bilaspur,BCA,Business Analyst,Full Time,Small,45 Days,5,87000
Bemetra,BA,Sales Executive,Full Time,Medium,15 Days,7,61000
Bhatapara,BBA,HR Executive,Contract,Small,15 Days,0,33000
Bhatapara,10th Pass,Sales Executive,Full Time,Small,45 Days,4,19000
Bhatapara,BCA,Digital Marketing Executive,Full Time,Large,2 Months,15,135000
Mahasamund,12th Pass,Content Writer,Contract,Large,Immediately,4,27000
Dalli-Rajhara,12th Pass,Computer Operator,Part Time,Medium,15 Days,0,12000
Raigarh,BA,Business Analyst,Full Time,Large,2 Months,8,98000
Dhamtari,Diploma,Sales Executive,Full Time,Small,30 Days,8,48000
Dhamtari,MA,HR Executive,Full Time,Large,30 Days,3,87000
Jagdalpur,10th Pass,Computer Operator,Full Time,Small,45 Days,7,15000
Chirmiri,BBA,Business Analyst,Full Time,Large,30 Days,12,150000
Durg,MA,HR Executive,Full Time,Small,Immediately,3,65000
Mahasamund,BCA,Sales Executive,Contract,Small,3 Months,12,86000
Bemetra,12th Pass,Customer Support,Full Time,Small,30 Days,8,27000
Manendragarh,BCA,Content Writer,Full Time,Small,30 Days,2,43000
Jagdalpur,BBA,Digital Marketing Executive,Full Time,Medium,2 Months,14,126000
Tilda Newra,BA,Customer Support,Part Time,Large,30 Days,0,20000
Bhilai,BA,Sales Executive,Full Time,Large,15 Days,5,68000
Rajnandgaon,MA,MIS Executive,Contract,Small,Immediately,3,69000
Mungeli,MA,Digital Marketing Executive,Full Time,Large,2 Months,16,150000
Tilda Newra,10th Pass,Computer Operator,Full Time,Small,2 Months,7,14000
Jagdalpur,MBA,HR Executive,Full Time,Small,3 Months,8,116000
Ambikapur,M.Com,Digital Marketing Executive,Full Time,Medium,30 Days,15,150000
Mahasamund,BCA,Sales Executive,Full Time,Large,2 Months,7,89000
Bilaspur,Diploma,Sales Executive,Full Time,Large,30 Days,3,47000
Sakti,10th Pass,Sales Executive,Part Time,Medium,30 Days,1,12000
Korba,BCA,HR Executive,Full Time,Medium,Immediately,10,88000
Dalli-Rajhara,12th Pass,Customer Support,Full Time,Large,2 Months,3,27000
Bemetra,MBA,HR Executive,Full Time,Medium,45 Days,16,150000
Raipur,Diploma,Customer Support,Full Time,Medium,45 Days,6,34000
Durg,12th Pass,Computer Operator,Contract,Small,15 Days,0,12000
Bhatapara,MA,HR Executive,Full Time,Medium,30 Days,4,84000
Mungeli,B.Com,Digital Marketing Executive,Full Time,Large,Immediately,9,102000
Sakti,10th Pass,Customer Support,Full Time,Small,Immediately,7,16000
Raipur,B.Com,Content Writer,Full Time,Medium,Immediately,1,34000
Manendragarh,10th Pass,Sales Executive,Full Time,Medium,15 Days,8,23000
Jagdalpur,M.Com,Business Analyst,Full Time,Small,30 Days,12,150000
Raipur,12th Pass,Content Writer,Full Time,Small,2 Months,3,18000
Rajnandgaon,B.Com,Business Analyst,Full Time,Medium,15 Days,7,100000
Raigarh,MBA,HR Executive,Full Time,Small,30 Days,14,142000
Jagdalpur,12th Pass,Computer Operator,Full Time,Large,2 Months,2,23000
Mahasamund,M.Com,Digital Marketing Executive,Full Time,Medium,2 Months,5,124000
Raipur,BBA,MIS Executive,Contract,Small,Immediately,10,89000
Bhilai,B.Com,Accountant,Part Time,Medium,3 Months,1,23000
Manendragarh,BA,Customer Support,Full Time,Large,45 Days,2,37000
Naila Janjgir,12th Pass,Customer Support,Full Time,Small,15 Days,10,31000
Chirmiri,BBA,HR Executive,Full Time,Medium,45 Days,6,68000
Raipur,Diploma,Accountant,Full Time,Medium,2 Months,7,54000
Bemetra,MA,MIS Executive,Full Time,Medium,3 Months,11,150000
Chirmiri,BA,HR Executive,Full Time,Large,30 Days,3,46000
Mungeli,BCA,Sales Executive,Full Time,Small,Immediately,7,77000
Raipur,BA,Digital Marketing Executive,Part Time,Large,30 Days,1,32000
Sakti,MBA,HR Executive,Full Time,Medium,15 Days,12,150000
Raigarh,BBA,MIS Executive,Full Time,Small,30 Days,10,102000
Ambikapur,M.Com,Account Manager,Contract,Small,45 Days,3,79000
Durg,MA,HR Executive,Full Time,Large,Immediately,6,96000
Mungeli,MBA,Business Analyst,Full Time,Large,3 Months,16,150000
Durg,BCA,MIS Executive,Full Time,Large,2 Months,8,113000
Dhamtari,BA,Digital Marketing Executive,Full Time,Large,15 Days,1,46000
Dhamtari,BBA,MIS Executive,Full Time,Medium,45 Days,15,124000
Korba,BA,Sales Executive,Full Time,Small,2 Months,3,41000
Raigarh,MBA,Digital Marketing Executive,Full Time,Large,Immediately,5,150000
Mungeli,M.Com,HR Executive,Full Time,Small,45 Days,10,102000
Ambikapur,MBA,Business Analyst,Contract,Large,15 Days,15,150000
Jagdalpur,10th Pass,Computer Operator,Full Time,Large,15 Days,5,17000
Dalli-Rajhara,B.Com,Sales Executive,Full Time,Small,45 Days,13,73000
Raigarh,BCA,Customer Support,Intern,Medium,45 Days,0,14000
Korba,B.Com,Sales Executive,Full Time,Small,45 Days,7,53000
Durg,BA,HR Executive,Contract,Large,2 Months,7,62000
Bhilai,MBA,Digital Marketing Executive,Full Time,Medium,30 Days,3,129000
Manendragarh,BA,Digital Marketing Executive,Full Time,Medium,30 Days,10,73000
Bilaspur,BBA,Business Analyst,Full Time,Medium,30 Days,8,122000
Mahasamund,BCA,MIS Executive,Full Time,Large,30 Days,6,111000
Raipur,Diploma,Sales Executive,Full Time,Large,30 Days,3,45000
Jagdalpur,10th Pass,Customer Support,Full Time,Large,2 Months,5,20000
Sakti,BCA,Sales Executive,Full Time,Medium,45 Days,10,95000
Bilaspur,12th Pass,Computer Operator,Full Time,Medium,15 Days,7,23000
Raigarh,BBA,Business Analyst,Full Time,Large,Immediately,4,112000
Raigarh,B.Com,Business Analyst,Full Time,Medium,15 Days,12,118000
Bhilai,B.Com,HR Executive,Full Time,Large,45 Days,7,69000
Chirmiri,BBA,Business Analyst,Full Time,Small,30 Days,6,78000
Ambikapur,MA,Digital Marketing Executive,Full Time,Medium,15 Days,3,91000
Chirmiri,MA,Account Manager,Full Time,Small,3 Months,10,140000
Jagdalpur,BBA,MIS Executive,Full Time,Medium,Immediately,3,61000
Mahasamund,10th Pass,Sales Executive,Full Time,Large,Immediately,0,19000
Korba,M.Com,Account Manager,Full Time,Small,30 Days,17,150000
Bemetra,MBA,Digital Marketing Executive,Full Time,Small,45 Days,5,116000
Bilaspur,BA,MIS Executive,Contract,Small,30 Days,3,34000
Raigarh,10th Pass,Sales Executive,Contract,Medium,2 Months,5,20000
Chirmiri,MBA,Account Manager,Full Time,Small,3 Months,14,150000
Dalli-Rajhara,12th Pass,Customer Support,Part Time,Small,45 Days,8,14000
Tilda Newra,MA,MIS Executive,Full Time,Small,45 Days,11,117000
Naila Janjgir,MBA,HR Executive,Part Time,Large,30 Days,3,78000
Rajnandgaon,12th Pass,Content Writer,Part Time,Small,30 Days,3,14000
Naila Janjgir,MBA,HR Executive,Full Time,Large,45 Days,13,150000
Bilaspur,BCA,HR Executive,Full Time,Medium,Immediately,6,70000
Sakti,Diploma,Accountant,Full Time,Small,30 Days,3,31000
Bhilai,BA,Sales Executive,Contract,Large,30 Days,2,48000
Jagdalpur,Diploma,Content Writer,Full Time,Medium,15 Days,7,39000
Dalli-Rajhara,MA,Digital Marketing Executive,Full Time,Large,3 Months,5,111000
Rajnandgaon,MA,HR Executive,Full Time,Large,2 Months,8,142000
Bemetra,12th Pass,Customer Support,Full Time,Small,30 Days,3,19000
Dalli-Rajhara,M.Com,Account Manager,Full Time,Large,45 Days,17,150000
Tilda Newra,BA,Digital Marketing Executive,Full Time,Small,Immediately,5,47000
Ambikapur,10th Pass,Sales Executive,Full Time,Small,3 Months,5,18000
Korba,10th Pass,Customer Support,Full Time,Large,Immediately,3,19000
Sakti,MA,MIS Executive,Full Time,Large,2 Months,8,141000
Dalli-Rajhara,M.Com,Business Analyst,Full Time,Medium,3 Months,7,148000
Dhamtari,M.Com,Account Manager,Part Time,Medium,30 Days,3,72000
Manendragarh,12th Pass,Computer Operator,Full Time,Medium,3 Months,6,24000
Manendragarh,MBA,Account Manager,Full Time,Large,2 Months,12,150000
Bhilai,M.Com,HR Executive,Part Time,Small,3 Months,10,60000
Naila Janjgir,BCA,Business Analyst,Full Time,Medium,30 Days,5,95000
Naila Janjgir,BCA,HR Executive,Full Time,Small,3 Months,15,83000
Mahasamund,MA,MIS Executive,Full Time,Small,45 Days,5,91000
Dalli-Rajhara,MBA,Business Analyst,Full Time,Medium,45 Days,10,150000
Sakti,10th Pass,Customer Support,Part Time,Medium,15 Days,0,12000
Dhamtari,Diploma,Content Writer,Full Time,Small,15 Days,3,24000
Rajnandgaon,Diploma,Sales Executive,Intern,Medium,45 Days,4,16000
Chirmiri,12th Pass,Customer Support,Intern,Medium,30 Days,0,8000
Ambikapur,12th Pass,Computer Operator,Full Time,Medium,2 Months,9,27000
Dhamtari,B.Com,Business Analyst,Contract,Large,Immediately,3,84000
Tilda Newra,BA,MIS Executive,Full Time,Small,2 Months,7,57000
Bhatapara,12th Pass,Sales Executive,Full Time,Small,30 Days,1,22000
Bilaspur,M.Com,MIS Executive,Full Time,Large,3 Months,5,140000
Jagdalpur,M.Com,Account Manager,Full Time,Medium,30 Days,10,150000
Dalli-Rajhara,12th Pass,Computer Operator,Intern,Large,Immediately,3,10000
Raipur,M.Com,HR Executive,Full Time,Small,15 Days,6,99000
Raigarh,MBA,Sales Executive,Full Time,Large,15 Days,1,130000
Sakti,MA,Account Manager,Full Time,Medium,15 Days,5,124000
Raipur,MBA,Business Analyst,Contract,Medium,30 Days,9,150000
Dhamtari,BA,Sales Executive,Full Time,Large,2 Months,12,104000
Manendragarh,BBA,Account Manager,Full Time,Medium,30 Days,7,109000
Durg,BBA,Sales Executive,Full Time,Large,3 Months,7,99000
Naila Janjgir,BCA,Business Analyst,Contract,Medium,30 Days,4,75000
Naila Janjgir,BCA,Account Manager,Contract,Small,30 Days,6,65000
Tilda Newra,MA,Sales Executive,Full Time,Large,3 Months,3,89000
Bilaspur,B.Com,HR Executive,Part Time,Small,2 Months,3,23000
Bilaspur,MBA,Sales Executive,Full Time,Medium,2 Months,4,128000
Raigarh,BBA,Business Analyst,Full Time,Large,3 Months,11,150000
Sakti,B.Com,HR Executive,Full Time,Small,45 Days,14,62000
Raipur,12th Pass,Content Writer,Full Time,Medium,2 Months,7,29000
Rajnandgaon,M.Com,Digital Marketing Executive,Full Time,Large,Immediately,1,105000
Chirmiri,BCA,Accountant,Part Time,Small,45 Days,2,31000
Bemetra,B.Com,Business Analyst,Full Time,Large,30 Days,6,115000
Dhamtari,Diploma,Customer Support,Contract,Large,3 Months,6,38000
Korba,BA,Account Manager,Part Time,Large,3 Months,15,89000
Bhilai,B.Com,Account Manager,Full Time,Small,45 Days,11,78000
Tilda Newra,12th Pass,Content Writer,Full Time,Large,30 Days,6,33000
Korba,BCA,Accountant,Full Time,Large,2 Months,2,67000
Rajnandgaon,BBA,HR Executive,Full Time,Medium,45 Days,5,66000
Ambikapur,B.Com,MIS Executive,Full Time,Large,30 Days,5,86000
Jagdalpur,10th Pass,Customer Support,Contract,Large,15 Days,0,13000
Dhamtari,MA,HR Executive,Part Time,Medium,30 Days,10,60000
Dhamtari,10th Pass,Sales Executive,Full Time,Small,45 Days,2,14000
Tilda Newra,MA,HR Executive,Full Time,Medium,Immediately,3,75000
Sakti,12th Pass,Customer Support,Full Time,Small,2 Months,0,14000
Sakti,10th Pass,Customer Support,Full Time,Small,30 Days,4,13000
Korba,MBA,Account Manager,Full Time,Medium,15 Days,2,141000
Dhamtari,M.Com,Business Analyst,Full Time,Small,45 Days,5,108000
Dhamtari,12th Pass,Computer Operator,Full Time,Large,2 Months,6,28000
Raipur,Diploma,Sales Executive,Full Time,Large,30 Days,6,61000
Sakti,MBA,MIS Executive,Full Time,Large,Immediately,8,150000
Naila Janjgir,12th Pass,Sales Executive,Contract,Small,30 Days,9,29000
Dhamtari,Diploma,Sales Executive,Contract,Medium,15 Days,12,51000
Dhamtari,BA,Digital Marketing Executive,Full Time,Small,30 Days,15,68000
Durg,Diploma,Customer Support,Full Time,Small,30 Days,4,26000
Bemetra,MBA,MIS Executive,Part Time,Large,30 Days,5,114000
Bhilai,Diploma,Accountant,Full Time,Medium,30 Days,4,38000
Tilda Newra,MA,MIS Executive,Full Time,Small,15 Days,1,61000
Jagdalpur,10th Pass,Customer Support,Full Time,Large,2 Months,6,23000
Ambikapur,12th Pass,Content Writer,Full Time,Small,Immediately,5,25000
Raigarh,BBA,HR Executive,Full Time,Large,30 Days,4,84000
Korba,MBA,Account Manager,Full Time,Small,30 Days,8,150000
Jagdalpur,Diploma,Customer Support,Full Time,Small,Immediately,1,20000
Chirmiri,MA,Business Analyst,Full Time,Medium,3 Months,7,139000
Dalli-Rajhara,B.Com,HR Executive,Full Time,Large,45 Days,5,72000
Ambikapur,BA,Digital Marketing Executive,Full Time,Small,45 Days,7,51000
Mahasamund,B.Com,HR Executive,Full Time,Medium,15 Days,0,36000
Korba,BCA,MIS Executive,Full Time,Medium,15 Days,7,88000
Ambikapur,Diploma,Sales Executive,Full Time,Medium,Immediately,6,46000
Raipur,BCA,Business Analyst,Part Time,Medium,30 Days,6,66000
Dhamtari,MBA,MIS Executive,Full Time,Medium,2 Months,11,150000
Dhamtari,MBA,Account Manager,Full Time,Large,30 Days,16,150000
Dalli-Rajhara,12th Pass,Content Writer,Full Time,Small,45 Days,4,23000
Bemetra,Diploma,Content Writer,Full Time,Large,30 Days,7,57000
Dalli-Rajhara,12th Pass,Sales Executive,Full Time,Large,30 Days,5,39000
Manendragarh,12th Pass,Sales Executive,Full Time,Medium,3 Months,8,39000
Durg,BA,Sales Executive,Full Time,Small,15 Days,4,43000
Raigarh,BA,Sales Executive,Contract,Large,2 Months,6,66000
Mahasamund,B.Com,Sales Executive,Full Time,Medium,45 Days,2,50000
Tilda Newra,M.Com,MIS Executive,Full Time,Small,3 Months,5,91000
Jagdalpur,10th Pass,Sales Executive,Full Time,Small,45 Days,6,18000
Tilda Newra,BBA,HR Executive,Full Time,Large,45 Days,1,66000
Durg,B.Com,MIS Executive,Full Time,Small,Immediately,3,50000
Chirmiri,BA,Sales Executive,Full Time,Small,3 Months,5,38000
Raipur,BCA,HR Executive,Full Time,Large,30 Days,7,90000
Rajnandgaon,M.Com,HR Executive,Full Time,Large,45 Days,6,141000
Jagdalpur,B.Com,Sales Executive,Full Time,Small,30 Days,15,78000
Bhatapara,12th Pass,Content Writer,Part Time,Large,30 Days,5,21000
Bemetra,Diploma,Computer Operator,Part Time,Large,45 Days,1,17000
Manendragarh,MA,Digital Marketing Executive,Intern,Small,2 Months,2,30000
Durg,M.Com,Business Analyst,Full Time,Medium,30 Days,7,150000
Naila Janjgir,BCA,MIS Executive,Full Time,Large,Immediately,3,77000
Bhatapara,MBA,Digital Marketing Executive,Full Time,Medium,3 Months,5,137000
Raipur,B.Com,Content Writer,Intern,Large,15 Days,1,18000
Durg,MBA,Business Analyst,Contract,Medium,30 Days,13,150000
Jagdalpur,12th Pass,Content Writer,Full Time,Small,3 Months,8,27000
Raigarh,MA,Digital Marketing Executive,Full Time,Small,30 Days,3,75000
Bhilai,MA,Account Manager,Full Time,Medium,30 Days,6,120000
Dalli-Rajhara,M.Com,MIS Executive,Full Time,Large,30 Days,4,134000
Dhamtari,BA,Account Manager,Full Time,Medium,45 Days,9,95000
Dalli-Rajhara,MBA,Sales Executive,Full Time,Large,2 Months,2,147000
Raigarh,M.Com,Business Analyst,Full Time,Large,3 Months,7,150000
Bemetra,MBA,Account Manager,Full Time,Small,2 Months,13,150000
Bhatapara,MBA,MIS Executive,Full Time,Large,2 Months,10,150000
Manendragarh,BCA,Account Manager,Full Time,Small,45 Days,13,124000
Naila Janjgir,MA,HR Executive,Part Time,Large,15 Days,10,85000
Bilaspur,BBA,MIS Executive,Full Time,Medium,15 Days,9,108000
Dalli-Rajhara,Diploma,Accountant,Full Time,Medium,2 Months,6,47000
Raigarh,BBA,Content Writer,Full Time,Medium,30 Days,2,46000
Bilaspur,BBA,HR Executive,Full Time,Small,15 Days,1,38000
Sakti,MBA,MIS Executive,Full Time,Small,2 Months,6,148000
Raigarh,12th Pass,Accountant,Part Time,Large,2 Months,6,24000
Bhatapara,12th Pass,Computer Operator,Full Time,Small,15 Days,9,21000
Mahasamund,BA,Accountant,Full Time,Small,15 Days,2,35000
Bemetra,M.Com,Digital Marketing Executive,Full Time,Small,3 Months,14,150000
Bemetra,10th Pass,Sales Executive,Full Time,Medium,30 Days,7,22000
Raigarh,10th Pass,Computer Operator,Contract,Medium,Immediately,5,13000
Tilda Newra,M.Com,HR Executive,Full Time,Small,45 Days,3,80000
Bemetra,10th Pass,Customer Support,Full Time,Medium,15 Days,7,17000
Mahasamund,BBA,HR Executive,Full Time,Large,3 Months,6,94000
Dalli-Rajhara,M.Com,Digital Marketing Executive,Full Time,Medium,45 Days,2,94000
Bilaspur,BA,Digital Marketing Executive,Full Time,Large,15 Days,8,69000
Sakti,10th Pass,Computer Operator,Part Time,Medium,2 Months,7,12000
Ambikapur,BCA,Digital Marketing Executive,Full Time,Medium,30 Days,1,54000
Dhamtari,MBA,HR Executive,Full Time,Small,30 Days,8,132000
Bemetra,B.Com,Account Manager,Full Time,Medium,30 Days,6,81000
Sakti,Diploma,Sales Executive,Contract,Medium,Immediately,0,23000
Raipur,12th Pass,Accountant,Full Time,Large,30 Days,6,39000
Jagdalpur,B.Com,Accountant,Full Time,Large,45 Days,1,48000
Tilda Newra,B.Com,Content Writer,Part Time,Small,Immediately,1,17000
Manendragarh,Diploma,Sales Executive,Full Time,Medium,2 Months,7,43000
Chirmiri,12th Pass,Content Writer,Full Time,Medium,30 Days,9,30000
Jagdalpur,BA,Account Manager,Full Time,Large,15 Days,15,147000
Rajnandgaon,MA,Account Manager,Full Time,Small,30 Days,19,150000
Durg,BCA,Business Analyst,Full Time,Medium,30 Days,6,88000
Manendragarh,MA,Digital Marketing Executive,Full Time,Medium,30 Days,7,111000
Jagdalpur,B.Com,Customer Support,Contract,Small,30 Days,1,24000
Durg,B.Com,Customer Support,Full Time,Large,15 Days,0,36000
Tilda Newra,MBA,HR Executive,Full Time,Small,30 Days,14,150000
Bilaspur,BBA,Digital Marketing Executive,Intern,Large,30 Days,4,37000
Mahasamund,MA,Account Manager,Full Time,Medium,2 Months,14,150000
Dalli-Rajhara,MA,Sales Executive,Full Time,Large,30 Days,1,90000
Korba,12th Pass,Content Writer,Full Time,Small,30 Days,6,24000
Tilda Newra,12th Pass,Content Writer,Contract,Small,Immediately,0,13000
Bhilai,10th Pass,Computer Operator,Full Time,Small,Immediately,8,13000
Sakti,MA,HR Executive,Full Time,Small,2 Months,4,59000
Durg,B.Com,Account Manager,Contract,Large,45 Days,8,95000
Sakti,BBA,Digital Marketing Executive,Full Time,Large,3 Months,7,121000
Dhamtari,12th Pass,Sales Executive,Contract,Small,45 Days,5,25000
Tilda Newra,10th Pass,Computer Operator,Full Time,Large,2 Months,5,18000
Mungeli,MBA,MIS Executive,Full Time,Medium,30 Days,14,150000
Dhamtari,12th Pass,Computer Operator,Full Time,Small,2 Months,4,18000
Bhilai,BCA,HR Executive,Full Time,Large,30 Days,5,75000
Manendragarh,BCA,Customer Support,Full Time,Large,30 Days,2,49000
Naila Janjgir,M.Com,HR Executive,Intern,Small,2 Months,3,28000
Bemetra,B.Com,Sales Executive,Full Time,Medium,3 Months,5,62000
Tilda Newra,MBA,Digital Marketing Executive,Intern,Medium,30 Days,6,72000
Manendragarh,M.Com,MIS Executive,Full Time,Small,15 Days,8,109000
Dalli-Rajhara,12th Pass,Sales Executive,Full Time,Small,2 Months,5,29000
Sakti,BCA,Business Analyst,Full Time,Small,45 Days,9,104000
Dhamtari,B.Com,Content Writer,Full Time,Large,30 Days,1,47000
Sakti,BCA,MIS Executive,Full Time,Small,Immediately,6,72000
Mungeli,MA,Digital Marketing Executive,Full Time,Medium,30 Days,8,111000
Bhatapara,MBA,HR Executive,Contract,Large,45 Days,4,143000
Tilda Newra,BBA,Accountant,Full Time,Medium,15 Days,0,45000
Bemetra,BCA,HR Executive,Part Time,Large,30 Days,12,87000
Dalli-Rajhara,BBA,Digital Marketing Executive,Full Time,Large,45 Days,1,67000
Chirmiri,BCA,MIS Executive,Full Time,Small,30 Days,3,54000
Rajnandgaon,MBA,MIS Executive,Full Time,Small,3 Months,13,150000
Naila Janjgir,M.Com,Account Manager,Full Time,Small,2 Months,5,112000
Rajnandgaon,B.Com,Sales Executive,Full Time,Large,2 Months,3,67000
Dhamtari,MA,Digital Marketing Executive,Full Time,Small,45 Days,6,94000
Raigarh,Diploma,Accountant,Full Time,Medium,Immediately,2,34000
Tilda Newra,12th Pass,Accountant,Full Time,Small,30 Days,5,26000
Raipur,10th Pass,Sales Executive,Intern,Medium,2 Months,7,10000
Dalli-Rajhara,Diploma,Sales Executive,Full Time,Large,45 Days,6,56000
Ambikapur,BBA,Business Analyst,Full Time,Small,45 Days,15,136000
Dhamtari,B.Com,Sales Executive,Full Time,Small,45 Days,7,55000
Dhamtari,BBA,Sales Executive,Full Time,Large,30 Days,11,115000
Jagdalpur,M.Com,Account Manager,Full Time,Medium,3 Months,7,150000
Tilda Newra,Diploma,Sales Executive,Full Time,Large,15 Days,2,40000
Durg,M.Com,HR Executive,Full Time,Small,2 Months,9,91000
Durg,12th Pass,Accountant,Full Time,Medium,2 Months,2,27000
Bilaspur,B.Com,Digital Marketing Executive,Full Time,Large,30 Days,3,79000
Ambikapur,BA,MIS Executive,Full Time,Small,2 Months,14,85000
Bhatapara,B.Com,MIS Executive,Intern,Small,3 Months,5,20000
Ambikapur,10th Pass,Computer Operator,Full Time,Medium,2 Months,5,14000
Jagdalpur,BCA,MIS Executive,Full Time,Large,Immediately,11,116000
Sakti,M.Com,Business Analyst,Full Time,Medium,Immediately,16,150000
Tilda Newra,Diploma,Accountant,Part Time,Large,Immediately,1,23000
Tilda Newra,BA,Account Manager,Full Time,Small,2 Months,7,60000
Chirmiri,BBA,HR Executive,Full Time,Small,30 Days,10,68000
Korba,BCA,HR Executive,Full Time,Large,45 Days,2,71000
Sakti,BA,MIS Executive,Full Time,Small,3 Months,7,46000
Bhilai,12th Pass,Accountant,Full Time,Medium,Immediately,2,26000
Bemetra,BCA,Sales Executive,Full Time,Medium,Immediately,4,66000
Sakti,BCA,Business Analyst,Intern,Medium,30 Days,5,41000
Bilaspur,12th Pass,Sales Executive,Part Time,Small,30 Days,2,12000
Raipur,BCA,Customer Support,Full Time,Medium,15 Days,1,37000
Korba,12th Pass,Content Writer,Full Time,Small,15 Days,0,14000
Bemetra,M.Com,Business Analyst,Full Time,Large,45 Days,16,150000
Korba,BCA,Business Analyst,Full Time,Small,45 Days,3,69000
Naila Janjgir,BBA,Accountant,Full Time,Medium,15 Days,1,55000
Rajnandgaon,BBA,MIS Executive,Full Time,Medium,3 Months,12,118000
Ambikapur,MA,Sales Executive,Intern,Small,15 Days,2,24000
Raipur,M.Com,Account Manager,Full Time,Large,45 Days,5,150000
Korba,BCA,MIS Executive,Full Time,Medium,2 Months,4,74000
Mahasamund,BA,Business Analyst,Full Time,Large,45 Days,3,77000
Raigarh,10th Pass,Customer Support,Part Time,Large,Immediately,0,12000
Rajnandgaon,B.Com,HR Executive,Full Time,Large,30 Days,12,97000
Manendragarh,BCA,Accountant,Intern,Medium,15 Days,0,18000
Dhamtari,B.Com,MIS Executive,Full Time,Small,30 Days,3,46000
Sakti,10th Pass,Computer Operator,Full Time,Medium,45 Days,2,12000
Bhilai,M.Com,Account Manager,Full Time,Small,15 Days,1,85000
Raigarh,BCA,MIS Executive,Full Time,Medium,30 Days,6,83000
Bemetra,BA,MIS Executive,Full Time,Small,3 Months,11,61000
Bilaspur,MBA,HR Executive,Full Time,Medium,2 Months,20,150000
Korba,BBA,Account Manager,Full Time,Large,Immediately,3,98000
Raigarh,10th Pass,Customer Support,Intern,Large,2 Months,3,8000
Bemetra,MBA,HR Executive,Full Time,Large,45 Days,16,150000
Bhatapara,MBA,MIS Executive,Full Time,Medium,45 Days,19,150000
Manendragarh,12th Pass,Accountant,Full Time,Small,15 Days,0,18000
Ambikapur,BCA,Sales Executive,Part Time,Small,Immediately,0,23000
Tilda Newra,MA,Digital Marketing Executive,Full Time,Large,3 Months,9,143000
Mungeli,BBA,MIS Executive,Full Time,Small,3 Months,8,86000
Raipur,B.Com,Digital Marketing Executive,Full Time,Small,3 Months,6,49000
Bilaspur,MA,MIS Executive,Full Time,Small,45 Days,9,99000
Manendragarh,B.Com,Digital Marketing Executive,Contract,Small,45 Days,1,37000
Rajnandgaon,BA,MIS Executive,Part Time,Medium,15 Days,10,41000
Durg,MBA,Digital Marketing Executive,Full Time,Small,Immediately,10,150000
Raigarh,BA,Account Manager,Full Time,Medium,45 Days,11,104000
Korba,MA,Digital Marketing Executive,Full Time,Medium,30 Days,7,105000
Jagdalpur,MA,Digital Marketing Executive,Full Time,Medium,30 Days,14,143000
Dhamtari,BBA,Digital Marketing Executive,Full Time,Large,Immediately,4,91000
Rajnandgaon,10th Pass,Customer Support,Contract,Small,15 Days,8,14000
Chirmiri,10th Pass,Computer Operator,Full Time,Large,3 Months,3,15000
Mungeli,BCA,Digital Marketing Executive,Full Time,Medium,15 Days,2,65000
Bemetra,MBA,HR Executive,Full Time,Medium,45 Days,3,116000
Raigarh,M.Com,Business Analyst,Full Time,Medium,45 Days,16,150000
Sakti,BCA,Sales Executive,Full Time,Large,2 Months,12,122000
Bemetra,M.Com,Digital Marketing Executive,Full Time,Medium,30 Days,3,102000
Bilaspur,MA,Account Manager,Contract,Large,30 Days,4,125000
Manendragarh,Diploma,Accountant,Full Time,Medium,45 Days,8,48000
Raigarh,BBA,Business Analyst,Full Time,Large,15 Days,4,107000
Durg,B.Com,Account Manager,Full Time,Small,45 Days,3,49000
Chirmiri,12th Pass,Sales Executive,Full Time,Large,45 Days,12,51000
Mungeli,M.Com,Business Analyst,Full Time,Large,30 Days,7,150000
Mahasamund,12th Pass,Accountant,Full Time,Large,30 Days,5,41000
Durg,BCA,HR Executive,Part Time,Medium,30 Days,0,28000
Ambikapur,12th Pass,Customer Support,Full Time,Medium,45 Days,9,26000
Chirmiri,12th Pass,Content Writer,Contract,Medium,30 Days,1,20000
Jagdalpur,B.Com,Business Analyst,Full Time,Large,15 Days,7,120000
Mungeli,M.Com,MIS Executive,Intern,Small,30 Days,6,42000
Korba,B.Com,Content Writer,Full Time,Large,Immediately,1,45000
Tilda Newra,12th Pass,Computer Operator,Contract,Small,Immediately,0,12000
Bhatapara,BCA,Accountant,Contract,Large,Immediately,1,56000
Ambikapur,12th Pass,Computer Operator,Full Time,Small,15 Days,0,13000
Rajnandgaon,10th Pass,Customer Support,Part Time,Small,2 Months,4,12000
Bemetra,12th Pass,Sales Executive,Full Time,Medium,45 Days,4,31000
Tilda Newra,12th Pass,Accountant,Intern,Small,30 Days,0,8000
Bhilai,12th Pass,Accountant,Contract,Medium,Immediately,2,24000
Dalli-Rajhara,10th Pass,Customer Support,Part Time,Medium,30 Days,4,12000
Chirmiri,M.Com,MIS Executive,Full Time,Small,30 Days,4,100000
Durg,12th Pass,Computer Operator,Full Time,Large,Immediately,8,33000
Bhatapara,B.Com,Sales Executive,Part Time,Large,30 Days,1,33000
Mahasamund,BBA,Accountant,Part Time,Small,30 Days,0,24000
Bhatapara,B.Com,Digital Marketing Executive,Full Time,Large,Immediately,1,64000
Bhatapara,BBA,Digital Marketing Executive,Full Time,Large,2 Months,9,130000
Bemetra,B.Com,HR Executive,Full Time,Medium,Immediately,3,51000
Ambikapur,B.Com,HR Executive,Contract,Large,15 Days,2,49000
Raigarh,M.Com,HR Executive,Full Time,Large,15 Days,4,125000
Rajnandgaon,10th Pass,Customer Support,Contract,Large,15 Days,4,16000
Chirmiri,B.Com,HR Executive,Full Time,Small,30 Days,11,73000
Naila Janjgir,M.Com,Account Manager,Full Time,Small,15 Days,11,150000
Raipur,MBA,HR Executive,Contract,Medium,45 Days,5,115000
Chirmiri,B.Com,MIS Executive,Contract,Large,3 Months,7,86000
Ambikapur,10th Pass,Sales Executive,Full Time,Large,45 Days,6,29000
Sakti,MA,Account Manager,Full Time,Medium,2 Months,8,150000
Naila Janjgir,12th Pass,Customer Support,Full Time,Large,2 Months,6,29000
Manendragarh,MBA,MIS Executive,Full Time,Large,3 Months,3,150000
Tilda Newra,MBA,MIS Executive,Contract,Small,30 Days,9,143000
Durg,Diploma,Customer Support,Contract,Small,15 Days,12,38000
Tilda Newra,12th Pass,Content Writer,Contract,Large,30 Days,1,21000
Ambikapur,B.Com,HR Executive,Full Time,Small,2 Months,12,63000
Jagdalpur,M.Com,Business Analyst,Full Time,Medium,3 Months,14,150000
Dhamtari,M.Com,Sales Executive,Full Time,Medium,45 Days,1,86000
Chirmiri,B.Com,Sales Executive,Full Time,Large,3 Months,6,77000
Manendragarh,BCA,MIS Executive,Full Time,Small,30 Days,7,83000
Dhamtari,BCA,Account Manager,Full Time,Medium,45 Days,5,105000
Manendragarh,MBA,Digital Marketing Executive,Contract,Large,30 Days,7,150000
Chirmiri,BA,MIS Executive,Full Time,Small,45 Days,8,47000
Bhilai,BCA,Sales Executive,Full Time,Small,15 Days,7,71000
Rajnandgaon,10th Pass,Sales Executive,Full Time,Medium,Immediately,3,19000
Durg,10th Pass,Computer Operator,Full Time,Medium,Immediately,3,12000
Dhamtari,BBA,HR Executive,Full Time,Small,2 Months,5,61000
Bhilai,BCA,HR Executive,Contract,Large,30 Days,6,84000
Raigarh,MBA,MIS Executive,Full Time,Small,45 Days,15,150000
Raipur,10th Pass,Computer Operator,Full Time,Small,2 Months,3,12000
Raigarh,MA,MIS Executive,Full Time,Medium,3 Months,7,96000
Manendragarh,12th Pass,Content Writer,Contract,Small,2 Months,0,15000
Tilda Newra,MA,Business Analyst,Full Time,Small,3 Months,10,141000
Korba,MBA,Sales Executive,Full Time,Medium,30 Days,4,140000
Naila Janjgir,MA,Sales Executive,Full Time,Small,2 Months,3,58000
Chirmiri,M.Com,HR Executive,Full Time,Small,30 Days,19,150000
Raigarh,B.Com,Business Analyst,Full Time,Large,3 Months,6,90000
Tilda Newra,10th Pass,Customer Support,Part Time,Medium,30 Days,1,12000
Chirmiri,MBA,MIS Executive,Full Time,Medium,2 Months,7,150000
Jagdalpur,MBA,Business Analyst,Full Time,Medium,15 Days,14,150000
Dhamtari,BCA,Digital Marketing Executive,Full Time,Small,45 Days,11,101000
Dhamtari,BBA,MIS Executive,Full Time,Large,15 Days,12,126000
Bemetra,BCA,MIS Executive,Part Time,Small,30 Days,3,36000
Dhamtari,M.Com,Business Analyst,Full Time,Medium,30 Days,6,150000
Bemetra,BBA,Digital Marketing Executive,Full Time,Medium,Immediately,5,84000
Manendragarh,BBA,Account Manager,Full Time,Small,Immediately,7,89000
Bhilai,BBA,MIS Executive,Contract,Small,3 Months,12,82000
Bilaspur,MA,Account Manager,Full Time,Large,30 Days,11,150000
Chirmiri,12th Pass,Sales Executive,Contract,Medium,30 Days,6,34000
Durg,B.Com,Customer Support,Part Time,Large,15 Days,2,26000
Manendragarh,BBA,Sales Executive,Full Time,Small,15 Days,0,38000
Chirmiri,10th Pass,Sales Executive,Full Time,Small,15 Days,1,13000
Durg,MA,Account Manager,Full Time,Large,15 Days,10,150000
Dalli-Rajhara,12th Pass,Computer Operator,Full Time,Large,30 Days,6,27000
Raigarh,MBA,Sales Executive,Contract,Large,2 Months,2,133000
Jagdalpur,B.Com,Business Analyst,Full Time,Small,15 Days,6,72000
Raigarh,12th Pass,Computer Operator,Full Time,Medium,30 Days,9,26000
Rajnandgaon,MA,Digital Marketing Executive,Full Time,Small,30 Days,4,78000
Bhilai,BA,Business Analyst,Full Time,Large,30 Days,4,79000
Jagdalpur,M.Com,Digital Marketing Executive,Full Time,Large,3 Months,8,150000
Jagdalpur,12th Pass,Computer Operator,Intern,Small,30 Days,9,9000
Mungeli,12th Pass,Sales Executive,Full Time,Small,45 Days,8,31000
Mungeli,Diploma,Computer Operator,Full Time,Large,45 Days,5,39000
Mahasamund,BA,HR Executive,Full Time,Large,Immediately,3,49000
Korba,BBA,Content Writer,Full Time,Large,30 Days,0,49000
Raigarh,BBA,Business Analyst,Contract,Small,30 Days,6,78000
Raigarh,Diploma,Customer Support,Full Time,Large,30 Days,6,39000
Chirmiri,12th Pass,Customer Support,Contract,Large,45 Days,2,21000
Mungeli,BCA,Digital Marketing Executive,Part Time,Large,3 Months,7,67000
Bemetra,B.Com,HR Executive,Full Time,Medium,15 Days,9,69000
Ambikapur,BCA,Content Writer,Full Time,Large,Immediately,0,55000
Dhamtari,Diploma,Computer Operator,Full Time,Small,30 Days,2,19000
Jagdalpur,BCA,Sales Executive,Part Time,Large,2 Months,3,43000
Korba,Diploma,Accountant,Full Time,Small,45 Days,8,43000
Chirmiri,M.Com,Digital Marketing Executive,Part Time,Medium,45 Days,8,92000
Bhatapara,BBA,Sales Executive,Full Time,Medium,45 Days,6,87000
Dalli-Rajhara,M.Com,MIS Executive,Full Time,Medium,2 Months,3,112000
Chirmiri,Diploma,Accountant,Full Time,Large,30 Days,1,39000
Dhamtari,12th Pass,Content Writer,Full Time,Medium,45 Days,7,29000
Bilaspur,M.Com,Digital Marketing Executive,Part Time,Large,2 Months,20,150000
Sakti,M.Com,HR Executive,Full Time,Medium,45 Days,4,97000
Rajnandgaon,Diploma,Computer Operator,Intern,Medium,45 Days,4,10000
Manendragarh,B.Com,HR Executive,Full Time,Large,Immediately,1,52000
Naila Janjgir,MBA,Digital Marketing Executive,Intern,Medium,2 Months,20,125000
Raipur,12th Pass,Content Writer,Full Time,Medium,2 Months,7,29000
Raipur,12th Pass,Computer Operator,Part Time,Medium,Immediately,1,12000
Bhilai,BBA,Sales Executive,Intern,Small,3 Months,12,37000
Dalli-Rajhara,MA,MIS Executive,Full Time,Large,15 Days,2,87000
Jagdalpur,B.Com,Digital Marketing Executive,Full Time,Medium,2 Months,7,76000
Rajnandgaon,M.Com,Digital Marketing Executive,Full Time,Small,2 Months,12,132000
Manendragarh,B.Com,MIS Executive,Contract,Medium,2 Months,4,55000
Sakti,B.Com,Digital Marketing Executive,Full Time,Small,45 Days,7,66000
Chirmiri,BA,HR Executive,Contract,Large,15 Days,3,44000
Durg,BBA,Sales Executive,Full Time,Medium,2 Months,0,52000
Raigarh,B.Com,Business Analyst,Full Time,Small,30 Days,10,94000
Dalli-Rajhara,BA,HR Executive,Part Time,Large,45 Days,5,38000
Jagdalpur,BBA,Account Manager,Full Time,Large,45 Days,7,131000
Bhatapara,BA,HR Executive,Part Time,Large,30 Days,0,22000
Jagdalpur,M.Com,Sales Executive,Full Time,Small,15 Days,1,65000
Bhilai,Diploma,Content Writer,Full Time,Medium,30 Days,7,35000
Manendragarh,BCA,Sales Executive,Part Time,Small,45 Days,5,37000
Sakti,MBA,Digital Marketing Executive,Full Time,Medium,Immediately,10,150000
Bilaspur,MBA,Digital Marketing Executive,Full Time,Large,3 Months,5,150000
Bhilai,BBA,Account Manager,Part Time,Medium,30 Days,10,74000
Manendragarh,BCA,Content Writer,Part Time,Large,Immediately,2,33000
Jagdalpur,BBA,HR Executive,Full Time,Large,15 Days,14,144000
Korba,B.Com,Customer Support,Contract,Small,2 Months,1,24000
Tilda Newra,10th Pass,Computer Operator,Contract,Small,3 Months,8,14000
Manendragarh,BA,Account Manager,Full Time,Small,Immediately,7,54000
Chirmiri,10th Pass,Computer Operator,Full Time,Small,30 Days,7,13000
Bilaspur,12th Pass,Computer Operator,Full Time,Medium,30 Days,5,25000
Raigarh,BBA,Content Writer,Full Time,Large,Immediately,1,59000
Durg,B.Com,HR Executive,Full Time,Small,15 Days,4,43000
Sakti,12th Pass,Accountant,Contract,Small,30 Days,5,24000
Dalli-Rajhara,Diploma,Accountant,Full Time,Large,30 Days,3,46000
Ambikapur,MA,HR Executive,Full Time,Medium,2 Months,7,82000
Sakti,B.Com,MIS Executive,Full Time,Small,2 Months,6,56000
Ambikapur,BCA,Sales Executive,Full Time,Large,45 Days,12,132000
Ambikapur,MBA,Digital Marketing Executive,Full Time,Large,15 Days,14,150000
Dhamtari,BBA,Account Manager,Full Time,Large,30 Days,7,135000
Durg,Diploma,Sales Executive,Full Time,Large,15 Days,0,32000
Manendragarh,M.Com,HR Executive,Full Time,Small,2 Months,9,97000
Mungeli,12th Pass,Sales Executive,Full Time,Large,15 Days,3,34000
Chirmiri,BBA,Digital Marketing Executive,Full Time,Medium,15 Days,12,127000
Durg,MA,Business Analyst,Full Time,Small,30 Days,6,119000
Dalli-Rajhara,BA,Sales Executive,Full Time,Medium,30 Days,2,42000
Mungeli,10th Pass,Sales Executive,Full Time,Large,2 Months,5,29000
Jagdalpur,BCA,MIS Executive,Contract,Medium,30 Days,7,73000
Raigarh,BA,HR Executive,Part Time,Small,30 Days,12,31000
Raigarh,M.Com,Digital Marketing Executive,Full Time,Small,45 Days,1,79000
Jagdalpur,MA,Business Analyst,Intern,Medium,45 Days,10,53000
Naila Janjgir,Diploma,Customer Support,Full Time,Large,3 Months,9,46000
Dhamtari,M.Com,Business Analyst,Full Time,Large,2 Months,6,150000
Jagdalpur,BA,Digital Marketing Executive,Full Time,Large,2 Months,10,105000
Mungeli,M.Com,HR Executive,Full Time,Small,3 Months,14,141000
Mahasamund,10th Pass,Customer Support,Full Time,Large,45 Days,4,20000
Naila Janjgir,BCA,HR Executive,Full Time,Medium,45 Days,3,59000
Bhatapara,Diploma,Accountant,Full Time,Medium,3 Months,9,48000
Korba,M.Com,Digital Marketing Executive,Full Time,Small,30 Days,4,83000
Rajnandgaon,BA,Business Analyst,Full Time,Large,3 Months,12,130000
Mungeli,Diploma,Customer Support,Contract,Large,45 Days,4,32000
Bhatapara,B.Com,MIS Executive,Full Time,Small,2 Months,9,74000
Bemetra,M.Com,HR Executive,Part Time,Large,30 Days,6,77000
Dhamtari,BBA,Customer Support,Full Time,Small,30 Days,0,29000
Chirmiri,M.Com,Digital Marketing Executive,Full Time,Large,30 Days,13,150000
Bhatapara,BCA,Account Manager,Full Time,Small,45 Days,4,77000
Bilaspur,BCA,Account Manager,Full Time,Small,45 Days,10,101000
Korba,MBA,HR Executive,Contract,Large,30 Days,3,125000
Manendragarh,B.Com,Account Manager,Full Time,Medium,3 Months,11,114000
Mungeli,MA,Business Analyst,Full Time,Large,45 Days,8,150000
Manendragarh,10th Pass,Computer Operator,Full Time,Large,15 Days,1,14000
Jagdalpur,BA,Business Analyst,Full Time,Medium,3 Months,10,98000
Mahasamund,BA,HR Executive,Full Time,Large,45 Days,10,79000
Bhatapara,BCA,HR Executive,Full Time,Medium,2 Months,4,65000
Mahasamund,12th Pass,Accountant,Part Time,Small,15 Days,0,12000
Korba,MA,Digital Marketing Executive,Intern,Small,45 Days,4,31000
Jagdalpur,B.Com,Account Manager,Full Time,Small,30 Days,13,89000
Raipur,BA,HR Executive,Full Time,Small,2 Months,1,28000
Sakti,Diploma,Content Writer,Full Time,Small,30 Days,15,55000
Tilda Newra,BBA,Accountant,Full Time,Large,45 Days,1,70000
Dalli-Rajhara,BA,Sales Executive,Contract,Large,30 Days,1,44000
Bemetra,12th Pass,Accountant,Full Time,Small,45 Days,6,29000
Chirmiri,BA,MIS Executive,Full Time,Small,45 Days,10,63000
Raigarh,10th Pass,Customer Support,Full Time,Medium,30 Days,10,18000
Durg,BA,Sales Executive,Full Time,Small,30 Days,11,57000
Manendragarh,12th Pass,Customer Support,Full Time,Medium,Immediately,7,29000
Naila Janjgir,Diploma,Accountant,Part Time,Large,2 Months,11,46000
Raipur,MBA,Business Analyst,Full Time,Large,30 Days,5,150000
Raipur,B.Com,HR Executive,Full Time,Small,15 Days,4,39000
Ambikapur,BBA,Sales Executive,Full Time,Large,30 Days,14,150000
Rajnandgaon,B.Com,Digital Marketing Executive,Full Time,Large,2 Months,4,66000
Korba,BBA,Digital Marketing Executive,Contract,Medium,45 Days,12,93000
Raipur,BBA,Digital Marketing Executive,Full Time,Medium,3 Months,12,111000
Tilda Newra,12th Pass,Customer Support,Contract,Small,2 Months,5,19000
Raigarh,MA,HR Executive,Contract,Large,45 Days,3,85000
Mungeli,12th Pass,Sales Executive,Full Time,Large,45 Days,6,43000
Jagdalpur,M.Com,Account Manager,Full Time,Small,2 Months,10,140000
Dalli-Rajhara,MA,HR Executive,Full Time,Small,3 Months,10,101000
Manendragarh,M.Com,Business Analyst,Full Time,Small,30 Days,9,150000
Chirmiri,M.Com,Account Manager,Full Time,Large,Immediately,9,150000
Mungeli,MBA,MIS Executive,Full Time,Small,45 Days,10,150000
Raigarh,BCA,Digital Marketing Executive,Full Time,Large,30 Days,4,96000
Sakti,BA,Account Manager,Full Time,Small,30 Days,4,53000
Korba,MBA,Account Manager,Full Time,Large,45 Days,16,150000
Raigarh,BA,Business Analyst,Full Time,Large,45 Days,3,73000
Mungeli,B.Com,Business Analyst,Contract,Large,30 Days,10,134000
Mahasamund,M.Com,Digital Marketing Executive,Full Time,Small,45 Days,12,148000
Ambikapur,Diploma,Customer Support,Full Time,Medium,15 Days,11,42000
Dalli-Rajhara,MBA,MIS Executive,Intern,Small,30 Days,10,69000
Mungeli,M.Com,Business Analyst,Full Time,Large,3 Months,10,150000
Ambikapur,MBA,HR Executive,Contract,Small,15 Days,2,78000
Mungeli,MA,Digital Marketing Executive,Contract,Medium,30 Days,7,109000
Raigarh,B.Com,MIS Executive,Full Time,Medium,45 Days,4,64000
Durg,BCA,HR Executive,Full Time,Large,30 Days,6,84000
Raigarh,BA,Content Writer,Full Time,Medium,45 Days,2,37000
Jagdalpur,MA,HR Executive,Full Time,Medium,45 Days,4,73000
Raigarh,MBA,Digital Marketing Executive,Full Time,Small,Immediately,8,150000
Raigarh,B.Com,Sales Executive,Full Time,Small,2 Months,0,36000
Korba,BBA,HR Executive,Full Time,Large,30 Days,10,124000
Jagdalpur,12th Pass,Computer Operator,Full Time,Large,45 Days,4,23000
Mahasamund,10th Pass,Sales Executive,Full Time,Small,3 Months,5,16000
Mahasamund,MBA,HR Executive,Full Time,Medium,2 Months,16,150000
Raipur,10th Pass,Computer Operator,Part Time,Large,Immediately,2,12000
Dhamtari,Diploma,Customer Support,Full Time,Small,45 Days,6,27000
Durg,MBA,HR Executive,Full Time,Large,15 Days,10,150000
Ambikapur,12th Pass,Accountant,Full Time,Large,45 Days,6,45000
Jagdalpur,BBA,Business Analyst,Full Time,Medium,15 Days,4,98000
Ambikapur,BA,MIS Executive,Intern,Medium,2 Months,3,18000
Naila Janjgir,BCA,Digital Marketing Executive,Contract,Medium,2 Months,10,90000
Korba,MA,Business Analyst,Full Time,Small,45 Days,8,107000
Jagdalpur,12th Pass,Customer Support,Full Time,Medium,45 Days,2,20000
Mahasamund,10th Pass,Customer Support,Part Time,Large,15 Days,0,12000
Jagdalpur,Diploma,Content Writer,Contract,Small,15 Days,0,17000
Bilaspur,BCA,MIS Executive,Full Time,Small,15 Days,11,91000
Mungeli,MA,HR Executive,Full Time,Medium,2 Months,10,103000
Naila Janjgir,BA,HR Executive,Full Time,Large,45 Days,13,93000
Bilaspur,M.Com,Digital Marketing Executive,Contract,Large,30 Days,4,112000
Rajnandgaon,MA,HR Executive,Full Time,Small,3 Months,9,100000
Raigarh,BBA,Sales Executive,Contract,Medium,Immediately,0,41000
Ambikapur,MA,Digital Marketing Executive,Full Time,Medium,2 Months,3,87000
Mahasamund,BBA,Digital Marketing Executive,Full Time,Small,2 Months,8,79000
Manendragarh,M.Com,HR Executive,Part Time,Small,3 Months,12,72000
Manendragarh,BCA,HR Executive,Contract,Large,Immediately,0,47000
Rajnandgaon,MBA,Digital Marketing Executive,Full Time,Large,2 Months,10,150000
Rajnandgaon,12th Pass,Content Writer,Full Time,Large,30 Days,5,33000
Dalli-Rajhara,10th Pass,Sales Executive,Full Time,Medium,45 Days,8,26000
Korba,MBA,Account Manager,Full Time,Small,Immediately,2,128000
Bhatapara,M.Com,Sales Executive,Full Time,Small,Immediately,1,69000
Raigarh,BBA,HR Executive,Full Time,Medium,45 Days,1,48000
Korba,10th Pass,Customer Support,Part Time,Large,30 Days,3,12000
Rajnandgaon,10th Pass,Computer Operator,Full Time,Small,45 Days,4,12000
Bilaspur,BCA,HR Executive,Full Time,Large,Immediately,1,58000
Raigarh,MBA,MIS Executive,Full Time,Medium,2 Months,2,118000
Mungeli,12th Pass,Sales Executive,Full Time,Small,Immediately,0,19000
Bilaspur,Diploma,Computer Operator,Full Time,Small,30 Days,11,33000
Manendragarh,12th Pass,Customer Support,Contract,Medium,2 Months,4,20000
Rajnandgaon,Diploma,Sales Executive,Full Time,Small,30 Days,5,39000
Durg,BA,HR Executive,Part Time,Large,45 Days,7,35000
Mungeli,12th Pass,Content Writer,Full Time,Large,45 Days,4,33000
Mahasamund,M.Com,Account Manager,Full Time,Small,2 Months,5,116000
Manendragarh,MA,HR Executive,Full Time,Small,30 Days,13,115000
Bhilai,12th Pass,Customer Support,Part Time,Medium,3 Months,2,12000
Manendragarh,10th Pass,Sales Executive,Full Time,Large,Immediately,9,32000
Bemetra,Diploma,Sales Executive,Full Time,Large,Immediately,0,35000
Naila Janjgir,B.Com,Sales Executive,Full Time,Small,45 Days,3,41000
Naila Janjgir,B.Com,HR Executive,Full Time,Large,3 Months,6,78000
Bemetra,12th Pass,Content Writer,Part Time,Medium,2 Months,7,16000
Jagdalpur,MA,Account Manager,Full Time,Large,30 Days,6,150000
Bhatapara,10th Pass,Computer Operator,Full Time,Large,15 Days,1,13000
Bilaspur,BA,Digital Marketing Executive,Full Time,Large,3 Months,11,95000
Korba,B.Com,Account Manager,Part Time,Medium,30 Days,4,45000
Mahasamund,BCA,Sales Executive,Contract,Medium,Immediately,0,44000
Raipur,M.Com,Digital Marketing Executive,Full Time,Medium,30 Days,1,81000
Bilaspur,MBA,MIS Executive,Full Time,Medium,45 Days,5,150000
Bhilai,12th Pass,Accountant,Full Time,Small,45 Days,7,29000
Raigarh,BCA,Digital Marketing Executive,Full Time,Large,30 Days,12,136000
Raigarh,MA,Account Manager,Full Time,Small,2 Months,9,143000
Chirmiri,M.Com,HR Executive,Full Time,Medium,45 Days,3,77000
Chirmiri,BCA,Business Analyst,Full Time,Large,30 Days,5,121000
Ambikapur,BCA,Account Manager,Part Time,Medium,3 Months,5,53000
Raipur,MA,Account Manager,Full Time,Large,30 Days,16,150000
Bhilai,Diploma,Sales Executive,Contract,Medium,45 Days,8,47000
Mungeli,BCA,Digital Marketing Executive,Full Time,Small,2 Months,11,90000
Naila Janjgir,MBA,Account Manager,Part Time,Large,45 Days,16,150000
Raipur,MA,Digital Marketing Executive,Intern,Large,3 Months,16,96000
Raigarh,BA,Business Analyst,Full Time,Large,30 Days,7,89000
Chirmiri,B.Com,Digital Marketing Executive,Full Time,Small,15 Days,11,85000
Durg,BCA,Account Manager,Intern,Medium,30 Days,3,34000
Raipur,BA,Digital Marketing Executive,Contract,Small,30 Days,6,43000
Chirmiri,B.Com,Sales Executive,Contract,Medium,Immediately,0,37000
Durg,B.Com,MIS Executive,Contract,Medium,3 Months,11,97000
Mungeli,B.Com,Digital Marketing Executive,Part Time,Small,2 Months,2,24000
Bhatapara,MBA,Business Analyst,Part Time,Small,3 Months,12,147000
Dhamtari,BA,Business Analyst,Full Time,Small,30 Days,10,74000
Dalli-Rajhara,12th Pass,Sales Executive,Contract,Large,15 Days,0,23000
Jagdalpur,Diploma,Customer Support,Full Time,Medium,45 Days,6,36000
Mungeli,B.Com,Digital Marketing Executive,Intern,Small,45 Days,6,22000
Jagdalpur,BCA,Digital Marketing Executive,Full Time,Medium,Immediately,3,64000
Bilaspur,M.Com,MIS Executive,Full Time,Medium,2 Months,17,150000
Dalli-Rajhara,M.Com,Business Analyst,Full Time,Large,2 Months,16,150000
Bhilai,M.Com,Digital Marketing Executive,Contract,Large,15 Days,1,104000
Bhatapara,BA,Business Analyst,Full Time,Medium,3 Months,5,63000
Manendragarh,BBA,Digital Marketing Executive,Full Time,Medium,15 Days,4,71000
Bhatapara,Diploma,Content Writer,Contract,Large,3 Months,3,32000
Rajnandgaon,MA,Digital Marketing Executive,Part Time,Medium,30 Days,1,45000
Durg,BA,Business Analyst,Full Time,Medium,45 Days,7,79000
Raipur,MBA,Digital Marketing Executive,Full Time,Small,15 Days,7,150000
Ambikapur,Diploma,Accountant,Full Time,Medium,30 Days,9,56000
Rajnandgaon,12th Pass,Accountant,Full Time,Medium,45 Days,2,24000
Mungeli,MA,MIS Executive,Intern,Small,30 Days,16,61000
Bhilai,MBA,Account Manager,Full Time,Medium,45 Days,15,150000
Mahasamund,BBA,Accountant,Part Time,Small,Immediately,0,22000
Bemetra,MA,Sales Executive,Intern,Large,30 Days,3,37000
Sakti,10th Pass,Sales Executive,Contract,Medium,45 Days,5,19000
Ambikapur,10th Pass,Customer Support,Contract,Small,15 Days,7,14000
Raigarh,12th Pass,Content Writer,Full Time,Medium,15 Days,0,18000
Mungeli,10th Pass,Computer Operator,Contract,Large,30 Days,4,17000
Mungeli,MA,Digital Marketing Executive,Intern,Large,2 Months,8,58000
Raigarh,MA,Business Analyst,Full Time,Large,2 Months,8,150000
Ambikapur,B.Com,HR Executive,Part Time,Medium,30 Days,4,33000
Raigarh,10th Pass,Customer Support,Full Time,Large,15 Days,5,20000
Chirmiri,BA,HR Executive,Full Time,Large,30 Days,4,54000
Bilaspur,BA,Digital Marketing Executive,Full Time,Medium,45 Days,6,51000
Durg,MBA,Account Manager,Full Time,Medium,2 Months,7,150000
Sakti,B.Com,Business Analyst,Full Time,Large,Immediately,3,95000
Ambikapur,12th Pass,Customer Support,Full Time,Small,30 Days,0,13000
Ambikapur,B.Com,HR Executive,Full Time,Small,2 Months,1,35000
Dhamtari,10th Pass,Customer Support,Full Time,Large,15 Days,7,23000
Mungeli,BA,Digital Marketing Executive,Full Time,Medium,3 Months,7,58000
Bilaspur,B.Com,Account Manager,Full Time,Medium,45 Days,8,74000
Dalli-Rajhara,MA,HR Executive,Full Time,Medium,30 Days,9,125000
Tilda Newra,MA,Digital Marketing Executive,Full Time,Small,2 Months,12,131000
Dalli-Rajhara,BA,Account Manager,Intern,Large,Immediately,6,32000
Rajnandgaon,BBA,Account Manager,Full Time,Small,2 Months,3,65000
Durg,BCA,Accountant,Part Time,Medium,Immediately,0,27000
Korba,BCA,Business Analyst,Full Time,Large,30 Days,10,145000
Durg,Diploma,Sales Executive,Full Time,Large,2 Months,5,55000
Bhatapara,12th Pass,Customer Support,Full Time,Medium,45 Days,8,30000
Bhatapara,BCA,Business Analyst,Full Time,Large,30 Days,7,150000
Naila Janjgir,BBA,Sales Executive,Full Time,Medium,30 Days,3,62000
Naila Janjgir,B.Com,Customer Support,Full Time,Small,2 Months,2,33000
Mungeli,BCA,MIS Executive,Intern,Large,45 Days,3,30000
Dhamtari,BCA,Customer Support,Contract,Large,30 Days,0,42000
Bhilai,M.Com,HR Executive,Part Time,Large,30 Days,4,66000
Jagdalpur,MBA,MIS Executive,Full Time,Large,30 Days,4,150000
Raipur,MBA,Business Analyst,Full Time,Large,45 Days,13,150000
Mungeli,BA,MIS Executive,Full Time,Large,3 Months,9,92000
Raipur,BBA,HR Executive,Full Time,Large,3 Months,11,108000
Mungeli,12th Pass,Content Writer,Full Time,Small,3 Months,11,35000
Chirmiri,M.Com,Digital Marketing Executive,Full Time,Small,30 Days,5,91000
Naila Janjgir,12th Pass,Accountant,Part Time,Medium,Immediately,0,13000
Mungeli,12th Pass,Computer Operator,Full Time,Medium,45 Days,6,25000
Bhatapara,BA,Account Manager,Full Time,Medium,Immediately,4,56000
Raipur,M.Com,Business Analyst,Full Time,Medium,30 Days,5,148000
Mahasamund,BCA,HR Executive,Part Time,Large,45 Days,0,32000
Bhatapara,BBA,Business Analyst,Contract,Medium,45 Days,6,91000
Ambikapur,Diploma,Customer Support,Full Time,Medium,15 Days,7,38000
Ambikapur,MA,Digital Marketing Executive,Full Time,Large,45 Days,20,150000
Dalli-Rajhara,BA,Content Writer,Part Time,Small,2 Months,2,18000
Bhilai,10th Pass,Customer Support,Full Time,Small,15 Days,1,12000
Jagdalpur,MA,MIS Executive,Contract,Small,2 Months,5,69000
Bhilai,MBA,Business Analyst,Full Time,Medium,45 Days,18,150000
Durg,MBA,Digital Marketing Executive,Full Time,Small,3 Months,18,150000
Bemetra,12th Pass,Computer Operator,Part Time,Small,15 Days,0,12000
Durg,MBA,Business Analyst,Full Time,Large,15 Days,7,150000
Ambikapur,BCA,HR Executive,Part Time,Small,45 Days,12,47000
Manendragarh,M.Com,Digital Marketing Executive,Full Time,Large,45 Days,11,150000
Mahasamund,B.Com,Accountant,Full Time,Large,30 Days,0,52000
Tilda Newra,BCA,Sales Executive,Contract,Medium,2 Months,11,86000
Durg,M.Com,HR Executive,Intern,Medium,3 Months,9,48000
Raigarh,Diploma,Customer Support,Full Time,Medium,30 Days,1,24000
Dhamtari,10th Pass,Sales Executive,Full Time,Medium,30 Days,4,21000
Jagdalpur,10th Pass,Customer Support,Part Time,Medium,Immediately,1,12000
Ambikapur,MBA,MIS Executive,Full Time,Large,45 Days,18,150000
Mahasamund,BA,Sales Executive,Part Time,Small,30 Days,2,18000
Chirmiri,10th Pass,Customer Support,Contract,Small,Immediately,2,12000
Dhamtari,Diploma,Computer Operator,Full Time,Small,45 Days,2,21000
Chirmiri,10th Pass,Customer Support,Contract,Medium,2 Months,2,12000
Bilaspur,BBA,Content Writer,Contract,Small,15 Days,0,33000
Chirmiri,B.Com,Business Analyst,Contract,Small,3 Months,12,90000
Ambikapur,B.Com,Sales Executive,Full Time,Large,15 Days,10,94000
Bemetra,12th Pass,Content Writer,Full Time,Small,2 Months,8,29000
Mungeli,12th Pass,Computer Operator,Full Time,Small,30 Days,3,16000
Mungeli,BA,Business Analyst,Full Time,Medium,45 Days,3,54000
Bhilai,12th Pass,Customer Support,Intern,Small,2 Months,3,8000
Dalli-Rajhara,12th Pass,Sales Executive,Full Time,Large,45 Days,8,48000
Manendragarh,10th Pass,Computer Operator,Intern,Medium,2 Months,3,8000
Naila Janjgir,BBA,HR Executive,Full Time,Large,Immediately,0,55000
Jagdalpur,MBA,Account Manager,Full Time,Small,3 Months,17,150000
Dalli-Rajhara,Diploma,Computer Operator,Contract,Large,3 Months,0,19000
Korba,BA,Business Analyst,Intern,Small,3 Months,3,18000
Dalli-Rajhara,12th Pass,Content Writer,Full Time,Small,45 Days,4,24000
Raigarh,M.Com,Business Analyst,Full Time,Small,2 Months,9,147000
Rajnandgaon,MA,HR Executive,Full Time,Large,45 Days,6,112000
Korba,M.Com,HR Executive,Full Time,Medium,2 Months,20,150000
Sakti,M.Com,Account Manager,Part Time,Small,15 Days,4,67000
Rajnandgaon,Diploma,Accountant,Full Time,Large,30 Days,3,47000
Dhamtari,M.Com,Digital Marketing Executive,Full Time,Medium,3 Months,6,128000
Raigarh,B.Com,Account Manager,Intern,Medium,45 Days,4,26000
Bemetra,Diploma,Accountant,Full Time,Small,15 Days,9,50000
Sakti,MBA,HR Executive,Full Time,Medium,30 Days,13,150000
Mahasamund,10th Pass,Customer Support,Part Time,Medium,15 Days,2,12000
Sakti,BBA,Content Writer,Full Time,Medium,15 Days,2,48000
Rajnandgaon,MBA,Account Manager,Contract,Medium,30 Days,10,150000
Bilaspur,BBA,Sales Executive,Full Time,Large,15 Days,2,76000
Bilaspur,B.Com,HR Executive,Full Time,Small,2 Months,4,44000
Dalli-Rajhara,BBA,Account Manager,Full Time,Large,15 Days,7,138000
Korba,M.Com,HR Executive,Part Time,Medium,3 Months,8,65000
Sakti,BA,HR Executive,Full Time,Large,30 Days,5,53000
Raipur,BCA,MIS Executive,Full Time,Medium,2 Months,11,120000
Bilaspur,B.Com,Content Writer,Intern,Small,15 Days,0,10000
Chirmiri,10th Pass,Computer Operator,Full Time,Small,2 Months,5,12000
Korba,MA,Digital Marketing Executive,Contract,Large,30 Days,4,104000
Tilda Newra,M.Com,Digital Marketing Executive,Full Time,Large,2 Months,9,150000
Mahasamund,12th Pass,Computer Operator,Full Time,Large,30 Days,6,31000
Jagdalpur,MA,HR Executive,Part Time,Medium,3 Months,9,62000
Manendragarh,MBA,MIS Executive,Full Time,Medium,15 Days,2,130000
Sakti,MBA,Business Analyst,Intern,Large,45 Days,13,150000
Chirmiri,BBA,MIS Executive,Part Time,Medium,45 Days,7,53000
Bilaspur,M.Com,HR Executive,Part Time,Large,15 Days,4,60000
Dalli-Rajhara,BCA,Content Writer,Full Time,Medium,2 Months,0,42000
Rajnandgaon,MA,HR Executive,Part Time,Large,45 Days,2,48000
Dhamtari,M.Com,Digital Marketing Executive,Contract,Large,45 Days,3,124000
Rajnandgaon,10th Pass,Computer Operator,Part Time,Small,30 Days,2,12000
Chirmiri,MBA,Account Manager,Full Time,Medium,45 Days,10,150000
Korba,Diploma,Customer Support,Full Time,Medium,Immediately,5,27000
Tilda Newra,12th Pass,Sales Executive,Full Time,Small,3 Months,7,34000
Korba,12th Pass,Sales Executive,Part Time,Medium,30 Days,1,15000
Bilaspur,BA,Sales Executive,Full Time,Small,2 Months,2,32000
Sakti,10th Pass,Computer Operator,Full Time,Large,2 Months,5,17000
Durg,M.Com,Business Analyst,Full Time,Large,3 Months,6,150000
Mahasamund,BCA,Digital Marketing Executive,Contract,Small,15 Days,2,47000
Naila Janjgir,B.Com,Content Writer,Full Time,Small,Immediately,2,34000
Bemetra,MBA,Sales Executive,Full Time,Small,2 Months,2,84000
Ambikapur,BCA,Account Manager,Full Time,Medium,30 Days,4,94000
Sakti,B.Com,Account Manager,Full Time,Medium,2 Months,7,85000
Naila Janjgir,B.Com,Digital Marketing Executive,Contract,Medium,3 Months,10,78000
Chirmiri,MBA,Business Analyst,Part Time,Small,2 Months,10,141000
Durg,BCA,Accountant,Part Time,Medium,15 Days,0,31000
Chirmiri,BA,Account Manager,Contract,Large,45 Days,12,95000
Raipur,B.Com,Content Writer,Contract,Medium,15 Days,1,35000
Bilaspur,Diploma,Sales Executive,Full Time,Large,3 Months,13,81000
Chirmiri,10th Pass,Computer Operator,Full Time,Small,30 Days,3,12000
Raipur,MA,HR Executive,Full Time,Small,3 Months,13,113000
Raipur,12th Pass,Accountant,Part Time,Small,30 Days,11,22000
Mungeli,B.Com,MIS Executive,Full Time,Small,3 Months,7,60000
Bhatapara,BCA,Content Writer,Full Time,Small,15 Days,2,38000
Jagdalpur,M.Com,MIS Executive,Full Time,Small,45 Days,4,90000
Sakti,12th Pass,Customer Support,Contract,Large,45 Days,2,22000
Bemetra,MBA,HR Executive,Intern,Large,2 Months,6,68000
Bhilai,10th Pass,Computer Operator,Contract,Small,3 Months,1,12000
Bemetra,M.Com,MIS Executive,Full Time,Medium,45 Days,9,147000
Tilda Newra,BBA,Content Writer,Contract,Small,15 Days,0,32000
Mahasamund,MA,Account Manager,Full Time,Small,2 Months,7,105000
Mungeli,BA,Content Writer,Full Time,Large,30 Days,0,34000
Bemetra,B.Com,Sales Executive,Full Time,Medium,2 Months,11,78000
Raipur,10th Pass,Sales Executive,Intern,Small,30 Days,0,8000
Tilda Newra,12th Pass,Customer Support,Part Time,Large,30 Days,1,14000
Bhilai,B.Com,Account Manager,Full Time,Large,30 Days,11,140000
Mungeli,BA,Customer Support,Contract,Medium,15 Days,0,21000
Ambikapur,MBA,Digital Marketing Executive,Full Time,Medium,30 Days,20,150000
Tilda Newra,MBA,HR Executive,Full Time,Medium,Immediately,1,92000
Bilaspur,Diploma,Customer Support,Full Time,Small,2 Months,7,27000
Tilda Newra,Diploma,Sales Executive,Contract,Large,45 Days,2,39000
Mungeli,MBA,Business Analyst,Contract,Medium,2 Months,8,150000
Jagdalpur,10th Pass,Customer Support,Full Time,Medium,45 Days,4,16000
Bhilai,MA,Account Manager,Full Time,Large,15 Days,3,140000
Raigarh,M.Com,HR Executive,Intern,Small,30 Days,8,43000
Dalli-Rajhara,10th Pass,Sales Executive,Part Time,Medium,15 Days,1,12000
Naila Janjgir,M.Com,Account Manager,Intern,Medium,45 Days,9,70000
Naila Janjgir,Diploma,Sales Executive,Full Time,Medium,45 Days,12,67000
Ambikapur,MBA,MIS Executive,Part Time,Small,3 Months,15,124000
Mungeli,BCA,HR Executive,Part Time,Large,2 Months,0,34000
Bhilai,12th Pass,Content Writer,Full Time,Medium,30 Days,3,23000
Durg,MBA,MIS Executive,Full Time,Large,30 Days,4,150000
Dhamtari,BBA,MIS Executive,Full Time,Small,15 Days,6,65000
Naila Janjgir,MA,HR Executive,Full Time,Large,30 Days,9,140000
Manendragarh,MA,Digital Marketing Executive,Full Time,Medium,2 Months,11,118000
Ambikapur,10th Pass,Computer Operator,Full Time,Medium,3 Months,8,19000
Mahasamund,12th Pass,Content Writer,Full Time,Small,15 Days,1,17000
Dalli-Rajhara,BCA,MIS Executive,Full Time,Medium,Immediately,6,83000
Naila Janjgir,MA,Account Manager,Full Time,Medium,15 Days,1,81000
Rajnandgaon,MBA,Business Analyst,Full Time,Medium,2 Months,15,150000
Korba,BCA,Business Analyst,Full Time,Small,3 Months,5,90000
Mungeli,MA,MIS Executive,Part Time,Small,3 Months,10,67000
Tilda Newra,M.Com,MIS Executive,Full Time,Large,2 Months,8,150000
Jagdalpur,12th Pass,Sales Executive,Full Time,Small,30 Days,2,22000
Manendragarh,MA,Digital Marketing Executive,Full Time,Small,30 Days,3,67000
Mahasamund,BCA,Accountant,Full Time,Medium,30 Days,1,50000
Bilaspur,Diploma,Content Writer,Full Time,Medium,2 Months,15,59000
Sakti,MBA,Digital Marketing Executive,Intern,Large,2 Months,2,55000
Rajnandgaon,M.Com,Account Manager,Full Time,Medium,3 Months,7,150000
Ambikapur,B.Com,HR Executive,Contract,Medium,30 Days,15,69000
Bilaspur,12th Pass,Accountant,Contract,Medium,Immediately,0,20000
Tilda Newra,MA,MIS Executive,Full Time,Medium,3 Months,8,120000
Bemetra,MA,Digital Marketing Executive,Full Time,Large,45 Days,8,131000
Dhamtari,BCA,Business Analyst,Contract,Large,45 Days,4,96000
Naila Janjgir,10th Pass,Customer Support,Full Time,Small,45 Days,7,17000
Mungeli,M.Com,Account Manager,Full Time,Small,2 Months,13,150000
Bilaspur,MBA,Digital Marketing Executive,Full Time,Large,30 Days,9,150000
Mungeli,B.Com,Sales Executive,Intern,Medium,45 Days,4,23000
Durg,Diploma,Sales Executive,Full Time,Medium,Immediately,7,46000
Korba,MBA,Business Analyst,Contract,Medium,Immediately,5,150000
Korba,BBA,Sales Executive,Full Time,Large,3 Months,7,89000
Durg,Diploma,Sales Executive,Full Time,Large,45 Days,11,84000
Korba,10th Pass,Computer Operator,Full Time,Medium,3 Months,7,16000
Raigarh,BBA,Account Manager,Full Time,Medium,3 Months,6,93000
Korba,Diploma,Customer Support,Contract,Small,30 Days,7,27000
Jagdalpur,BBA,MIS Executive,Full Time,Small,Immediately,3,62000
Naila Janjgir,BBA,Digital Marketing Executive,Full Time,Medium,30 Days,2,70000
Ambikapur,B.Com,HR Executive,Contract,Large,2 Months,4,57000
Mungeli,M.Com,Business Analyst,Full Time,Small,45 Days,15,150000
Dalli-Rajhara,Diploma,Accountant,Full Time,Small,45 Days,2,26000
Jagdalpur,M.Com,MIS Executive,Full Time,Large,Immediately,1,114000
Naila Janjgir,MA,Digital Marketing Executive,Full Time,Medium,2 Months,4,87000
Dhamtari,BCA,MIS Executive,Full Time,Medium,15 Days,11,130000
Dalli-Rajhara,MBA,Account Manager,Full Time,Large,2 Months,17,150000
Chirmiri,M.Com,Digital Marketing Executive,Full Time,Large,2 Months,8,150000
Raigarh,M.Com,MIS Executive,Full Time,Small,2 Months,4,86000
Chirmiri,Diploma,Computer Operator,Full Time,Medium,2 Months,10,36000
Tilda Newra,MBA,Business Analyst,Full Time,Small,2 Months,8,150000
Chirmiri,BBA,Digital Marketing Executive,Full Time,Medium,2 Months,8,95000
Dhamtari,12th Pass,Accountant,Part Time,Small,15 Days,6,19000
Raigarh,12th Pass,Content Writer,Full Time,Large,45 Days,1,23000
Manendragarh,10th Pass,Computer Operator,Contract,Small,45 Days,3,12000
Jagdalpur,BA,Business Analyst,Part Time,Small,Immediately,6,37000
Bemetra,BCA,Digital Marketing Executive,Full Time,Large,3 Months,6,100000
Mahasamund,12th Pass,Accountant,Part Time,Large,Immediately,4,22000
Raigarh,M.Com,MIS Executive,Full Time,Medium,30 Days,4,104000
Dhamtari,BBA,Sales Executive,Full Time,Large,30 Days,6,91000
Mahasamund,12th Pass,Content Writer,Full Time,Small,30 Days,6,25000
Bhatapara,MA,MIS Executive,Full Time,Medium,45 Days,2,70000
Ambikapur,12th Pass,Computer Operator,Part Time,Medium,2 Months,11,17000
Manendragarh,B.Com,Business Analyst,Full Time,Small,Immediately,14,98000
Dalli-Rajhara,MBA,Account Manager,Full Time,Small,2 Months,3,137000
Sakti,BCA,Digital Marketing Executive,Full Time,Small,3 Months,12,95000
Mungeli,10th Pass,Sales Executive,Full Time,Large,2 Months,8,28000
Rajnandgaon,10th Pass,Customer Support,Contract,Large,3 Months,5,17000
Bemetra,BA,Sales Executive,Full Time,Medium,3 Months,1,38000
Korba,BBA,Account Manager,Part Time,Large,15 Days,8,73000
Bemetra,12th Pass,Sales Executive,Part Time,Medium,30 Days,3,15000
Bhatapara,Diploma,Content Writer,Full Time,Medium,30 Days,7,39000
Ambikapur,BCA,Accountant,Full Time,Small,Immediately,1,47000
Rajnandgaon,Diploma,Content Writer,Full Time,Large,Immediately,4,46000
Chirmiri,BBA,Content Writer,Full Time,Small,15 Days,2,43000
Dhamtari,BCA,Content Writer,Full Time,Large,45 Days,1,50000
Tilda Newra,12th Pass,Accountant,Part Time,Large,45 Days,3,19000
Mahasamund,MBA,Account Manager,Full Time,Medium,15 Days,3,138000
Raigarh,12th Pass,Sales Executive,Part Time,Large,15 Days,0,16000
Raigarh,MBA,Account Manager,Full Time,Small,2 Months,3,145000
Korba,M.Com,Sales Executive,Full Time,Large,2 Months,4,122000
Ambikapur,BA,Sales Executive,Full Time,Large,30 Days,0,38000
Naila Janjgir,BA,Business Analyst,Full Time,Medium,2 Months,9,81000
Jagdalpur,B.Com,MIS Executive,Full Time,Medium,Immediately,13,104000
Sakti,M.Com,Account Manager,Full Time,Small,15 Days,14,150000
Bhatapara,BA,Digital Marketing Executive,Contract,Large,45 Days,10,79000
Dalli-Rajhara,12th Pass,Content Writer,Intern,Large,30 Days,0,8000
Manendragarh,MBA,MIS Executive,Part Time,Medium,45 Days,20,150000
Bemetra,BA,MIS Executive,Contract,Large,3 Months,6,68000
Dalli-Rajhara,MBA,Digital Marketing Executive,Intern,Large,30 Days,13,113000
Jagdalpur,BCA,Business Analyst,Full Time,Medium,45 Days,10,121000
Bhatapara,10th Pass,Sales Executive,Full Time,Large,2 Months,3,26000
Ambikapur,M.Com,Account Manager,Contract,Small,Immediately,8,125000
Durg,BBA,Digital Marketing Executive,Full Time,Large,15 Days,12,148000
Sakti,MBA,MIS Executive,Full Time,Large,Immediately,8,150000
Raigarh,10th Pass,Computer Operator,Contract,Small,30 Days,2,12000
Chirmiri,10th Pass,Computer Operator,Full Time,Small,15 Days,1,12000
Dalli-Rajhara,MA,Business Analyst,Full Time,Small,45 Days,6,96000
Manendragarh,MA,Digital Marketing Executive,Full Time,Small,45 Days,5,82000
Dalli-Rajhara,BA,Digital Marketing Executive,Full Time,Medium,15 Days,0,36000
Bilaspur,BCA,Business Analyst,Full Time,Medium,2 Months,11,132000
Mungeli,Diploma,Content Writer,Part Time,Medium,2 Months,7,22000
Bemetra,BCA,Business Analyst,Part Time,Small,2 Months,10,66000
Raigarh,M.Com,Account Manager,Part Time,Medium,3 Months,10,129000
Raipur,BBA,Digital Marketing Executive,Full Time,Small,45 Days,6,71000
Jagdalpur,MBA,Digital Marketing Executive,Full Time,Medium,30 Days,4,134000
Naila Janjgir,MA,Business Analyst,Full Time,Large,30 Days,7,150000
Durg,10th Pass,Computer Operator,Full Time,Large,30 Days,4,15000
Durg,MA,MIS Executive,Full Time,Medium,30 Days,10,136000
Korba,M.Com,Account Manager,Full Time,Medium,30 Days,13,150000
Bilaspur,12th Pass,Computer Operator,Part Time,Large,45 Days,2,12000
Durg,BA,Accountant,Contract,Large,45 Days,0,37000
Bhatapara,BBA,Digital Marketing Executive,Full Time,Small,45 Days,3,50000
Ambikapur,BBA,MIS Executive,Part Time,Medium,2 Months,6,45000
Rajnandgaon,BCA,Customer Support,Full Time,Large,15 Days,1,53000
Raipur,12th Pass,Computer Operator,Full Time,Large,2 Months,3,21000
Raipur,MA,MIS Executive,Full Time,Large,45 Days,14,150000
Korba,MBA,Business Analyst,Full Time,Large,2 Months,13,150000
Dhamtari,M.Com,Business Analyst,Full Time,Medium,45 Days,8,150000
Raipur,B.Com,Digital Marketing Executive,Contract,Small,30 Days,0,34000
Dhamtari,BA,Account Manager,Full Time,Large,2 Months,7,80000
Korba,12th Pass,Content Writer,Full Time,Medium,30 Days,3,24000
Mungeli,12th Pass,Customer Support,Full Time,Large,30 Days,6,36000
Dhamtari,BCA,Accountant,Full Time,Medium,30 Days,2,62000
Ambikapur,BBA,Accountant,Full Time,Large,Immediately,1,63000
Korba,B.Com,Sales Executive,Intern,Medium,Immediately,0,15000
Bemetra,12th Pass,Customer Support,Intern,Small,15 Days,0,8000
Rajnandgaon,BCA,Business Analyst,Full Time,Medium,45 Days,3,85000
Naila Janjgir,BCA,Account Manager,Full Time,Large,45 Days,6,133000
Mahasamund,Diploma,Accountant,Full Time,Small,2 Months,3,33000
Durg,BCA,Account Manager,Contract,Medium,30 Days,11,123000
Bemetra,MBA,Sales Executive,Part Time,Large,15 Days,1,76000
Bhatapara,BBA,Sales Executive,Full Time,Large,2 Months,2,78000
Ambikapur,BCA,Accountant,Contract,Medium,Immediately,2,52000
Mungeli,MA,HR Executive,Full Time,Medium,Immediately,8,104000
Dalli-Rajhara,BCA,Business Analyst,Full Time,Medium,30 Days,14,150000
Manendragarh,10th Pass,Sales Executive,Full Time,Medium,2 Months,5,22000
Ambikapur,M.Com,Account Manager,Full Time,Small,30 Days,10,150000
Jagdalpur,12th Pass,Content Writer,Contract,Small,15 Days,6,24000
Mungeli,10th Pass,Computer Operator,Part Time,Large,Immediately,1,12000
Chirmiri,10th Pass,Customer Support,Full Time,Small,2 Months,3,12000
Dalli-Rajhara,BA,Account Manager,Full Time,Small,3 Months,7,57000
Raigarh,MA,Digital Marketing Executive,Full Time,Large,2 Months,12,150000
Bhilai,12th Pass,Accountant,Part Time,Medium,2 Months,4,17000
Raipur,B.Com,Account Manager,Full Time,Medium,15 Days,3,67000
Bhilai,BCA,Business Analyst,Part Time,Medium,2 Months,7,60000
Sakti,10th Pass,Computer Operator,Full Time,Small,3 Months,5,12000
Tilda Newra,BA,HR Executive,Full Time,Small,3 Months,5,36000
Jagdalpur,10th Pass,Sales Executive,Part Time,Large,15 Days,0,12000
Rajnandgaon,BBA,Content Writer,Contract,Medium,45 Days,2,46000
Rajnandgaon,B.Com,Account Manager,Full Time,Small,Immediately,3,52000
Bemetra,MA,Account Manager,Full Time,Large,3 Months,14,150000
Raipur,BA,Sales Executive,Contract,Small,45 Days,1,28000
Rajnandgaon,12th Pass,Sales Executive,Contract,Small,15 Days,4,23000
Bhatapara,BBA,Sales Executive,Full Time,Small,30 Days,5,62000
Dalli-Rajhara,BA,Accountant,Full Time,Medium,Immediately,1,39000
Bhatapara,10th Pass,Computer Operator,Full Time,Small,2 Months,3,12000
Manendragarh,10th Pass,Computer Operator,Full Time,Large,45 Days,2,15000
Rajnandgaon,M.Com,HR Executive,Full Time,Medium,2 Months,7,114000
Jagdalpur,B.Com,MIS Executive,Full Time,Small,Immediately,13,76000
Naila Janjgir,BA,HR Executive,Part Time,Medium,30 Days,14,46000
Chirmiri,BCA,HR Executive,Full Time,Medium,Immediately,1,45000
Ambikapur,MA,Digital Marketing Executive,Full Time,Medium,15 Days,14,150000
Dhamtari,M.Com,HR Executive,Part Time,Large,45 Days,7,76000
Ambikapur,Diploma,Customer Support,Part Time,Small,15 Days,8,18000
Korba,MA,Business Analyst,Contract,Small,2 Months,19,150000
Bhilai,12th Pass,Sales Executive,Full Time,Small,3 Months,10,33000
Sakti,BCA,Sales Executive,Full Time,Medium,15 Days,0,50000
Rajnandgaon,MA,MIS Executive,Full Time,Large,15 Days,2,90000
Naila Janjgir,10th Pass,Sales Executive,Full Time,Small,15 Days,3,14000
Naila Janjgir,BA,MIS Executive,Full Time,Large,30 Days,3,60000
Bemetra,MBA,MIS Executive,Contract,Small,2 Months,7,119000
Sakti,MBA,Business Analyst,Full Time,Large,15 Days,11,150000
Ambikapur,10th Pass,Sales Executive,Full Time,Medium,30 Days,4,20000
Mungeli,MBA,Digital Marketing Executive,Full Time,Large,15 Days,15,150000
Manendragarh,BCA,MIS Executive,Full Time,Medium,30 Days,8,107000
Rajnandgaon,BCA,Digital Marketing Executive,Full Time,Large,2 Months,10,129000
Korba,BA,Digital Marketing Executive,Full Time,Large,45 Days,3,56000
Dhamtari,M.Com,MIS Executive,Full Time,Small,30 Days,17,150000
Tilda Newra,10th Pass,Sales Executive,Full Time,Large,45 Days,5,28000
Manendragarh,MA,Digital Marketing Executive,Full Time,Small,2 Months,18,141000
Tilda Newra,12th Pass,Customer Support,Full Time,Medium,45 Days,5,24000
Bilaspur,BA,Digital Marketing Executive,Full Time,Medium,2 Months,3,45000
Rajnandgaon,Diploma,Content Writer,Full Time,Large,15 Days,8,58000
Bemetra,MA,HR Executive,Part Time,Small,2 Months,13,60000
Bhilai,BA,Business Analyst,Full Time,Large,3 Months,6,97000
Bhatapara,MBA,Account Manager,Full Time,Medium,2 Months,7,150000
Tilda Newra,Diploma,Accountant,Full Time,Small,30 Days,5,38000
Durg,12th Pass,Content Writer,Full Time,Large,15 Days,9,42000
Bemetra,MA,Business Analyst,Part Time,Medium,45 Days,15,108000
Korba,BBA,Sales Executive,Part Time,Large,15 Days,11,74000
Mahasamund,12th Pass,Sales Executive,Full Time,Medium,3 Months,8,37000
Tilda Newra,BA,Sales Executive,Full Time,Small,15 Days,6,46000
Mungeli,M.Com,Sales Executive,Contract,Large,45 Days,2,105000
Chirmiri,MBA,Account Manager,Full Time,Large,15 Days,2,150000
Raigarh,12th Pass,Accountant,Full Time,Medium,3 Months,5,29000
Bhatapara,12th Pass,Customer Support,Intern,Small,45 Days,5,8000
Chirmiri,Diploma,Content Writer,Full Time,Small,2 Months,5,34000
Jagdalpur,BA,Business Analyst,Full Time,Small,3 Months,12,88000
Raigarh,BA,Business Analyst,Full Time,Small,3 Months,7,66000
Dhamtari,Diploma,Customer Support,Intern,Small,30 Days,4,11000
Dalli-Rajhara,BA,Business Analyst,Full Time,Medium,2 Months,7,79000
Bhilai,10th Pass,Customer Support,Full Time,Small,Immediately,3,13000
Bemetra,10th Pass,Computer Operator,Full Time,Medium,30 Days,8,19000
Ambikapur,10th Pass,Computer Operator,Full Time,Large,15 Days,0,12000
Raipur,B.Com,MIS Executive,Full Time,Small,3 Months,12,78000
Raipur,Diploma,Computer Operator,Intern,Medium,3 Months,13,15000
Tilda Newra,Diploma,Customer Support,Full Time,Large,30 Days,7,43000
Raigarh,10th Pass,Sales Executive,Part Time,Medium,45 Days,5,14000
Raigarh,M.Com,Account Manager,Full Time,Small,30 Days,1,80000
Naila Janjgir,BCA,Content Writer,Full Time,Medium,15 Days,0,39000
Tilda Newra,Diploma,Accountant,Full Time,Large,Immediately,0,36000
Mahasamund,B.Com,Business Analyst,Intern,Medium,30 Days,10,44000
Bhilai,MA,HR Executive,Full Time,Large,30 Days,5,109000
Dhamtari,BCA,MIS Executive,Full Time,Large,45 Days,10,129000
Korba,BA,Digital Marketing Executive,Full Time,Small,3 Months,2,38000
Dalli-Rajhara,MBA,Account Manager,Full Time,Medium,30 Days,14,150000
Mungeli,12th Pass,Computer Operator,Full Time,Large,45 Days,6,29000
Bemetra,M.Com,MIS Executive,Full Time,Small,3 Months,5,109000
Naila Janjgir,MA,HR Executive,Full Time,Medium,3 Months,7,83000
Ambikapur,M.Com,Business Analyst,Full Time,Medium,45 Days,8,150000
Bilaspur,BCA,Sales Executive,Full Time,Medium,Immediately,3,60000
Mahasamund,M.Com,Account Manager,Full Time,Large,2 Months,15,150000
Durg,10th Pass,Sales Executive,Full Time,Large,30 Days,0,19000
Raigarh,MA,Digital Marketing Executive,Full Time,Large,3 Months,11,150000
Bilaspur,BA,Digital Marketing Executive,Full Time,Medium,30 Days,2,46000
Korba,10th Pass,Sales Executive,Full Time,Large,2 Months,5,27000
Chirmiri,12th Pass,Sales Executive,Full Time,Small,15 Days,0,20000
Korba,B.Com,HR Executive,Intern,Medium,2 Months,9,26000
Chirmiri,BCA,Customer Support,Contract,Small,15 Days,0,29000
Raipur,M.Com,HR Executive,Full Time,Large,3 Months,14,150000
Mungeli,10th Pass,Sales Executive,Contract,Medium,30 Days,0,14000
Korba,BBA,Sales Executive,Full Time,Small,15 Days,1,44000
Bemetra,BBA,HR Executive,Part Time,Medium,45 Days,0,29000
Naila Janjgir,MA,HR Executive,Part Time,Medium,3 Months,15,88000
Dalli-Rajhara,MBA,Sales Executive,Full Time,Small,Immediately,1,82000
Durg,Diploma,Accountant,Full Time,Large,Immediately,0,38000
Mahasamund,Diploma,Accountant,Part Time,Large,45 Days,3,26000
Raipur,12th Pass,Sales Executive,Part Time,Small,30 Days,0,12000
Dalli-Rajhara,12th Pass,Accountant,Contract,Large,2 Months,6,38000
Durg,MBA,MIS Executive,Full Time,Medium,3 Months,6,150000
Dalli-Rajhara,BBA,Business Analyst,Contract,Medium,2 Months,4,75000
Chirmiri,BCA,Sales Executive,Part Time,Large,3 Months,10,67000
Mahasamund,B.Com,Accountant,Part Time,Large,3 Months,0,27000
Korba,BBA,Business Analyst,Full Time,Large,2 Months,10,134000
Jagdalpur,BBA,Account Manager,Full Time,Small,3 Months,7,83000
Manendragarh,MBA,MIS Executive,Full Time,Large,3 Months,10,150000
Durg,BCA,Accountant,Part Time,Small,Immediately,0,26000
Mahasamund,MBA,HR Executive,Full Time,Medium,3 Months,5,137000
Durg,BCA,Sales Executive,Part Time,Medium,Immediately,4,36000
Mahasamund,B.Com,Account Manager,Full Time,Large,30 Days,12,150000
Dhamtari,MA,MIS Executive,Full Time,Medium,45 Days,15,150000
Bhatapara,B.Com,Accountant,Full Time,Large,2 Months,2,65000
Chirmiri,BBA,Sales Executive,Full Time,Small,Immediately,1,43000
Jagdalpur,10th Pass,Computer Operator,Full Time,Small,Immediately,2,12000
Manendragarh,B.Com,Content Writer,Full Time,Small,30 Days,2,38000
Bilaspur,BBA,Account Manager,Part Time,Large,15 Days,11,94000
Chirmiri,12th Pass,Sales Executive,Full Time,Medium,30 Days,3,26000
Bhilai,MBA,Business Analyst,Full Time,Medium,2 Months,11,150000
Jagdalpur,Diploma,Accountant,Full Time,Medium,45 Days,12,52000
Jagdalpur,MA,Business Analyst,Full Time,Small,30 Days,6,116000
Mahasamund,M.Com,Account Manager,Full Time,Large,15 Days,7,150000
Mahasamund,B.Com,MIS Executive,Full Time,Small,2 Months,7,56000
Mungeli,Diploma,Customer Support,Full Time,Medium,Immediately,6,30000
Korba,MA,Digital Marketing Executive,Full Time,Large,3 Months,16,150000
Ambikapur,10th Pass,Sales Executive,Full Time,Small,30 Days,3,15000
Durg,MA,Digital Marketing Executive,Full Time,Large,45 Days,3,101000
Rajnandgaon,12th Pass,Content Writer,Part Time,Large,45 Days,4,18000
Raigarh,Diploma,Computer Operator,Full Time,Large,15 Days,4,31000
Raipur,BA,Customer Support,Contract,Large,30 Days,0,29000
Manendragarh,MA,MIS Executive,Full Time,Large,15 Days,19,150000
Dhamtari,12th Pass,Content Writer,Part Time,Medium,Immediately,2,13000
Rajnandgaon,BBA,HR Executive,Contract,Large,15 Days,2,58000
Bilaspur,MBA,Digital Marketing Executive,Full Time,Small,3 Months,5,122000
Rajnandgaon,BCA,MIS Executive,Contract,Large,30 Days,14,141000
Dalli-Rajhara,MBA,Account Manager,Full Time,Medium,15 Days,3,150000
Korba,12th Pass,Content Writer,Full Time,Medium,30 Days,2,21000
Sakti,B.Com,Sales Executive,Full Time,Small,3 Months,5,53000
Naila Janjgir,10th Pass,Customer Support,Contract,Large,15 Days,2,14000
Bhilai,M.Com,Business Analyst,Full Time,Small,15 Days,10,150000
Bhilai,12th Pass,Content Writer,Contract,Large,45 Days,6,29000
Korba,MA,HR Executive,Part Time,Large,30 Days,2,48000
Mungeli,12th Pass,Customer Support,Full Time,Small,Immediately,2,17000
Durg,MA,MIS Executive,Full Time,Small,45 Days,9,102000
Bhatapara,M.Com,HR Executive,Full Time,Medium,45 Days,10,131000
Korba,BBA,Digital Marketing Executive,Part Time,Small,3 Months,6,44000
Dhamtari,BA,Sales Executive,Contract,Medium,45 Days,4,48000
Manendragarh,Diploma,Accountant,Full Time,Large,30 Days,4,46000
Bilaspur,MA,MIS Executive,Contract,Medium,15 Days,3,75000
Bemetra,BBA,Sales Executive,Full Time,Large,15 Days,10,142000
Durg,B.Com,Account Manager,Part Time,Small,Immediately,10,46000
Rajnandgaon,B.Com,Sales Executive,Full Time,Small,15 Days,14,74000
Mungeli,MA,Digital Marketing Executive,Full Time,Medium,30 Days,2,79000
Manendragarh,BCA,Digital Marketing Executive,Contract,Medium,3 Months,5,69000
Raigarh,10th Pass,Sales Executive,Full Time,Medium,30 Days,3,17000
Sakti,10th Pass,Computer Operator,Full Time,Large,45 Days,3,17000
Mungeli,12th Pass,Content Writer,Intern,Small,15 Days,2,8000
Jagdalpur,MA,HR Executive,Full Time,Medium,30 Days,10,100000
Ambikapur,BBA,Account Manager,Contract,Large,45 Days,4,96000
Mungeli,B.Com,Account Manager,Full Time,Large,30 Days,4,90000
Sakti,M.Com,Business Analyst,Full Time,Small,45 Days,18,150000
Chirmiri,M.Com,MIS Executive,Intern,Medium,3 Months,10,63000
Mahasamund,12th Pass,Computer Operator,Contract,Small,Immediately,6,18000
Raigarh,10th Pass,Customer Support,Full Time,Large,45 Days,5,21000
Korba,M.Com,Account Manager,Part Time,Small,30 Days,4,71000
Bemetra,BA,HR Executive,Full Time,Small,30 Days,3,34000
Dhamtari,BCA,Account Manager,Full Time,Large,45 Days,6,113000
Mahasamund,M.Com,Digital Marketing Executive,Full Time,Small,2 Months,2,77000
Mungeli,MBA,HR Executive,Full Time,Large,2 Months,14,150000
Sakti,B.Com,Account Manager,Contract,Small,15 Days,3,49000
Bhatapara,BBA,MIS Executive,Full Time,Large,2 Months,10,128000
Naila Janjgir,BA,HR Executive,Full Time,Large,15 Days,7,69000
Mahasamund,BCA,Business Analyst,Intern,Medium,3 Months,7,41000
Bilaspur,MA,Digital Marketing Executive,Full Time,Medium,15 Days,3,87000
Jagdalpur,B.Com,HR Executive,Full Time,Small,2 Months,2,36000
Naila Janjgir,Diploma,Customer Support,Intern,Small,30 Days,0,8000
Chirmiri,MA,MIS Executive,Full Time,Small,30 Days,2,61000
Chirmiri,MA,Account Manager,Contract,Large,30 Days,1,103000
Korba,10th Pass,Sales Executive,Full Time,Large,30 Days,6,32000
Tilda Newra,BBA,HR Executive,Part Time,Small,30 Days,3,30000
Korba,BCA,Account Manager,Contract,Large,2 Months,10,145000
Raigarh,12th Pass,Customer Support,Full Time,Small,3 Months,7,22000
Jagdalpur,MA,MIS Executive,Full Time,Large,15 Days,6,149000
Raipur,12th Pass,Accountant,Full Time,Medium,15 Days,0,21000
Mungeli,MBA,Account Manager,Full Time,Large,15 Days,2,150000
Tilda Newra,Diploma,Sales Executive,Full Time,Large,15 Days,3,48000
Chirmiri,BCA,Business Analyst,Full Time,Large,45 Days,13,150000
Raigarh,12th Pass,Content Writer,Full Time,Medium,Immediately,0,16000
Ambikapur,10th Pass,Computer Operator,Intern,Small,30 Days,0,8000
Raipur,B.Com,Account Manager,Full Time,Large,2 Months,11,143000
Bemetra,BCA,Account Manager,Part Time,Medium,30 Days,6,54000
Mungeli,Diploma,Accountant,Part Time,Small,30 Days,7,24000
Raipur,BBA,Business Analyst,Full Time,Large,3 Months,10,144000
Bilaspur,Diploma,Content Writer,Full Time,Small,30 Days,1,23000
Korba,Diploma,Computer Operator,Full Time,Medium,2 Months,5,32000
Bhilai,M.Com,HR Executive,Full Time,Medium,30 Days,4,94000
Korba,12th Pass,Sales Executive,Full Time,Medium,15 Days,1,22000
Sakti,12th Pass,Customer Support,Full Time,Medium,3 Months,6,28000
Sakti,MBA,Sales Executive,Full Time,Small,45 Days,4,123000
Naila Janjgir,BCA,MIS Executive,Full Time,Medium,45 Days,5,85000
Mahasamund,MBA,Business Analyst,Full Time,Medium,45 Days,8,150000
Sakti,Diploma,Content Writer,Full Time,Medium,2 Months,4,32000
Sakti,M.Com,Business Analyst,Full Time,Large,3 Months,7,150000
Rajnandgaon,BCA,Content Writer,Contract,Small,30 Days,2,33000
Manendragarh,B.Com,Digital Marketing Executive,Full Time,Small,2 Months,7,71000
Rajnandgaon,BBA,HR Executive,Part Time,Medium,15 Days,12,58000
Tilda Newra,MA,MIS Executive,Full Time,Small,30 Days,10,119000
Mungeli,Diploma,Accountant,Full Time,Medium,45 Days,7,42000
Manendragarh,BCA,Digital Marketing Executive,Part Time,Medium,30 Days,0,32000
Mahasamund,M.Com,MIS Executive,Full Time,Large,45 Days,13,150000
Tilda Newra,BCA,Digital Marketing Executive,Full Time,Small,3 Months,15,117000
Bilaspur,MBA,Account Manager,Full Time,Small,2 Months,16,150000
Manendragarh,M.Com,Business Analyst,Full Time,Large,30 Days,14,150000
Bhilai,BBA,Account Manager,Full Time,Large,45 Days,8,130000
Durg,MA,Business Analyst,Full Time,Medium,Immediately,5,114000
Raigarh,MBA,MIS Executive,Full Time,Medium,15 Days,16,150000
Naila Janjgir,Diploma,Computer Operator,Part Time,Small,30 Days,4,14000
Dalli-Rajhara,BCA,Account Manager,Full Time,Small,30 Days,7,86000
Naila Janjgir,B.Com,MIS Executive,Contract,Medium,45 Days,5,55000
Chirmiri,Diploma,Sales Executive,Part Time,Medium,2 Months,7,26000
Bemetra,BCA,Digital Marketing Executive,Full Time,Small,15 Days,4,68000
Raigarh,MBA,HR Executive,Full Time,Small,2 Months,6,102000
Jagdalpur,M.Com,Account Manager,Full Time,Large,45 Days,9,150000
Durg,10th Pass,Sales Executive,Part Time,Large,15 Days,3,15000
Raigarh,BBA,MIS Executive,Full Time,Medium,3 Months,5,81000
Raigarh,Diploma,Sales Executive,Full Time,Large,15 Days,9,70000
Durg,MBA,HR Executive,Full Time,Large,15 Days,12,150000
Sakti,BBA,Account Manager,Full Time,Medium,45 Days,9,113000
Sakti,BCA,HR Executive,Full Time,Large,2 Months,5,88000
Raigarh,MA,Account Manager,Full Time,Medium,30 Days,4,102000
Bemetra,M.Com,Account Manager,Part Time,Large,45 Days,9,134000
Mungeli,MA,Digital Marketing Executive,Full Time,Large,3 Months,10,150000
Korba,BA,MIS Executive,Full Time,Small,15 Days,6,48000
Bilaspur,MBA,MIS Executive,Part Time,Medium,45 Days,9,128000
Bemetra,M.Com,Business Analyst,Full Time,Small,3 Months,14,150000
Bemetra,BBA,Business Analyst,Contract,Large,45 Days,7,138000
Naila Janjgir,10th Pass,Computer Operator,Contract,Medium,45 Days,0,12000
Mahasamund,12th Pass,Sales Executive,Full Time,Medium,3 Months,9,37000
Durg,M.Com,Digital Marketing Executive,Intern,Small,15 Days,3,39000
Sakti,B.Com,Account Manager,Full Time,Small,15 Days,4,53000
Manendragarh,M.Com,Business Analyst,Full Time,Medium,Immediately,10,150000
Rajnandgaon,BCA,Business Analyst,Full Time,Medium,45 Days,5,94000
Bhatapara,BCA,HR Executive,Intern,Large,3 Months,3,25000
Chirmiri,B.Com,Account Manager,Full Time,Small,2 Months,4,64000
Tilda Newra,BBA,Sales Executive,Part Time,Large,45 Days,1,38000
Raipur,BA,Sales Executive,Intern,Medium,15 Days,3,17000
Bemetra,B.Com,Digital Marketing Executive,Full Time,Medium,2 Months,12,88000
Tilda Newra,M.Com,Account Manager,Full Time,Small,3 Months,15,150000
Mungeli,Diploma,Customer Support,Full Time,Medium,3 Months,10,39000
Mahasamund,BBA,Digital Marketing Executive,Full Time,Large,45 Days,11,132000
Raigarh,Diploma,Sales Executive,Full Time,Medium,2 Months,5,39000
Tilda Newra,12th Pass,Computer Operator,Part Time,Large,15 Days,7,19000
Tilda Newra,10th Pass,Sales Executive,Full Time,Large,15 Days,4,25000
Bhilai,MBA,Business Analyst,Full Time,Small,30 Days,14,150000
Rajnandgaon,BA,Account Manager,Contract,Large,Immediately,3,64000
Bilaspur,B.Com,Digital Marketing Executive,Full Time,Medium,Immediately,3,51000
Rajnandgaon,BCA,Customer Support,Intern,Large,3 Months,0,17000
Dhamtari,12th Pass,Customer Support,Full Time,Medium,45 Days,3,19000
Manendragarh,10th Pass,Sales Executive,Part Time,Large,45 Days,5,17000
Bhatapara,BBA,MIS Executive,Full Time,Medium,Immediately,4,77000
Mahasamund,Diploma,Content Writer,Full Time,Large,30 Days,7,48000
Korba,MBA,MIS Executive,Full Time,Small,45 Days,16,150000
Rajnandgaon,MA,Account Manager,Full Time,Large,Immediately,9,150000
Bilaspur,MA,Digital Marketing Executive,Full Time,Small,30 Days,8,96000
Mungeli,BBA,HR Executive,Full Time,Small,30 Days,6,62000
Bhilai,MA,Business Analyst,Full Time,Small,30 Days,14,150000
Dhamtari,12th Pass,Sales Executive,Full Time,Medium,3 Months,9,43000
Manendragarh,BCA,Sales Executive,Full Time,Large,Immediately,11,125000
Manendragarh,MA,Business Analyst,Full Time,Small,30 Days,5,103000
Rajnandgaon,10th Pass,Customer Support,Part Time,Small,45 Days,7,12000
Bhatapara,BBA,Customer Support,Part Time,Small,Immediately,1,20000
Chirmiri,MBA,Account Manager,Part Time,Small,45 Days,9,104000
Bemetra,BCA,Digital Marketing Executive,Full Time,Large,30 Days,15,150000
Chirmiri,M.Com,Digital Marketing Executive,Contract,Large,Immediately,1,104000
Jagdalpur,MBA,Digital Marketing Executive,Full Time,Small,45 Days,5,118000
Jagdalpur,Diploma,Customer Support,Full Time,Large,3 Months,10,45000
Rajnandgaon,Diploma,Sales Executive,Full Time,Large,Immediately,7,57000
Mungeli,BA,Account Manager,Full Time,Medium,Immediately,7,79000
Raigarh,MBA,Digital Marketing Executive,Full Time,Small,30 Days,8,150000
Korba,BBA,MIS Executive,Full Time,Small,30 Days,15,132000
Raipur,MBA,MIS Executive,Full Time,Large,45 Days,3,148000
Raigarh,BCA,HR Executive,Contract,Large,2 Months,11,106000
Bilaspur,12th Pass,Accountant,Contract,Large,Immediately,0,23000
Tilda Newra,Diploma,Customer Support,Contract,Small,30 Days,9,26000
Manendragarh,BBA,Digital Marketing Executive,Full Time,Medium,15 Days,6,84000
Manendragarh,MBA,Account Manager,Full Time,Large,30 Days,1,150000
Dalli-Rajhara,BA,HR Executive,Part Time,Large,Immediately,0,24000
Bemetra,Diploma,Sales Executive,Full Time,Small,2 Months,3,34000
Dhamtari,BCA,MIS Executive,Full Time,Large,Immediately,7,107000
Dhamtari,MBA,MIS Executive,Contract,Large,Immediately,5,150000
Jagdalpur,Diploma,Customer Support,Full Time,Medium,15 Days,5,29000
Rajnandgaon,MBA,Digital Marketing Executive,Contract,Medium,30 Days,1,92000
Mahasamund,M.Com,HR Executive,Intern,Small,2 Months,16,64000
Raigarh,B.Com,Business Analyst,Full Time,Large,2 Months,5,93000
Bilaspur,BCA,Sales Executive,Part Time,Large,2 Months,4,48000
Dhamtari,MA,Account Manager,Full Time,Medium,30 Days,13,150000
Mungeli,B.Com,HR Executive,Full Time,Large,15 Days,12,93000
Dalli-Rajhara,Diploma,Computer Operator,Full Time,Medium,3 Months,7,31000
Raipur,B.Com,Account Manager,Full Time,Medium,45 Days,7,80000
Korba,10th Pass,Customer Support,Full Time,Small,15 Days,2,12000
Bhatapara,Diploma,Content Writer,Intern,Medium,15 Days,0,10000
Jagdalpur,B.Com,MIS Executive,Full Time,Medium,30 Days,3,61000
Sakti,BA,Business Analyst,Full Time,Medium,30 Days,8,89000
Chirmiri,12th Pass,Computer Operator,Part Time,Large,30 Days,0,12000
Bhatapara,BCA,Account Manager,Full Time,Large,30 Days,5,116000
Dalli-Rajhara,12th Pass,Computer Operator,Intern,Medium,3 Months,5,9000
Bhatapara,MBA,Account Manager,Full Time,Small,30 Days,2,114000
Raigarh,MBA,Account Manager,Full Time,Large,30 Days,10,150000
Raigarh,MBA,Digital Marketing Executive,Contract,Large,15 Days,3,136000
Mungeli,10th Pass,Customer Support,Full Time,Medium,2 Months,4,16000
Bhatapara,12th Pass,Sales Executive,Contract,Medium,15 Days,4,26000
Dalli-Rajhara,BBA,Business Analyst,Full Time,Small,30 Days,4,80000
Raipur,MBA,Digital Marketing Executive,Full Time,Small,15 Days,14,150000
Dalli-Rajhara,12th Pass,Content Writer,Part Time,Large,15 Days,0,12000
Chirmiri,M.Com,Digital Marketing Executive,Full Time,Small,30 Days,7,100000
Naila Janjgir,MBA,Digital Marketing Executive,Full Time,Medium,30 Days,16,150000
Sakti,BBA,Digital Marketing Executive,Full Time,Medium,15 Days,3,62000
Naila Janjgir,B.Com,HR Executive,Full Time,Small,30 Days,0,30000
Mungeli,B.Com,Accountant,Intern,Medium,15 Days,0,17000
Dhamtari,MBA,Business Analyst,Full Time,Medium,45 Days,10,150000
Manendragarh,Diploma,Sales Executive,Full Time,Medium,30 Days,11,69000
Bilaspur,BA,Account Manager,Full Time,Small,30 Days,6,50000
Raipur,Diploma,Accountant,Part Time,Small,30 Days,10,31000
Bemetra,BA,Account Manager,Full Time,Medium,30 Days,4,65000
Bemetra,BCA,Business Analyst,Full Time,Small,30 Days,4,68000
Mahasamund,12th Pass,Accountant,Full Time,Medium,45 Days,7,37000
Korba,MA,MIS Executive,Full Time,Large,2 Months,6,133000
Sakti,M.Com,MIS Executive,Full Time,Small,30 Days,2,83000
Naila Janjgir,BA,HR Executive,Full Time,Large,2 Months,6,65000
Mungeli,BA,Digital Marketing Executive,Contract,Medium,15 Days,0,32000
Dhamtari,Diploma,Customer Support,Full Time,Large,3 Months,6,39000
Bhilai,M.Com,Sales Executive,Full Time,Large,Immediately,1,104000
Raipur,BA,HR Executive,Full Time,Small,3 Months,10,48000
Manendragarh,MA,MIS Executive,Full Time,Large,45 Days,12,150000
Manendragarh,Diploma,Customer Support,Full Time,Small,3 Months,10,34000
Raipur,MBA,Sales Executive,Full Time,Large,45 Days,3,150000
Manendragarh,BA,Sales Executive,Contract,Large,2 Months,10,72000
Rajnandgaon,10th Pass,Sales Executive,Full Time,Small,30 Days,6,21000
Bilaspur,BA,HR Executive,Part Time,Small,3 Months,4,20000
Naila Janjgir,12th Pass,Customer Support,Full Time,Small,30 Days,6,23000
Manendragarh,12th Pass,Customer Support,Full Time,Large,45 Days,6,30000
Bhatapara,10th Pass,Sales Executive,Full Time,Small,30 Days,2,15000
Ambikapur,BA,Digital Marketing Executive,Full Time,Small,45 Days,10,65000
Naila Janjgir,BA,Account Manager,Full Time,Medium,30 Days,11,83000
Raipur,MA,MIS Executive,Full Time,Small,15 Days,3,74000
Dhamtari,BA,Account Manager,Full Time,Small,15 Days,3,47000
Manendragarh,Diploma,Customer Support,Full Time,Small,15 Days,3,23000
Mahasamund,MA,Business Analyst,Full Time,Small,45 Days,16,150000
Durg,Diploma,Content Writer,Full Time,Small,3 Months,6,33000
Jagdalpur,10th Pass,Computer Operator,Contract,Medium,15 Days,1,12000
Jagdalpur,12th Pass,Customer Support,Contract,Large,45 Days,6,33000
Bilaspur,Diploma,Computer Operator,Full Time,Large,30 Days,10,47000
Mahasamund,M.Com,Digital Marketing Executive,Contract,Large,15 Days,7,150000
Durg,10th Pass,Sales Executive,Contract,Large,15 Days,4,24000
Chirmiri,BA,Content Writer,Full Time,Medium,Immediately,0,30000
Rajnandgaon,MBA,MIS Executive,Full Time,Small,Immediately,7,144000
Raigarh,MBA,Digital Marketing Executive,Full Time,Large,45 Days,8,150000
Bhilai,MBA,Account Manager,Contract,Large,Immediately,5,150000
Tilda Newra,BBA,HR Executive,Contract,Large,30 Days,2,64000
Dalli-Rajhara,BCA,Customer Support,Part Time,Medium,2 Months,0,21000
Chirmiri,Diploma,Content Writer,Full Time,Small,3 Months,5,32000
Raigarh,10th Pass,Computer Operator,Full Time,Medium,3 Months,5,16000
Raipur,10th Pass,Computer Operator,Full Time,Small,45 Days,7,13000
Rajnandgaon,MA,MIS Executive,Full Time,Medium,45 Days,14,150000
Chirmiri,MBA,HR Executive,Full Time,Large,45 Days,3,150000
Rajnandgaon,BCA,HR Executive,Full Time,Small,30 Days,7,61000
Sakti,BCA,Sales Executive,Full Time,Small,45 Days,5,64000
Durg,MBA,Digital Marketing Executive,Full Time,Large,45 Days,13,150000
Rajnandgaon,12th Pass,Customer Support,Full Time,Large,45 Days,6,31000
Bemetra,M.Com,HR Executive,Full Time,Medium,3 Months,17,150000
Mungeli,BBA,Digital Marketing Executive,Full Time,Large,3 Months,5,95000
Raigarh,Diploma,Computer Operator,Contract,Large,Immediately,7,37000
Mungeli,10th Pass,Sales Executive,Full Time,Large,Immediately,1,21000
Mahasamund,10th Pass,Computer Operator,Full Time,Small,30 Days,4,12000
Bilaspur,MBA,Digital Marketing Executive,Full Time,Medium,15 Days,14,150000
Manendragarh,12th Pass,Accountant,Full Time,Large,45 Days,4,37000
Mungeli,BA,Sales Executive,Full Time,Medium,3 Months,6,48000
Dhamtari,BBA,MIS Executive,Full Time,Medium,15 Days,14,133000
Naila Janjgir,B.Com,HR Executive,Full Time,Small,3 Months,5,41000
Durg,MA,Digital Marketing Executive,Contract,Medium,30 Days,19,149000
Raigarh,12th Pass,Accountant,Contract,Small,30 Days,5,24000
Bilaspur,12th Pass,Content Writer,Part Time,Medium,15 Days,6,18000
Dalli-Rajhara,10th Pass,Computer Operator,Full Time,Small,30 Days,10,16000
Bilaspur,BA,HR Executive,Part Time,Large,30 Days,9,44000
Dhamtari,M.Com,Digital Marketing Executive,Full Time,Medium,3 Months,15,150000
Ambikapur,MBA,HR Executive,Contract,Small,2 Months,11,133000
Tilda Newra,BA,Sales Executive,Full Time,Small,45 Days,9,48000
Chirmiri,MA,HR Executive,Full Time,Large,3 Months,5,108000
Ambikapur,B.Com,Digital Marketing Executive,Part Time,Medium,15 Days,3,35000
Sakti,12th Pass,Content Writer,Part Time,Medium,15 Days,0,12000
Rajnandgaon,MA,MIS Executive,Full Time,Medium,30 Days,3,85000
Durg,B.Com,MIS Executive,Full Time,Small,2 Months,7,60000
Dalli-Rajhara,BA,Digital Marketing Executive,Full Time,Small,2 Months,10,67000
Korba,BCA,Content Writer,Full Time,Medium,45 Days,2,48000
Durg,M.Com,Digital Marketing Executive,Full Time,Small,45 Days,13,150000
Sakti,BBA,Sales Executive,Intern,Medium,3 Months,3,23000
Sakti,12th Pass,Accountant,Full Time,Large,2 Months,5,36000
Bemetra,BCA,HR Executive,Full Time,Medium,Immediately,5,72000
Dhamtari,MBA,HR Executive,Part Time,Small,15 Days,10,90000
Korba,B.Com,MIS Executive,Full Time,Large,30 Days,8,103000
Naila Janjgir,MBA,Sales Executive,Full Time,Small,15 Days,1,94000
Bhatapara,BBA,Account Manager,Full Time,Large,3 Months,6,117000
Naila Janjgir,MA,Account Manager,Intern,Large,45 Days,3,44000
Bilaspur,B.Com,Account Manager,Contract,Large,3 Months,10,120000
Korba,MBA,Business Analyst,Full Time,Large,15 Days,20,150000
Bilaspur,BBA,MIS Executive,Full Time,Large,15 Days,6,98000
Manendragarh,12th Pass,Accountant,Contract,Small,3 Months,9,29000
Rajnandgaon,MA,MIS Executive,Intern,Medium,30 Days,9,52000
Mungeli,BCA,Content Writer,Contract,Small,Immediately,1,33000
Bhilai,Diploma,Customer Support,Part Time,Medium,30 Days,13,33000
Tilda Newra,Diploma,Customer Support,Full Time,Large,30 Days,4,36000
Bhatapara,M.Com,Business Analyst,Part Time,Medium,2 Months,12,136000
Dalli-Rajhara,MA,HR Executive,Full Time,Medium,30 Days,4,77000
Raigarh,M.Com,Digital Marketing Executive,Full Time,Large,45 Days,13,150000
Bhatapara,Diploma,Computer Operator,Full Time,Large,30 Days,4,34000
Bilaspur,M.Com,Business Analyst,Full Time,Large,3 Months,8,150000
Sakti,BCA,MIS Executive,Full Time,Large,30 Days,3,88000
Jagdalpur,BBA,Sales Executive,Full Time,Medium,3 Months,7,81000
Raigarh,M.Com,Business Analyst,Full Time,Large,3 Months,9,150000
Dalli-Rajhara,12th Pass,Accountant,Full Time,Large,2 Months,6,44000
Chirmiri,M.Com,Account Manager,Full Time,Medium,45 Days,11,150000
Naila Janjgir,Diploma,Customer Support,Intern,Small,3 Months,11,17000
Bilaspur,MBA,Account Manager,Part Time,Large,3 Months,8,150000
Korba,10th Pass,Computer Operator,Full Time,Small,Immediately,3,12000
Jagdalpur,BA,HR Executive,Full Time,Small,15 Days,10,60000
Sakti,BA,Customer Support,Part Time,Small,30 Days,1,15000
Sakti,BA,Account Manager,Full Time,Medium,2 Months,3,60000
Mahasamund,MA,MIS Executive,Full Time,Large,45 Days,19,150000
Raigarh,10th Pass,Computer Operator,Full Time,Small,2 Months,5,12000
Korba,M.Com,Business Analyst,Contract,Medium,30 Days,7,150000
Bemetra,BCA,HR Executive,Part Time,Medium,Immediately,9,47000
Mungeli,B.Com,Digital Marketing Executive,Full Time,Small,2 Months,7,67000
Dhamtari,BA,MIS Executive,Full Time,Large,30 Days,4,62000
Raipur,BA,MIS Executive,Full Time,Large,2 Months,5,64000
Korba,MBA,MIS Executive,Full Time,Small,30 Days,10,150000
Dalli-Rajhara,BA,MIS Executive,Full Time,Small,15 Days,4,41000
Ambikapur,MBA,MIS Executive,Full Time,Large,Immediately,7,150000
Sakti,BCA,Business Analyst,Part Time,Large,30 Days,6,73000
Bilaspur,MBA,Digital Marketing Executive,Intern,Large,2 Months,15,126000
Rajnandgaon,10th Pass,Customer Support,Full Time,Small,2 Months,7,13000
Jagdalpur,M.Com,Sales Executive,Full Time,Medium,2 Months,2,84000
Bhatapara,M.Com,MIS Executive,Full Time,Large,45 Days,1,104000
Mahasamund,MBA,MIS Executive,Full Time,Small,15 Days,10,150000
Durg,MBA,HR Executive,Full Time,Large,30 Days,5,149000
Ambikapur,BBA,Sales Executive,Contract,Small,3 Months,6,68000
Mahasamund,BBA,HR Executive,Contract,Medium,45 Days,1,43000
Bhilai,Diploma,Accountant,Full Time,Large,2 Months,7,53000
Jagdalpur,BCA,Digital Marketing Executive,Full Time,Large,30 Days,10,125000
Dalli-Rajhara,MA,MIS Executive,Part Time,Medium,Immediately,2,52000
Dalli-Rajhara,BCA,Customer Support,Full Time,Small,30 Days,1,31000
Raigarh,MA,Digital Marketing Executive,Full Time,Small,Immediately,4,75000
Durg,MBA,Business Analyst,Part Time,Small,45 Days,9,114000
Dalli-Rajhara,MA,MIS Executive,Full Time,Medium,Immediately,4,86000
Bemetra,BA,Digital Marketing Executive,Contract,Large,45 Days,10,85000
Naila Janjgir,BCA,Sales Executive,Full Time,Large,Immediately,3,73000
Bhilai,BBA,Account Manager,Full Time,Medium,3 Months,6,88000
Manendragarh,12th Pass,Accountant,Full Time,Large,2 Months,5,39000
Mungeli,Diploma,Computer Operator,Full Time,Large,30 Days,8,38000
Bhatapara,BCA,HR Executive,Part Time,Medium,3 Months,7,46000
Tilda Newra,10th Pass,Computer Operator,Intern,Medium,45 Days,4,8000
Dhamtari,Diploma,Accountant,Full Time,Medium,3 Months,5,45000
Ambikapur,10th Pass,Computer Operator,Full Time,Large,30 Days,4,18000
Durg,BA,Account Manager,Full Time,Large,15 Days,7,97000
Bilaspur,MBA,Digital Marketing Executive,Part Time,Large,15 Days,17,150000
Rajnandgaon,MBA,Sales Executive,Full Time,Medium,3 Months,4,138000
Mahasamund,B.Com,MIS Executive,Full Time,Medium,45 Days,4,57000
Raigarh,BCA,MIS Executive,Part Time,Large,45 Days,7,69000
Mungeli,Diploma,Computer Operator,Intern,Small,30 Days,1,8000
Dalli-Rajhara,Diploma,Accountant,Full Time,Large,30 Days,6,56000
Bhatapara,12th Pass,Accountant,Full Time,Medium,30 Days,2,25000
Bilaspur,B.Com,Accountant,Intern,Large,30 Days,1,21000
Tilda Newra,10th Pass,Customer Support,Part Time,Large,2 Months,5,12000
Raigarh,10th Pass,Sales Executive,Full Time,Large,Immediately,2,24000
Mungeli,MA,Digital Marketing Executive,Part Time,Small,2 Months,4,48000
Tilda Newra,12th Pass,Accountant,Full Time,Large,30 Days,5,43000
Bemetra,BA,Digital Marketing Executive,Part Time,Small,Immediately,0,17000
Mahasamund,MBA,Account Manager,Contract,Medium,Immediately,6,150000
Rajnandgaon,MBA,Business Analyst,Full Time,Small,2 Months,13,150000
Manendragarh,B.Com,Digital Marketing Executive,Contract,Medium,15 Days,1,39000
Ambikapur,B.Com,Sales Executive,Full Time,Small,30 Days,14,90000
Rajnandgaon,BBA,Sales Executive,Part Time,Large,15 Days,4,56000
Mahasamund,BCA,HR Executive,Part Time,Large,45 Days,0,30000
Korba,BA,Digital Marketing Executive,Contract,Medium,45 Days,3,39000
Tilda Newra,MBA,Digital Marketing Executive,Contract,Large,Immediately,16,150000
Raipur,12th Pass,Accountant,Part Time,Large,45 Days,9,33000
Raigarh,BCA,MIS Executive,Full Time,Large,45 Days,3,81000
Mungeli,MBA,HR Executive,Full Time,Large,15 Days,2,141000
Mahasamund,BBA,HR Executive,Full Time,Small,30 Days,7,66000
Jagdalpur,B.Com,Content Writer,Part Time,Large,15 Days,1,29000
Jagdalpur,B.Com,HR Executive,Part Time,Medium,30 Days,7,37000
Raipur,BBA,Content Writer,Full Time,Small,15 Days,2,41000
Mungeli,MA,Account Manager,Full Time,Medium,30 Days,8,119000
Durg,MA,Business Analyst,Part Time,Small,45 Days,12,99000
Dalli-Rajhara,BCA,Sales Executive,Full Time,Medium,3 Months,14,127000
Mungeli,BA,Sales Executive,Full Time,Large,3 Months,5,64000
Manendragarh,10th Pass,Computer Operator,Full Time,Medium,45 Days,4,13000
Jagdalpur,BBA,HR Executive,Contract,Small,30 Days,1,40000
Raipur,MA,Account Manager,Full Time,Small,30 Days,1,76000
Raipur,MBA,Account Manager,Full Time,Medium,Immediately,1,120000
Mungeli,B.Com,Account Manager,Full Time,Medium,45 Days,3,64000
Dhamtari,12th Pass,Content Writer,Full Time,Medium,2 Months,4,22000
Dalli-Rajhara,B.Com,Content Writer,Full Time,Small,45 Days,2,35000
Mahasamund,BBA,Digital Marketing Executive,Full Time,Small,30 Days,15,106000
Sakti,BCA,HR Executive,Full Time,Small,45 Days,1,41000
Dhamtari,BA,Account Manager,Full Time,Small,15 Days,4,49000
Rajnandgaon,M.Com,Digital Marketing Executive,Full Time,Large,2 Months,9,150000
Rajnandgaon,12th Pass,Computer Operator,Contract,Large,Immediately,4,23000
Raipur,M.Com,MIS Executive,Full Time,Small,45 Days,4,83000
Durg,10th Pass,Sales Executive,Full Time,Medium,30 Days,2,17000
Sakti,12th Pass,Computer Operator,Full Time,Medium,3 Months,8,26000
Raipur,Diploma,Content Writer,Full Time,Small,2 Months,14,51000
Jagdalpur,M.Com,Account Manager,Contract,Large,2 Months,5,149000
Dalli-Rajhara,12th Pass,Sales Executive,Full Time,Large,30 Days,4,39000
Dhamtari,BA,MIS Executive,Part Time,Medium,3 Months,8,37000
Jagdalpur,B.Com,Digital Marketing Executive,Full Time,Medium,3 Months,7,73000
Naila Janjgir,BCA,MIS Executive,Full Time,Large,45 Days,14,150000
Bhilai,BCA,Business Analyst,Full Time,Medium,30 Days,12,132000
Raipur,BCA,HR Executive,Full Time,Medium,45 Days,13,94000
Naila Janjgir,Diploma,Accountant,Full Time,Large,45 Days,2,46000
Bilaspur,12th Pass,Accountant,Part Time,Small,15 Days,2,14000
Manendragarh,BA,Sales Executive,Intern,Large,2 Months,0,16000
Durg,MA,Digital Marketing Executive,Full Time,Large,30 Days,6,148000
Bemetra,MA,Digital Marketing Executive,Full Time,Small,15 Days,1,57000
Korba,Diploma,Computer Operator,Full Time,Large,45 Days,11,52000
Dalli-Rajhara,BBA,Sales Executive,Full Time,Medium,2 Months,12,101000
Naila Janjgir,BCA,Digital Marketing Executive,Full Time,Large,2 Months,6,101000
Mungeli,MBA,Business Analyst,Contract,Large,2 Months,20,150000
Dalli-Rajhara,12th Pass,Sales Executive,Full Time,Small,45 Days,3,23000
Raigarh,MBA,MIS Executive,Part Time,Small,2 Months,7,80000
Jagdalpur,B.Com,Sales Executive,Full Time,Medium,45 Days,15,88000
Raipur,Diploma,Customer Support,Full Time,Medium,3 Months,14,54000
Jagdalpur,MA,Business Analyst,Full Time,Small,45 Days,5,111000
Durg,BBA,Customer Support,Full Time,Medium,30 Days,1,38000
Bhilai,BCA,HR Executive,Full Time,Medium,30 Days,12,103000
Bemetra,10th Pass,Customer Support,Full Time,Large,Immediately,5,18000
Korba,12th Pass,Accountant,Intern,Large,15 Days,2,12000
Bilaspur,BBA,Content Writer,Full Time,Medium,30 Days,2,45000
Korba,MA,Digital Marketing Executive,Full Time,Small,2 Months,13,136000
Rajnandgaon,10th Pass,Customer Support,Full Time,Small,Immediately,1,12000
Durg,MA,Account Manager,Full Time,Large,15 Days,20,150000
Bhilai,MA,Business Analyst,Part Time,Small,3 Months,10,88000
Rajnandgaon,MA,Business Analyst,Part Time,Medium,2 Months,5,69000
Bemetra,12th Pass,Sales Executive,Contract,Large,Immediately,0,26000
Chirmiri,Diploma,Sales Executive,Full Time,Medium,45 Days,6,46000
Raipur,BA,HR Executive,Part Time,Medium,30 Days,5,29000
Chirmiri,BA,Sales Executive,Full Time,Small,3 Months,11,64000
Tilda Newra,BCA,Accountant,Contract,Small,Immediately,1,44000
Bhilai,BA,Digital Marketing Executive,Full Time,Small,15 Days,4,46000
Mahasamund,MBA,Digital Marketing Executive,Full Time,Medium,3 Months,13,150000
Ambikapur,MA,Business Analyst,Full Time,Large,2 Months,14,150000
Bemetra,BBA,Sales Executive,Full Time,Small,3 Months,7,61000
Dalli-Rajhara,MA,Business Analyst,Full Time,Medium,Immediately,8,125000
Durg,B.Com,HR Executive,Intern,Medium,30 Days,6,24000
Dalli-Rajhara,10th Pass,Sales Executive,Full Time,Small,15 Days,1,13000
Dhamtari,B.Com,MIS Executive,Intern,Medium,15 Days,4,27000
Chirmiri,Diploma,Customer Support,Full Time,Medium,15 Days,2,25000
Tilda Newra,10th Pass,Computer Operator,Full Time,Medium,45 Days,10,19000
Raipur,BBA,Sales Executive,Full Time,Medium,Immediately,1,55000
Ambikapur,B.Com,Account Manager,Full Time,Small,45 Days,6,62000
Jagdalpur,BA,Digital Marketing Executive,Full Time,Large,15 Days,7,72000
Mungeli,MA,HR Executive,Full Time,Large,2 Months,5,113000
Ambikapur,MA,HR Executive,Full Time,Medium,2 Months,18,150000
Bemetra,BA,Business Analyst,Full Time,Small,45 Days,12,78000
Korba,10th Pass,Sales Executive,Part Time,Small,Immediately,1,12000
Mahasamund,BBA,MIS Executive,Full Time,Large,15 Days,7,110000
Durg,Diploma,Sales Executive,Contract,Large,2 Months,9,56000
Tilda Newra,BA,Business Analyst,Full Time,Medium,2 Months,5,71000
Mungeli,M.Com,HR Executive,Full Time,Large,3 Months,4,112000
Dalli-Rajhara,10th Pass,Sales Executive,Full Time,Small,30 Days,10,25000
Sakti,BA,Sales Executive,Full Time,Small,2 Months,4,40000
Chirmiri,12th Pass,Content Writer,Full Time,Small,45 Days,6,28000
Raipur,10th Pass,Sales Executive,Full Time,Small,15 Days,4,18000
Raigarh,10th Pass,Customer Support,Full Time,Medium,30 Days,6,18000
Ambikapur,Diploma,Sales Executive,Intern,Small,45 Days,6,14000
Raigarh,MBA,MIS Executive,Part Time,Small,30 Days,2,67000
Chirmiri,BA,HR Executive,Full Time,Small,45 Days,3,36000
Sakti,BA,Customer Support,Full Time,Large,45 Days,2,40000
Mahasamund,12th Pass,Accountant,Contract,Large,15 Days,1,28000
Dhamtari,BCA,Customer Support,Full Time,Medium,30 Days,2,44000
Korba,B.Com,HR Executive,Full Time,Large,15 Days,1,52000
Mungeli,BBA,HR Executive,Full Time,Small,Immediately,12,74000
Naila Janjgir,B.Com,Sales Executive,Part Time,Small,Immediately,0,21000
Dhamtari,B.Com,Account Manager,Part Time,Medium,15 Days,10,53000
Mahasamund,BCA,Digital Marketing Executive,Full Time,Large,45 Days,7,117000
Jagdalpur,B.Com,Sales Executive,Full Time,Large,30 Days,11,103000
Bhatapara,B.Com,Digital Marketing Executive,Part Time,Small,30 Days,2,27000
Raigarh,BCA,MIS Executive,Part Time,Large,3 Months,8,73000
Tilda Newra,12th Pass,Sales Executive,Full Time,Small,30 Days,1,22000
Raigarh,M.Com,Digital Marketing Executive,Full Time,Medium,2 Months,4,112000
Naila Janjgir,Diploma,Customer Support,Full Time,Medium,2 Months,7,34000
Korba,BCA,Customer Support,Full Time,Large,30 Days,0,46000
Mahasamund,10th Pass,Customer Support,Full Time,Large,30 Days,6,21000
Rajnandgaon,12th Pass,Customer Support,Intern,Small,45 Days,8,11000
Jagdalpur,B.Com,HR Executive,Full Time,Small,30 Days,5,51000
Manendragarh,12th Pass,Content Writer,Full Time,Large,15 Days,6,40000
Tilda Newra,MA,Account Manager,Full Time,Small,30 Days,11,130000
Durg,10th Pass,Sales Executive,Full Time,Large,30 Days,5,25000
Bhatapara,BBA,Sales Executive,Full Time,Small,45 Days,2,46000
Naila Janjgir,12th Pass,Accountant,Full Time,Large,2 Months,4,38000
Korba,10th Pass,Computer Operator,Part Time,Medium,2 Months,3,12000
Dhamtari,MBA,Digital Marketing Executive,Part Time,Large,Immediately,2,85000
Raipur,MA,MIS Executive,Full Time,Large,30 Days,11,150000
Chirmiri,10th Pass,Sales Executive,Part Time,Medium,45 Days,0,12000
Rajnandgaon,M.Com,HR Executive,Contract,Large,30 Days,2,85000
Naila Janjgir,12th Pass,Accountant,Full Time,Small,3 Months,4,27000
Dalli-Rajhara,BCA,Sales Executive,Full Time,Small,Immediately,6,67000
Bhilai,BCA,Digital Marketing Executive,Full Time,Medium,3 Months,5,81000
Jagdalpur,MBA,MIS Executive,Full Time,Large,15 Days,4,150000
Ambikapur,BA,Sales Executive,Full Time,Large,15 Days,5,61000
Mahasamund,Diploma,Accountant,Contract,Large,3 Months,10,54000
Jagdalpur,10th Pass,Computer Operator,Full Time,Small,3 Months,6,13000
Dhamtari,Diploma,Accountant,Part Time,Medium,30 Days,3,22000
Korba,M.Com,Digital Marketing Executive,Full Time,Small,30 Days,8,122000
Raipur,Diploma,Customer Support,Part Time,Medium,Immediately,6,20000
Sakti,B.Com,Accountant,Part Time,Large,Immediately,0,31000
Raipur,BA,Business Analyst,Full Time,Medium,30 Days,7,68000
Korba,B.Com,MIS Executive,Full Time,Small,3 Months,7,61000
Bhilai,MBA,Digital Marketing Executive,Full Time,Large,Immediately,10,150000
Tilda Newra,10th Pass,Sales Executive,Part Time,Large,15 Days,2,12000
Bhatapara,MA,MIS Executive,Contract,Small,2 Months,7,97000
Naila Janjgir,MBA,Business Analyst,Full Time,Medium,2 Months,16,150000
Bilaspur,BA,HR Executive,Full Time,Small,15 Days,0,26000
Chirmiri,B.Com,Digital Marketing Executive,Part Time,Large,30 Days,6,47000
Dalli-Rajhara,B.Com,Business Analyst,Full Time,Medium,45 Days,10,116000
Bemetra,B.Com,Digital Marketing Executive,Full Time,Large,45 Days,11,119000
Mungeli,12th Pass,Computer Operator,Full Time,Small,30 Days,7,18000
Raigarh,BBA,HR Executive,Full Time,Medium,15 Days,13,106000
Korba,Diploma,Computer Operator,Contract,Large,Immediately,1,23000
Raigarh,MA,Digital Marketing Executive,Contract,Small,15 Days,9,94000
Mahasamund,10th Pass,Sales Executive,Part Time,Small,15 Days,1,12000
Raigarh,BBA,Sales Executive,Full Time,Medium,3 Months,11,97000
Durg,10th Pass,Computer Operator,Contract,Medium,30 Days,1,12000
Dalli-Rajhara,BA,Sales Executive,Full Time,Medium,30 Days,3,48000
Raigarh,BA,Account Manager,Intern,Small,2 Months,11,32000
Dhamtari,BCA,HR Executive,Full Time,Small,15 Days,3,47000
Bemetra,B.Com,Business Analyst,Full Time,Large,3 Months,12,144000
Mungeli,12th Pass,Customer Support,Full Time,Large,3 Months,6,34000
Durg,12th Pass,Sales Executive,Part Time,Large,45 Days,5,25000
Tilda Newra,12th Pass,Content Writer,Full Time,Large,45 Days,2,26000
Tilda Newra,12th Pass,Content Writer,Full Time,Large,30 Days,5,33000
Dhamtari,B.Com,Business Analyst,Contract,Small,3 Months,9,89000
Rajnandgaon,B.Com,Sales Executive,Contract,Medium,15 Days,14,79000
Rajnandgaon,12th Pass,Sales Executive,Part Time,Large,15 Days,0,15000
Bhatapara,MBA,Account Manager,Full Time,Medium,45 Days,16,150000
Ambikapur,MA,HR Executive,Contract,Medium,30 Days,2,55000
Ambikapur,BCA,MIS Executive,Full Time,Small,15 Days,4,59000
Sakti,Diploma,Customer Support,Full Time,Medium,15 Days,1,24000
Chirmiri,BBA,Accountant,Full Time,Small,30 Days,0,43000
Korba,12th Pass,Customer Support,Part Time,Medium,3 Months,1,12000
Manendragarh,Diploma,Sales Executive,Part Time,Medium,45 Days,1,17000
Raigarh,B.Com,Digital Marketing Executive,Part Time,Small,15 Days,1,23000
Manendragarh,10th Pass,Sales Executive,Full Time,Small,15 Days,0,13000
Mungeli,Diploma,Computer Operator,Full Time,Large,45 Days,7,39000
Dhamtari,B.Com,Business Analyst,Part Time,Small,45 Days,7,49000
Bhatapara,M.Com,Account Manager,Full Time,Small,3 Months,10,150000
Dhamtari,BA,Business Analyst,Full Time,Small,Immediately,8,66000
Mungeli,12th Pass,Customer Support,Full Time,Small,Immediately,0,12000
Tilda Newra,10th Pass,Sales Executive,Full Time,Small,30 Days,3,15000
Tilda Newra,MBA,Business Analyst,Full Time,Small,45 Days,11,150000
Korba,BA,Content Writer,Full Time,Large,45 Days,1,42000
Tilda Newra,MBA,MIS Executive,Full Time,Medium,2 Months,10,150000
Ambikapur,BA,Business Analyst,Full Time,Large,45 Days,10,122000
Ambikapur,M.Com,Digital Marketing Executive,Full Time,Large,30 Days,5,150000
Jagdalpur,M.Com,Digital Marketing Executive,Full Time,Large,3 Months,5,146000
Dalli-Rajhara,Diploma,Content Writer,Contract,Medium,30 Days,2,28000
Durg,B.Com,MIS Executive,Full Time,Large,45 Days,5,72000
Manendragarh,12th Pass,Sales Executive,Full Time,Medium,Immediately,4,30000
Mahasamund,B.Com,HR Executive,Full Time,Medium,45 Days,14,87000
Manendragarh,BCA,Sales Executive,Full Time,Small,2 Months,6,67000
Mungeli,Diploma,Accountant,Full Time,Large,2 Months,2,40000
Mahasamund,BBA,Digital Marketing Executive,Contract,Large,45 Days,7,92000
Mungeli,BCA,HR Executive,Full Time,Medium,30 Days,4,64000
Bhatapara,MBA,HR Executive,Full Time,Small,30 Days,3,98000
Bhilai,Diploma,Content Writer,Contract,Small,2 Months,10,37000
Tilda Newra,MA,MIS Executive,Intern,Medium,45 Days,3,35000
Jagdalpur,BBA,Digital Marketing Executive,Contract,Medium,2 Months,5,73000
Mungeli,BBA,HR Executive,Full Time,Medium,45 Days,8,73000
Mahasamund,MA,Sales Executive,Full Time,Medium,15 Days,2,77000
Mahasamund,10th Pass,Customer Support,Contract,Small,Immediately,7,14000
Chirmiri,B.Com,Business Analyst,Contract,Large,45 Days,12,129000
Manendragarh,B.Com,Business Analyst,Full Time,Large,45 Days,7,114000
Ambikapur,MA,HR Executive,Full Time,Large,3 Months,10,150000
Naila Janjgir,Diploma,Content Writer,Intern,Large,15 Days,2,16000
Mungeli,BCA,Account Manager,Full Time,Medium,15 Days,9,112000
Naila Janjgir,M.Com,Digital Marketing Executive,Full Time,Large,30 Days,18,150000
Bilaspur,BA,Digital Marketing Executive,Intern,Large,Immediately,2,20000
Mahasamund,Diploma,Accountant,Full Time,Medium,3 Months,12,54000
Sakti,12th Pass,Computer Operator,Contract,Medium,Immediately,0,12000
Ambikapur,MBA,HR Executive,Full Time,Small,45 Days,19,150000
Bilaspur,MBA,HR Executive,Part Time,Large,3 Months,7,114000
Jagdalpur,12th Pass,Content Writer,Part Time,Large,30 Days,1,16000
Raigarh,B.Com,HR Executive,Full Time,Medium,30 Days,12,81000
Rajnandgaon,10th Pass,Customer Support,Full Time,Small,2 Months,5,13000
Raipur,Diploma,Computer Operator,Part Time,Medium,45 Days,14,26000
Jagdalpur,BBA,Business Analyst,Contract,Medium,45 Days,7,90000
Dalli-Rajhara,MBA,MIS Executive,Full Time,Large,30 Days,10,150000
Jagdalpur,Diploma,Accountant,Full Time,Small,3 Months,5,34000
Rajnandgaon,BA,HR Executive,Part Time,Small,15 Days,0,15000
Bemetra,12th Pass,Computer Operator,Full Time,Medium,15 Days,9,28000
Bhilai,Diploma,Computer Operator,Full Time,Small,30 Days,8,29000
Rajnandgaon,MBA,Digital Marketing Executive,Contract,Medium,3 Months,8,150000
Bemetra,BBA,Business Analyst,Full Time,Small,30 Days,10,112000
Durg,BBA,Business Analyst,Intern,Medium,2 Months,6,36000
Mahasamund,12th Pass,Customer Support,Full Time,Small,30 Days,6,20000
Dalli-Rajhara,B.Com,MIS Executive,Full Time,Large,30 Days,8,92000
Ambikapur,M.Com,Digital Marketing Executive,Full Time,Small,30 Days,6,110000
Bilaspur,BBA,Account Manager,Full Time,Large,45 Days,6,122000
Bhilai,BBA,Content Writer,Part Time,Medium,45 Days,0,22000
Dhamtari,MBA,Account Manager,Part Time,Large,30 Days,2,102000
Bilaspur,M.Com,Account Manager,Full Time,Small,Immediately,4,111000
Dhamtari,M.Com,Digital Marketing Executive,Contract,Small,15 Days,10,122000
Raipur,10th Pass,Customer Support,Full Time,Medium,30 Days,4,14000
Dalli-Rajhara,MA,Account Manager,Contract,Small,45 Days,8,105000
Bilaspur,10th Pass,Computer Operator,Part Time,Small,Immediately,0,12000
Rajnandgaon,MBA,HR Executive,Full Time,Small,15 Days,14,150000
Durg,Diploma,Accountant,Full Time,Large,30 Days,6,52000
Jagdalpur,BCA,HR Executive,Full Time,Small,3 Months,12,70000
Rajnandgaon,BA,HR Executive,Contract,Medium,2 Months,3,39000
Sakti,BCA,Business Analyst,Intern,Small,15 Days,14,53000
Chirmiri,BBA,HR Executive,Part Time,Large,30 Days,3,45000
Tilda Newra,M.Com,HR Executive,Full Time,Large,30 Days,14,150000
Raigarh,MBA,MIS Executive,Full Time,Medium,30 Days,4,150000
Raipur,MA,Account Manager,Full Time,Small,3 Months,8,99000
Ambikapur,M.Com,Business Analyst,Full Time,Medium,15 Days,14,150000
Durg,MA,Account Manager,Full Time,Small,30 Days,11,150000
Ambikapur,MA,Account Manager,Full Time,Large,2 Months,6,150000
Mahasamund,12th Pass,Accountant,Contract,Large,3 Months,1,26000
Ambikapur,10th Pass,Customer Support,Full Time,Small,Immediately,7,18000
Manendragarh,BA,Accountant,Full Time,Small,Immediately,1,34000
Korba,MA,HR Executive,Full Time,Small,45 Days,5,60000
Durg,Diploma,Computer Operator,Full Time,Large,Immediately,9,45000
Mahasamund,BA,Account Manager,Full Time,Small,30 Days,12,83000
Jagdalpur,B.Com,Sales Executive,Full Time,Medium,15 Days,1,45000
Korba,12th Pass,Accountant,Full Time,Large,Immediately,1,29000
Tilda Newra,MA,Digital Marketing Executive,Part Time,Small,45 Days,11,79000
Bhilai,12th Pass,Accountant,Full Time,Medium,3 Months,7,39000
Manendragarh,MBA,Business Analyst,Full Time,Medium,2 Months,11,150000
Rajnandgaon,BCA,Sales Executive,Intern,Large,30 Days,0,22000
Bhatapara,BCA,HR Executive,Contract,Large,45 Days,15,137000
Jagdalpur,MBA,Digital Marketing Executive,Full Time,Small,3 Months,15,150000
Ambikapur,B.Com,Account Manager,Full Time,Large,Immediately,4,87000
Ambikapur,10th Pass,Computer Operator,Full Time,Small,30 Days,4,12000
Ambikapur,BBA,Business Analyst,Full Time,Medium,45 Days,8,112000
Manendragarh,10th Pass,Customer Support,Contract,Small,15 Days,4,12000
Dalli-Rajhara,BA,MIS Executive,Full Time,Medium,45 Days,12,81000
Mungeli,BBA,Digital Marketing Executive,Full Time,Large,2 Months,10,136000
Mahasamund,M.Com,Digital Marketing Executive,Full Time,Small,3 Months,5,110000
Raigarh,M.Com,Business Analyst,Full Time,Large,45 Days,9,150000
Dalli-Rajhara,10th Pass,Customer Support,Intern,Large,15 Days,0,8000
Ambikapur,BBA,Business Analyst,Full Time,Large,30 Days,15,150000
Bemetra,12th Pass,Accountant,Full Time,Small,45 Days,9,37000
Mahasamund,MA,HR Executive,Full Time,Large,3 Months,5,108000
Durg,Diploma,Customer Support,Full Time,Medium,3 Months,12,44000
Mahasamund,MBA,Business Analyst,Full Time,Medium,15 Days,9,150000
Durg,B.Com,MIS Executive,Full Time,Small,30 Days,7,61000
Korba,M.Com,HR Executive,Contract,Small,Immediately,1,56000
Bhatapara,10th Pass,Sales Executive,Full Time,Large,30 Days,4,25000
Bilaspur,Diploma,Computer Operator,Part Time,Large,45 Days,2,17000
Jagdalpur,BBA,HR Executive,Full Time,Large,2 Months,2,69000
Bilaspur,BCA,Digital Marketing Executive,Full Time,Large,45 Days,3,76000
Dalli-Rajhara,BCA,Digital Marketing Executive,Contract,Small,Immediately,0,41000
Tilda Newra,MBA,Digital Marketing Executive,Full Time,Small,2 Months,9,150000
Tilda Newra,MA,Digital Marketing Executive,Full Time,Large,30 Days,14,150000
Korba,MA,HR Executive,Full Time,Small,45 Days,10,82000
Bhilai,Diploma,Customer Support,Part Time,Medium,30 Days,0,13000
Naila Janjgir,BBA,Customer Support,Full Time,Large,30 Days,1,54000
Bhilai,12th Pass,Customer Support,Part Time,Large,Immediately,0,12000
Durg,12th Pass,Computer Operator,Part Time,Medium,2 Months,0,12000
Raipur,MA,Digital Marketing Executive,Part Time,Large,3 Months,6,82000
Bemetra,BBA,Sales Executive,Full Time,Large,45 Days,5,91000
Dalli-Rajhara,B.Com,Account Manager,Part Time,Large,30 Days,7,61000
Jagdalpur,Diploma,Content Writer,Part Time,Large,45 Days,11,35000
Bhilai,12th Pass,Sales Executive,Part Time,Large,2 Months,5,22000
Chirmiri,Diploma,Customer Support,Full Time,Large,15 Days,2,34000
Mahasamund,B.Com,HR Executive,Full Time,Medium,15 Days,6,56000
Jagdalpur,12th Pass,Content Writer,Full Time,Large,30 Days,6,41000
Tilda Newra,Diploma,Accountant,Full Time,Small,3 Months,11,50000
Bilaspur,BA,HR Executive,Contract,Large,30 Days,12,68000
Chirmiri,BBA,Sales Executive,Full Time,Small,Immediately,1,46000
Chirmiri,10th Pass,Customer Support,Full Time,Small,30 Days,7,16000
Bilaspur,12th Pass,Customer Support,Full Time,Large,45 Days,7,33000
Durg,Diploma,Sales Executive,Intern,Medium,30 Days,5,17000
Mungeli,10th Pass,Customer Support,Full Time,Medium,45 Days,3,14000
Bhatapara,MA,Sales Executive,Full Time,Large,30 Days,3,103000
Mungeli,M.Com,Account Manager,Full Time,Large,45 Days,17,150000
Bilaspur,BA,Account Manager,Full Time,Medium,30 Days,3,60000
Manendragarh,BCA,Digital Marketing Executive,Part Time,Small,Immediately,4,35000
Bhatapara,B.Com,Content Writer,Intern,Large,Immediately,2,19000
Bhilai,MBA,Account Manager,Full Time,Small,2 Months,8,150000
Jagdalpur,Diploma,Content Writer,Full Time,Small,3 Months,14,41000
Raigarh,10th Pass,Computer Operator,Intern,Medium,15 Days,5,8000
Tilda Newra,MA,Digital Marketing Executive,Part Time,Medium,15 Days,4,49000
Bilaspur,MBA,Account Manager,Full Time,Large,3 Months,12,150000
Chirmiri,MBA,Account Manager,Full Time,Large,30 Days,13,150000
Mahasamund,Diploma,Sales Executive,Full Time,Small,15 Days,4,32000
Bilaspur,10th Pass,Customer Support,Full Time,Large,30 Days,5,20000
Rajnandgaon,Diploma,Customer Support,Full Time,Small,2 Months,11,44000
Sakti,BCA,MIS Executive,Full Time,Small,30 Days,7,65000
Korba,BBA,MIS Executive,Full Time,Large,30 Days,8,116000
Korba,12th Pass,Customer Support,Full Time,Medium,Immediately,9,32000
Mungeli,12th Pass,Computer Operator,Full Time,Small,2 Months,3,17000
Sakti,B.Com,Sales Executive,Full Time,Large,2 Months,8,95000
Bemetra,10th Pass,Computer Operator,Full Time,Medium,Immediately,1,12000
Tilda Newra,BBA,Business Analyst,Intern,Small,15 Days,7,38000
Chirmiri,MA,MIS Executive,Full Time,Small,45 Days,8,107000
Jagdalpur,MA,Digital Marketing Executive,Contract,Small,2 Months,20,150000
Bhatapara,BBA,Account Manager,Part Time,Large,2 Months,9,87000
Ambikapur,M.Com,Sales Executive,Full Time,Medium,45 Days,3,99000
Ambikapur,10th Pass,Customer Support,Full Time,Medium,3 Months,8,22000
Bemetra,M.Com,HR Executive,Full Time,Small,3 Months,7,90000
Bhilai,Diploma,Sales Executive,Contract,Large,15 Days,0,34000
Raipur,BBA,Business Analyst,Full Time,Large,2 Months,12,150000
Durg,B.Com,HR Executive,Full Time,Medium,15 Days,4,53000
Jagdalpur,BCA,Account Manager,Full Time,Large,15 Days,4,115000
Raipur,12th Pass,Sales Executive,Part Time,Small,15 Days,0,12000
Bhilai,BCA,Sales Executive,Full Time,Medium,30 Days,12,120000
Mahasamund,M.Com,Account Manager,Full Time,Medium,45 Days,7,135000
Manendragarh,BCA,MIS Executive,Full Time,Small,45 Days,6,70000
Sakti,B.Com,MIS Executive,Full Time,Medium,Immediately,12,88000
Mungeli,BA,Content Writer,Part Time,Medium,30 Days,2,20000
Sakti,12th Pass,Customer Support,Part Time,Medium,15 Days,0,12000
Bhilai,MBA,Account Manager,Full Time,Large,30 Days,5,150000
Raigarh,12th Pass,Computer Operator,Full Time,Medium,3 Months,1,18000
Manendragarh,M.Com,Business Analyst,Full Time,Medium,30 Days,10,150000
Korba,MBA,Digital Marketing Executive,Full Time,Medium,Immediately,4,143000
Raipur,B.Com,Digital Marketing Executive,Full Time,Medium,30 Days,6,75000
Dhamtari,MBA,Digital Marketing Executive,Full Time,Large,45 Days,9,150000
Rajnandgaon,MA,HR Executive,Contract,Small,15 Days,2,47000
Bhatapara,M.Com,HR Executive,Full Time,Medium,2 Months,7,112000
Mahasamund,BCA,Digital Marketing Executive,Contract,Medium,Immediately,0,43000
Bilaspur,BA,Business Analyst,Contract,Medium,45 Days,5,55000
Tilda Newra,Diploma,Accountant,Full Time,Large,30 Days,2,43000
Raigarh,BA,MIS Executive,Contract,Large,2 Months,6,59000
Bhilai,MBA,Digital Marketing Executive,Full Time,Medium,45 Days,8,150000
Dalli-Rajhara,MA,Business Analyst,Full Time,Small,Immediately,6,100000
Raipur,M.Com,Business Analyst,Full Time,Small,3 Months,6,132000
Ambikapur,MBA,Account Manager,Full Time,Medium,Immediately,1,127000
Tilda Newra,BBA,Digital Marketing Executive,Part Time,Medium,30 Days,5,41000
Dhamtari,12th Pass,Accountant,Contract,Small,15 Days,0,17000
Chirmiri,10th Pass,Sales Executive,Full Time,Small,15 Days,3,15000
Naila Janjgir,BA,Content Writer,Full Time,Medium,45 Days,2,36000
Raipur,MA,Account Manager,Full Time,Medium,3 Months,5,113000
Manendragarh,Diploma,Customer Support,Full Time,Small,30 Days,7,31000
Raigarh,B.Com,Customer Support,Full Time,Large,15 Days,0,35000
Bhatapara,B.Com,Account Manager,Full Time,Small,2 Months,7,66000
Bhilai,MA,Digital Marketing Executive,Full Time,Large,Immediately,5,122000
Chirmiri,BBA,HR Executive,Full Time,Small,15 Days,3,47000
Naila Janjgir,B.Com,MIS Executive,Full Time,Medium,45 Days,5,61000
Raigarh,BCA,Business Analyst,Full Time,Medium,2 Months,10,120000
Raigarh,BA,MIS Executive,Part Time,Small,30 Days,10,40000
Chirmiri,Diploma,Computer Operator,Contract,Large,15 Days,1,23000
Durg,MA,MIS Executive,Contract,Small,Immediately,1,59000
Bemetra,MA,HR Executive,Full Time,Large,30 Days,1,73000
Bemetra,M.Com,Account Manager,Full Time,Small,Immediately,1,90000
Bemetra,12th Pass,Customer Support,Full Time,Medium,30 Days,11,30000
Rajnandgaon,M.Com,Business Analyst,Full Time,Medium,30 Days,15,150000
Rajnandgaon,BBA,MIS Executive,Full Time,Small,45 Days,7,81000
Bhilai,10th Pass,Computer Operator,Full Time,Medium,45 Days,5,14000
Sakti,Diploma,Sales Executive,Part Time,Small,15 Days,0,14000
Jagdalpur,Diploma,Customer Support,Full Time,Medium,15 Days,7,36000
Bhatapara,12th Pass,Computer Operator,Full Time,Small,45 Days,6,18000
Ambikapur,BBA,HR Executive,Contract,Medium,2 Months,14,84000
Raigarh,M.Com,MIS Executive,Full Time,Medium,3 Months,6,127000
Durg,10th Pass,Customer Support,Intern,Small,45 Days,3,8000
Bilaspur,BCA,Account Manager,Full Time,Small,45 Days,5,68000
Korba,10th Pass,Customer Support,Contract,Small,Immediately,0,12000
Jagdalpur,12th Pass,Accountant,Full Time,Large,45 Days,0,27000
Bhilai,MA,MIS Executive,Full Time,Small,30 Days,3,69000
Bemetra,B.Com,MIS Executive,Full Time,Large,2 Months,11,107000
Sakti,Diploma,Content Writer,Part Time,Medium,3 Months,7,23000
Dalli-Rajhara,BBA,Digital Marketing Executive,Full Time,Medium,15 Days,6,79000
Mahasamund,10th Pass,Computer Operator,Full Time,Small,3 Months,3,12000
Bhatapara,MA,HR Executive,Intern,Small,15 Days,8,35000
Dhamtari,MBA,Account Manager,Full Time,Large,Immediately,1,150000
Dhamtari,MBA,MIS Executive,Full Time,Medium,2 Months,19,150000
Sakti,BCA,Sales Executive,Contract,Large,45 Days,2,67000
Jagdalpur,BBA,Sales Executive,Full Time,Small,45 Days,9,73000
Chirmiri,MBA,Account Manager,Full Time,Medium,15 Days,10,150000
Manendragarh,10th Pass,Computer Operator,Full Time,Medium,2 Months,7,17000
Naila Janjgir,12th Pass,Sales Executive,Full Time,Medium,3 Months,6,34000
Ambikapur,Diploma,Computer Operator,Contract,Small,45 Days,10,30000
Sakti,MA,Account Manager,Full Time,Small,15 Days,10,110000
Tilda Newra,B.Com,Account Manager,Full Time,Medium,15 Days,3,70000
Sakti,M.Com,MIS Executive,Contract,Small,30 Days,6,101000
Naila Janjgir,M.Com,Account Manager,Full Time,Large,45 Days,6,150000
Mungeli,BA,Customer Support,Full Time,Small,45 Days,2,25000
Mahasamund,MBA,HR Executive,Full Time,Large,15 Days,2,118000
Bhilai,BBA,Sales Executive,Full Time,Small,30 Days,2,47000
Bhilai,M.Com,HR Executive,Full Time,Medium,3 Months,11,142000
Raigarh,B.Com,Digital Marketing Executive,Full Time,Small,30 Days,12,86000
Raigarh,BCA,MIS Executive,Full Time,Large,15 Days,4,96000
Manendragarh,12th Pass,Sales Executive,Full Time,Large,2 Months,8,53000
Naila Janjgir,10th Pass,Customer Support,Full Time,Small,2 Months,5,13000
Raigarh,B.Com,Content Writer,Part Time,Large,15 Days,0,24000
Dhamtari,BBA,Sales Executive,Full Time,Small,3 Months,7,65000
Mahasamund,BA,MIS Executive,Full Time,Medium,30 Days,4,49000
Durg,MBA,Digital Marketing Executive,Part Time,Small,Immediately,19,138000
Sakti,MA,Account Manager,Full Time,Large,2 Months,2,121000
Naila Janjgir,BA,Customer Support,Full Time,Large,15 Days,1,32000
Bilaspur,MBA,Digital Marketing Executive,Contract,Medium,2 Months,9,150000
Raipur,MBA,Account Manager,Part Time,Small,45 Days,3,81000
Raipur,12th Pass,Accountant,Part Time,Small,30 Days,1,13000
Mungeli,MA,Sales Executive,Full Time,Small,2 Months,2,66000
Manendragarh,B.Com,Accountant,Contract,Small,15 Days,0,28000
Jagdalpur,BA,HR Executive,Full Time,Medium,15 Days,11,56000
Korba,M.Com,Digital Marketing Executive,Contract,Large,3 Months,12,150000
Dhamtari,MA,Digital Marketing Executive,Full Time,Medium,Immediately,2,80000
Bemetra,B.Com,Sales Executive,Full Time,Medium,45 Days,4,55000
Bilaspur,BBA,Account Manager,Full Time,Medium,30 Days,6,95000
Korba,M.Com,Sales Executive,Full Time,Large,45 Days,2,113000
Mungeli,B.Com,Business Analyst,Full Time,Large,Immediately,6,100000
Bhatapara,B.Com,Accountant,Contract,Small,30 Days,1,32000
Bhilai,BBA,Account Manager,Contract,Small,30 Days,5,71000
Mungeli,12th Pass,Accountant,Full Time,Medium,2 Months,3,29000
Sakti,10th Pass,Sales Executive,Full Time,Large,15 Days,4,24000
Bhatapara,MBA,Digital Marketing Executive,Intern,Small,45 Days,13,78000
Durg,Diploma,Content Writer,Full Time,Large,3 Months,10,58000
Korba,BBA,Sales Executive,Full Time,Large,15 Days,1,61000
Mahasamund,M.Com,Digital Marketing Executive,Full Time,Large,Immediately,4,150000
Mahasamund,BBA,Accountant,Part Time,Medium,45 Days,0,29000
Korba,Diploma,Computer Operator,Full Time,Small,30 Days,6,25000
Tilda Newra,Diploma,Customer Support,Intern,Large,15 Days,6,18000
Korba,MA,MIS Executive,Full Time,Medium,2 Months,10,136000
Ambikapur,MBA,MIS Executive,Contract,Large,2 Months,14,150000
Mungeli,Diploma,Accountant,Full Time,Small,15 Days,1,24000
Bemetra,B.Com,Digital Marketing Executive,Part Time,Large,30 Days,2,41000
Bhatapara,BCA,Sales Executive,Contract,Large,30 Days,7,92000
Bhatapara,MA,HR Executive,Full Time,Medium,2 Months,10,105000
Tilda Newra,BCA,MIS Executive,Full Time,Small,30 Days,15,112000
Chirmiri,Diploma,Customer Support,Full Time,Medium,2 Months,11,41000
Sakti,12th Pass,Accountant,Full Time,Large,15 Days,2,34000
Bhilai,MA,Account Manager,Full Time,Large,3 Months,15,150000
Mahasamund,B.Com,Account Manager,Full Time,Large,3 Months,11,134000
Manendragarh,M.Com,MIS Executive,Full Time,Small,15 Days,4,85000
Dalli-Rajhara,B.Com,HR Executive,Full Time,Large,30 Days,14,110000
Korba,MBA,Digital Marketing Executive,Contract,Medium,2 Months,8,150000
Jagdalpur,M.Com,MIS Executive,Contract,Medium,15 Days,4,97000
Durg,10th Pass,Customer Support,Part Time,Large,2 Months,9,15000
Bemetra,10th Pass,Sales Executive,Full Time,Large,45 Days,3,22000
Manendragarh,BA,MIS Executive,Intern,Large,2 Months,6,29000
Bhatapara,10th Pass,Sales Executive,Contract,Large,30 Days,9,29000
Raipur,MBA,MIS Executive,Contract,Small,30 Days,9,142000
Bilaspur,BCA,Content Writer,Part Time,Medium,45 Days,2,31000
Ambikapur,12th Pass,Content Writer,Full Time,Large,Immediately,3,33000
Bilaspur,BCA,MIS Executive,Full Time,Large,Immediately,10,106000
Bhatapara,M.Com,Business Analyst,Full Time,Small,15 Days,7,127000
Raipur,BA,Business Analyst,Full Time,Large,Immediately,11,103000
Dalli-Rajhara,BBA,HR Executive,Full Time,Small,30 Days,6,53000
Sakti,BCA,Business Analyst,Full Time,Large,15 Days,12,150000
Bemetra,Diploma,Customer Support,Contract,Large,30 Days,1,27000
Sakti,BCA,MIS Executive,Full Time,Small,45 Days,11,88000
Bhilai,BBA,Account Manager,Full Time,Medium,3 Months,7,91000
Bhilai,BA,Digital Marketing Executive,Full Time,Medium,2 Months,13,87000
Tilda Newra,M.Com,Digital Marketing Executive,Full Time,Large,2 Months,15,150000
Mahasamund,BA,Business Analyst,Full Time,Medium,30 Days,10,94000
Chirmiri,12th Pass,Sales Executive,Full Time,Medium,3 Months,8,39000
Bhilai,MBA,Business Analyst,Intern,Medium,2 Months,5,75000
Dalli-Rajhara,12th Pass,Accountant,Full Time,Large,Immediately,1,30000
Durg,MA,Business Analyst,Full Time,Medium,45 Days,8,150000
Chirmiri,B.Com,Digital Marketing Executive,Full Time,Large,2 Months,9,103000
Bhatapara,10th Pass,Computer Operator,Part Time,Medium,15 Days,1,12000
Raipur,BCA,Sales Executive,Full Time,Large,30 Days,10,126000
Dhamtari,M.Com,Sales Executive,Part Time,Large,45 Days,2,62000
Tilda Newra,10th Pass,Sales Executive,Full Time,Medium,2 Months,4,19000
Mahasamund,M.Com,HR Executive,Full Time,Small,45 Days,9,89000
Sakti,BA,MIS Executive,Full Time,Small,30 Days,6,50000
Chirmiri,MBA,Digital Marketing Executive,Full Time,Small,3 Months,6,133000
Bilaspur,BCA,Content Writer,Intern,Large,15 Days,1,22000
Dalli-Rajhara,BCA,Digital Marketing Executive,Full Time,Medium,45 Days,14,125000
Bilaspur,M.Com,HR Executive,Full Time,Medium,2 Months,17,150000
Rajnandgaon,BBA,Sales Executive,Part Time,Large,30 Days,6,62000
Jagdalpur,BBA,Digital Marketing Executive,Part Time,Medium,2 Months,7,48000
Durg,M.Com,HR Executive,Part Time,Small,30 Days,10,64000
Manendragarh,MBA,MIS Executive,Full Time,Large,Immediately,9,150000
Durg,12th Pass,Content Writer,Part Time,Large,45 Days,2,15000
Bilaspur,10th Pass,Computer Operator,Full Time,Small,Immediately,1,12000
Bhatapara,12th Pass,Accountant,Full Time,Small,30 Days,1,21000
Bilaspur,M.Com,MIS Executive,Full Time,Large,3 Months,15,150000
Durg,B.Com,Accountant,Part Time,Medium,45 Days,2,31000
Durg,Diploma,Sales Executive,Full Time,Large,30 Days,10,75000
Jagdalpur,Diploma,Accountant,Full Time,Medium,45 Days,2,34000
Manendragarh,M.Com,Digital Marketing Executive,Full Time,Medium,2 Months,12,147000
Ambikapur,Diploma,Customer Support,Full Time,Large,45 Days,6,40000
Sakti,BBA,Business Analyst,Contract,Small,2 Months,5,73000
Korba,BCA,MIS Executive,Intern,Small,30 Days,11,31000
Manendragarh,MA,Business Analyst,Full Time,Large,3 Months,12,150000
Chirmiri,BBA,Digital Marketing Executive,Full Time,Small,3 Months,10,99000
Durg,MA,Digital Marketing Executive,Full Time,Medium,30 Days,3,84000
Naila Janjgir,M.Com,MIS Executive,Full Time,Small,Immediately,3,88000
Rajnandgaon,12th Pass,Accountant,Full Time,Small,15 Days,4,27000
Dhamtari,BCA,HR Executive,Full Time,Medium,3 Months,15,100000
Dalli-Rajhara,10th Pass,Sales Executive,Full Time,Medium,45 Days,10,29000
Tilda Newra,Diploma,Sales Executive,Full Time,Medium,3 Months,10,56000
Rajnandgaon,Diploma,Sales Executive,Full Time,Large,45 Days,8,59000
Ambikapur,BA,MIS Executive,Full Time,Small,15 Days,7,46000
Mungeli,Diploma,Computer Operator,Contract,Large,30 Days,7,35000
Chirmiri,BA,Account Manager,Full Time,Medium,15 Days,9,73000
Mahasamund,B.Com,Digital Marketing Executive,Full Time,Large,30 Days,2,72000
Ambikapur,12th Pass,Accountant,Full Time,Medium,3 Months,6,39000
Ambikapur,BCA,Digital Marketing Executive,Full Time,Small,2 Months,5,74000
Dalli-Rajhara,M.Com,Account Manager,Full Time,Small,30 Days,4,115000
Naila Janjgir,BCA,MIS Executive,Full Time,Large,3 Months,7,112000
Bilaspur,BBA,Digital Marketing Executive,Full Time,Small,2 Months,12,87000
Dalli-Rajhara,10th Pass,Customer Support,Intern,Small,15 Days,4,8000
Chirmiri,BA,HR Executive,Full Time,Small,2 Months,12,59000
Bemetra,MA,MIS Executive,Full Time,Small,30 Days,12,114000
Chirmiri,M.Com,MIS Executive,Full Time,Medium,30 Days,4,107000
Dalli-Rajhara,MA,MIS Executive,Full Time,Medium,45 Days,5,89000
Rajnandgaon,M.Com,Business Analyst,Full Time,Large,3 Months,9,150000
Durg,BA,Sales Executive,Full Time,Medium,45 Days,1,40000
Mungeli,12th Pass,Sales Executive,Full Time,Medium,30 Days,8,41000
Mungeli,BBA,Digital Marketing Executive,Contract,Small,30 Days,12,77000
Manendragarh,BA,MIS Executive,Full Time,Medium,3 Months,6,54000
Bhilai,BCA,HR Executive,Full Time,Medium,2 Months,7,75000
Mungeli,12th Pass,Customer Support,Contract,Medium,Immediately,8,24000
Jagdalpur,10th Pass,Customer Support,Full Time,Medium,2 Months,5,16000
Dalli-Rajhara,MBA,HR Executive,Intern,Medium,Immediately,3,48000
Ambikapur,Diploma,Customer Support,Full Time,Medium,2 Months,5,32000
Tilda Newra,10th Pass,Computer Operator,Full Time,Small,30 Days,4,12000
Tilda Newra,M.Com,Account Manager,Full Time,Large,15 Days,9,150000
Raipur,10th Pass,Customer Support,Full Time,Large,3 Months,8,24000
Korba,MBA,Sales Executive,Full Time,Medium,30 Days,1,98000
Tilda Newra,BBA,Business Analyst,Intern,Large,15 Days,12,67000
Sakti,10th Pass,Customer Support,Full Time,Large,30 Days,4,19000
Naila Janjgir,MBA,Digital Marketing Executive,Full Time,Large,3 Months,16,150000
Dhamtari,B.Com,Customer Support,Full Time,Medium,45 Days,1,34000
Sakti,12th Pass,Accountant,Part Time,Small,3 Months,5,15000
Bemetra,B.Com,Customer Support,Full Time,Medium,15 Days,1,31000
Raipur,MBA,Account Manager,Full Time,Medium,45 Days,17,150000
Mahasamund,BCA,Accountant,Full Time,Small,15 Days,1,43000
Korba,BA,Business Analyst,Full Time,Medium,3 Months,7,84000
Sakti,BBA,Sales Executive,Part Time,Small,Immediately,0,25000
Tilda Newra,MA,Digital Marketing Executive,Part Time,Small,2 Months,16,85000
Durg,12th Pass,Content Writer,Full Time,Medium,15 Days,2,21000
Naila Janjgir,BBA,Sales Executive,Part Time,Large,2 Months,8,58000
Dalli-Rajhara,M.Com,HR Executive,Full Time,Large,3 Months,11,150000
Mahasamund,BBA,Accountant,Full Time,Medium,15 Days,1,48000
Dhamtari,BBA,Business Analyst,Full Time,Medium,45 Days,5,96000
Manendragarh,MBA,Account Manager,Full Time,Medium,2 Months,14,150000
Jagdalpur,BBA,Sales Executive,Full Time,Large,2 Months,10,119000
Korba,B.Com,HR Executive,Full Time,Small,30 Days,8,50000
Tilda Newra,BA,Sales Executive,Full Time,Large,30 Days,8,64000
Dhamtari,10th Pass,Computer Operator,Contract,Large,15 Days,1,12000
Bilaspur,Diploma,Content Writer,Full Time,Small,2 Months,5,32000
Rajnandgaon,MBA,Digital Marketing Executive,Full Time,Large,30 Days,7,150000
Mungeli,BA,Sales Executive,Part Time,Small,15 Days,10,37000
Bhatapara,BBA,Business Analyst,Full Time,Small,45 Days,6,90000
Durg,12th Pass,Accountant,Full Time,Large,2 Months,7,42000
Raipur,B.Com,HR Executive,Full Time,Large,45 Days,2,52000
Raipur,12th Pass,Accountant,Full Time,Medium,30 Days,2,25000
Chirmiri,M.Com,Account Manager,Full Time,Medium,Immediately,19,150000
Jagdalpur,MA,MIS Executive,Full Time,Large,3 Months,5,133000
Raipur,Diploma,Accountant,Full Time,Large,15 Days,5,50000
Korba,BCA,Digital Marketing Executive,Intern,Small,45 Days,6,27000
Chirmiri,BCA,Account Manager,Full Time,Small,30 Days,4,69000
Bhatapara,10th Pass,Computer Operator,Part Time,Large,30 Days,5,12000
Dhamtari,BCA,HR Executive,Intern,Small,30 Days,2,17000
Mahasamund,MA,MIS Executive,Full Time,Large,30 Days,5,112000
Korba,10th Pass,Customer Support,Part Time,Medium,45 Days,5,12000
Mungeli,10th Pass,Customer Support,Full Time,Medium,45 Days,3,16000
Rajnandgaon,MA,Account Manager,Full Time,Large,15 Days,4,134000
Ambikapur,B.Com,Digital Marketing Executive,Contract,Small,45 Days,6,50000
Bhilai,BBA,Content Writer,Full Time,Large,30 Days,0,52000
Bhilai,MBA,Digital Marketing Executive,Full Time,Large,15 Days,1,125000
Dalli-Rajhara,12th Pass,Sales Executive,Full Time,Medium,3 Months,6,35000
Bhatapara,12th Pass,Computer Operator,Part Time,Medium,30 Days,6,13000
Dhamtari,BCA,Sales Executive,Full Time,Small,15 Days,7,71000
Dhamtari,BBA,Business Analyst,Intern,Large,3 Months,5,46000
Durg,BBA,Business Analyst,Full Time,Medium,2 Months,3,93000
Bilaspur,M.Com,Business Analyst,Full Time,Small,3 Months,8,139000
Rajnandgaon,12th Pass,Sales Executive,Contract,Medium,30 Days,9,38000
Bilaspur,12th Pass,Customer Support,Full Time,Small,15 Days,9,26000
Bemetra,MA,HR Executive,Full Time,Small,2 Months,15,124000
Jagdalpur,MBA,Account Manager,Full Time,Small,3 Months,17,150000
Manendragarh,10th Pass,Computer Operator,Full Time,Large,Immediately,1,12000
Dhamtari,Diploma,Content Writer,Full Time,Large,Immediately,1,34000
Ambikapur,MA,Account Manager,Full Time,Medium,2 Months,9,150000
Bhatapara,MA,Digital Marketing Executive,Full Time,Large,30 Days,3,117000
Rajnandgaon,B.Com,Sales Executive,Part Time,Medium,3 Months,2,28000
Sakti,MA,Account Manager,Full Time,Large,3 Months,6,138000
Manendragarh,BCA,Content Writer,Part Time,Medium,Immediately,2,32000
Raipur,B.Com,Digital Marketing Executive,Part Time,Medium,30 Days,3,37000
Jagdalpur,12th Pass,Accountant,Contract,Large,15 Days,2,26000
Naila Janjgir,B.Com,MIS Executive,Full Time,Small,45 Days,12,71000
Dalli-Rajhara,Diploma,Sales Executive,Part Time,Small,30 Days,6,22000
Raigarh,M.Com,Account Manager,Full Time,Large,2 Months,8,150000
Korba,BCA,Customer Support,Intern,Large,30 Days,2,21000
Raipur,M.Com,HR Executive,Full Time,Large,30 Days,9,134000
Jagdalpur,M.Com,MIS Executive,Part Time,Large,3 Months,15,147000
Raipur,10th Pass,Computer Operator,Full Time,Large,2 Months,6,19000
Bhilai,M.Com,Digital Marketing Executive,Full Time,Small,3 Months,14,135000
Raipur,10th Pass,Computer Operator,Intern,Large,45 Days,8,9000
Sakti,10th Pass,Computer Operator,Contract,Small,Immediately,0,12000
Raipur,Diploma,Sales Executive,Contract,Small,45 Days,8,41000
Naila Janjgir,12th Pass,Sales Executive,Full Time,Large,15 Days,2,35000
Dhamtari,12th Pass,Customer Support,Full Time,Small,3 Months,9,27000
Tilda Newra,BBA,Accountant,Full Time,Large,30 Days,0,65000
Korba,10th Pass,Computer Operator,Full Time,Large,45 Days,5,20000
Bhatapara,MBA,HR Executive,Full Time,Small,3 Months,5,125000
Rajnandgaon,BA,Business Analyst,Full Time,Large,15 Days,4,68000
Jagdalpur,MA,Sales Executive,Intern,Small,3 Months,2,22000
Naila Janjgir,MBA,MIS Executive,Full Time,Large,2 Months,15,150000
Mungeli,MA,Business Analyst,Part Time,Large,30 Days,6,96000
Bhilai,B.Com,Customer Support,Part Time,Large,2 Months,1,23000
Mungeli,BCA,Sales Executive,Full Time,Small,2 Months,15,108000
Mahasamund,MA,Business Analyst,Full Time,Small,3 Months,14,150000
Korba,12th Pass,Content Writer,Full Time,Large,30 Days,8,42000
Manendragarh,M.Com,Account Manager,Full Time,Small,3 Months,13,150000
Bhilai,BCA,HR Executive,Full Time,Large,3 Months,4,74000
Sakti,MA,Account Manager,Contract,Medium,15 Days,4,90000
Korba,B.Com,Digital Marketing Executive,Full Time,Small,45 Days,6,57000
Dalli-Rajhara,BA,Digital Marketing Executive,Part Time,Large,15 Days,12,59000
Bilaspur,BCA,Business Analyst,Full Time,Large,45 Days,7,138000
Dalli-Rajhara,M.Com,MIS Executive,Contract,Medium,15 Days,3,93000
Korba,M.Com,Digital Marketing Executive,Part Time,Medium,45 Days,14,102000
Chirmiri,BA,Digital Marketing Executive,Full Time,Large,45 Days,5,75000
Durg,B.Com,Digital Marketing Executive,Full Time,Large,30 Days,5,77000
Durg,M.Com,Digital Marketing Executive,Full Time,Medium,2 Months,8,150000
Korba,Diploma,Content Writer,Contract,Small,3 Months,15,51000
Dalli-Rajhara,12th Pass,Customer Support,Full Time,Large,15 Days,3,28000
Ambikapur,BA,Accountant,Contract,Medium,Immediately,1,33000
Rajnandgaon,10th Pass,Customer Support,Full Time,Medium,3 Months,5,17000
Bhilai,B.Com,MIS Executive,Full Time,Small,2 Months,5,62000
Dhamtari,BBA,Customer Support,Full Time,Medium,2 Months,1,39000
Raigarh,10th Pass,Computer Operator,Full Time,Small,45 Days,3,12000
Dalli-Rajhara,MBA,Account Manager,Intern,Medium,45 Days,1,47000
Mungeli,M.Com,HR Executive,Full Time,Large,30 Days,13,150000
Sakti,B.Com,Content Writer,Contract,Large,2 Months,0,39000
Ambikapur,MA,Account Manager,Full Time,Small,30 Days,12,116000
Raigarh,BA,MIS Executive,Full Time,Large,3 Months,7,78000
Raipur,12th Pass,Sales Executive,Full Time,Small,15 Days,1,21000
Mahasamund,10th Pass,Computer Operator,Contract,Small,30 Days,1,12000
Durg,M.Com,Account Manager,Full Time,Small,45 Days,9,148000
Durg,BA,MIS Executive,Part Time,Large,15 Days,4,42000
Korba,MBA,Account Manager,Full Time,Large,45 Days,13,150000
Raipur,BA,Digital Marketing Executive,Part Time,Small,3 Months,8,31000
Korba,MA,Digital Marketing Executive,Full Time,Medium,2 Months,12,150000
Bilaspur,M.Com,HR Executive,Full Time,Medium,2 Months,3,82000
Raigarh,BCA,Digital Marketing Executive,Full Time,Medium,15 Days,2,59000
Bhilai,Diploma,Content Writer,Full Time,Small,Immediately,1,23000
Bemetra,B.Com,Account Manager,Full Time,Small,3 Months,9,86000
Ambikapur,M.Com,Business Analyst,Full Time,Large,Immediately,18,150000
Raipur,BA,Account Manager,Full Time,Large,Immediately,3,68000
Durg,B.Com,Business Analyst,Full Time,Small,45 Days,7,80000
Ambikapur,BCA,Digital Marketing Executive,Full Time,Medium,Immediately,0,55000
Chirmiri,B.Com,Sales Executive,Part Time,Medium,15 Days,3,34000
Korba,12th Pass,Sales Executive,Full Time,Large,15 Days,0,27000
Jagdalpur,12th Pass,Customer Support,Full Time,Small,2 Months,11,28000
Bhatapara,BBA,Content Writer,Part Time,Large,30 Days,2,32000
Bhilai,M.Com,Account Manager,Full Time,Small,30 Days,9,136000
Mungeli,10th Pass,Sales Executive,Full Time,Large,Immediately,9,36000
Mungeli,BA,Content Writer,Full Time,Large,45 Days,2,47000
Bemetra,12th Pass,Content Writer,Full Time,Large,45 Days,1,27000
Korba,BA,MIS Executive,Full Time,Small,2 Months,4,41000
Manendragarh,B.Com,Digital Marketing Executive,Full Time,Medium,30 Days,7,85000
Durg,M.Com,Business Analyst,Intern,Small,3 Months,9,63000
Bhilai,MA,Account Manager,Full Time,Medium,30 Days,5,122000
Mahasamund,Diploma,Computer Operator,Contract,Medium,15 Days,0,17000
Tilda Newra,B.Com,MIS Executive,Intern,Large,45 Days,12,43000
Sakti,BA,HR Executive,Full Time,Large,2 Months,12,75000
Bemetra,BCA,HR Executive,Full Time,Medium,15 Days,7,77000
Raipur,MA,Digital Marketing Executive,Part Time,Small,45 Days,1,39000
Mahasamund,BBA,Digital Marketing Executive,Part Time,Small,2 Months,7,44000
Dalli-Rajhara,BBA,Accountant,Full Time,Large,Immediately,1,69000
Bemetra,MA,MIS Executive,Contract,Small,30 Days,5,76000
Bilaspur,MA,HR Executive,Full Time,Small,45 Days,9,81000
Chirmiri,Diploma,Accountant,Full Time,Small,3 Months,11,53000
Bilaspur,BCA,Business Analyst,Full Time,Medium,15 Days,11,141000
Chirmiri,BCA,Content Writer,Part Time,Large,30 Days,0,29000
Bilaspur,MBA,Business Analyst,Part Time,Small,2 Months,10,132000
Sakti,B.Com,Account Manager,Full Time,Small,30 Days,7,67000
Bhatapara,B.Com,Business Analyst,Full Time,Large,3 Months,4,93000
Raigarh,MA,HR Executive,Full Time,Large,30 Days,15,150000
Chirmiri,BBA,Sales Executive,Contract,Large,30 Days,8,92000
Raipur,B.Com,Digital Marketing Executive,Full Time,Medium,15 Days,9,89000
Chirmiri,12th Pass,Content Writer,Full Time,Small,30 Days,3,22000
Ambikapur,MA,Digital Marketing Executive,Full Time,Small,30 Days,4,74000
Bhatapara,M.Com,Account Manager,Full Time,Small,Immediately,4,110000
Sakti,M.Com,Account Manager,Part Time,Small,30 Days,8,75000
Korba,MA,Digital Marketing Executive,Contract,Small,Immediately,4,69000
Dalli-Rajhara,Diploma,Content Writer,Full Time,Small,15 Days,7,30000
Bilaspur,B.Com,Digital Marketing Executive,Full Time,Medium,45 Days,2,53000
Bilaspur,MA,Digital Marketing Executive,Full Time,Small,2 Months,10,120000
Bhatapara,BA,HR Executive,Full Time,Medium,30 Days,3,39000
Rajnandgaon,10th Pass,Sales Executive,Full Time,Large,30 Days,1,18000
Chirmiri,BCA,MIS Executive,Full Time,Small,30 Days,3,56000
Bemetra,M.Com,HR Executive,Contract,Small,2 Months,8,88000
Mungeli,MA,MIS Executive,Full Time,Medium,45 Days,1,73000
Dalli-Rajhara,MBA,Digital Marketing Executive,Full Time,Small,30 Days,6,150000
Manendragarh,12th Pass,Customer Support,Intern,Small,15 Days,0,8000
Naila Janjgir,BCA,Account Manager,Full Time,Medium,15 Days,11,121000
Rajnandgaon,10th Pass,Computer Operator,Contract,Medium,45 Days,2,12000
Bilaspur,10th Pass,Sales Executive,Intern,Large,15 Days,0,8000
Dalli-Rajhara,M.Com,Business Analyst,Part Time,Large,3 Months,9,135000
Bemetra,Diploma,Accountant,Full Time,Large,2 Months,13,92000
Manendragarh,Diploma,Customer Support,Full Time,Large,30 Days,5,39000
Tilda Newra,MA,HR Executive,Intern,Small,Immediately,11,39000
Raipur,MA,MIS Executive,Full Time,Medium,30 Days,16,150000
Mungeli,B.Com,Sales Executive,Part Time,Large,15 Days,3,40000
Ambikapur,12th Pass,Computer Operator,Full Time,Large,2 Months,3,24000
Dalli-Rajhara,10th Pass,Customer Support,Contract,Large,30 Days,0,12000
Korba,MA,Business Analyst,Full Time,Large,3 Months,19,150000
Mahasamund,BCA,Account Manager,Full Time,Large,3 Months,10,150000
Dalli-Rajhara,BBA,Sales Executive,Full Time,Large,3 Months,5,86000
Tilda Newra,BBA,Digital Marketing Executive,Intern,Medium,45 Days,6,33000
Dalli-Rajhara,BBA,Business Analyst,Full Time,Small,2 Months,7,91000
Tilda Newra,MBA,Account Manager,Full Time,Large,2 Months,6,150000
Bemetra,Diploma,Content Writer,Part Time,Small,30 Days,0,12000
Jagdalpur,B.Com,Account Manager,Full Time,Small,Immediately,3,52000
Mahasamund,10th Pass,Customer Support,Full Time,Small,2 Months,4,12000
Bemetra,12th Pass,Accountant,Full Time,Medium,Immediately,3,28000
Bhilai,Diploma,Sales Executive,Full Time,Large,Immediately,1,42000
Raipur,MBA,Account Manager,Full Time,Small,2 Months,2,123000
Bhilai,12th Pass,Accountant,Full Time,Small,30 Days,2,21000
Naila Janjgir,Diploma,Content Writer,Full Time,Small,3 Months,12,44000
Rajnandgaon,BBA,HR Executive,Full Time,Medium,30 Days,10,86000
Korba,Diploma,Accountant,Full Time,Small,2 Months,4,35000
Bhatapara,MBA,Account Manager,Full Time,Small,Immediately,3,138000
Manendragarh,B.Com,MIS Executive,Full Time,Large,3 Months,8,101000
Bhatapara,B.Com,MIS Executive,Contract,Large,3 Months,8,83000
Tilda Newra,M.Com,Sales Executive,Part Time,Small,30 Days,4,53000
Jagdalpur,10th Pass,Computer Operator,Contract,Medium,2 Months,7,14000
Bhatapara,MA,Business Analyst,Full Time,Medium,2 Months,8,150000
Mungeli,M.Com,MIS Executive,Full Time,Medium,2 Months,14,150000
Korba,Diploma,Customer Support,Part Time,Small,15 Days,1,13000
Naila Janjgir,MBA,HR Executive,Full Time,Medium,3 Months,11,150000
Mungeli,BBA,Sales Executive,Full Time,Small,30 Days,10,91000
Manendragarh,BBA,HR Executive,Full Time,Small,2 Months,7,64000
Raipur,BCA,Business Analyst,Full Time,Large,15 Days,9,148000
Manendragarh,BA,Sales Executive,Full Time,Large,45 Days,9,76000
Dalli-Rajhara,BCA,HR Executive,Full Time,Large,3 Months,10,110000
Bilaspur,BCA,Customer Support,Full Time,Small,30 Days,0,33000
Naila Janjgir,12th Pass,Computer Operator,Part Time,Medium,2 Months,8,14000
Korba,B.Com,Business Analyst,Part Time,Large,30 Days,11,78000
Mungeli,Diploma,Sales Executive,Part Time,Medium,Immediately,1,19000
Raigarh,MA,MIS Executive,Full Time,Medium,15 Days,3,83000
Chirmiri,BCA,MIS Executive,Full Time,Large,30 Days,5,88000
Raipur,M.Com,Digital Marketing Executive,Full Time,Small,2 Months,16,150000
Naila Janjgir,MBA,MIS Executive,Contract,Large,45 Days,18,150000
Raipur,Diploma,Accountant,Full Time,Medium,15 Days,9,52000
Korba,BBA,Account Manager,Full Time,Small,2 Months,7,84000
Jagdalpur,BBA,Sales Executive,Full Time,Small,Immediately,1,46000
Dalli-Rajhara,M.Com,MIS Executive,Full Time,Large,30 Days,7,150000
Durg,12th Pass,Accountant,Full Time,Small,3 Months,7,30000
Sakti,BA,Business Analyst,Full Time,Small,30 Days,5,62000
Ambikapur,BCA,Sales Executive,Full Time,Medium,15 Days,6,71000
Chirmiri,10th Pass,Computer Operator,Full Time,Small,Immediately,5,12000
Naila Janjgir,12th Pass,Accountant,Full Time,Small,Immediately,6,29000
Manendragarh,BA,Digital Marketing Executive,Full Time,Large,30 Days,6,66000
Tilda Newra,12th Pass,Accountant,Full Time,Large,2 Months,10,57000
Ambikapur,BBA,Customer Support,Part Time,Small,Immediately,0,17000
Dalli-Rajhara,MBA,Business Analyst,Full Time,Large,3 Months,14,150000
Raipur,B.Com,Digital Marketing Executive,Intern,Medium,30 Days,0,17000
Naila Janjgir,BCA,Account Manager,Part Time,Large,45 Days,12,94000
Jagdalpur,BBA,Sales Executive,Full Time,Medium,2 Months,11,108000
Korba,BBA,Account Manager,Full Time,Small,2 Months,12,112000
Durg,B.Com,Sales Executive,Full Time,Small,15 Days,7,55000
Mahasamund,12th Pass,Accountant,Full Time,Small,15 Days,6,26000
Raipur,BA,Business Analyst,Full Time,Small,45 Days,10,65000
Bhatapara,12th Pass,Customer Support,Part Time,Large,30 Days,1,14000
Mungeli,12th Pass,Customer Support,Full Time,Large,30 Days,2,25000
Chirmiri,BA,Sales Executive,Full Time,Medium,30 Days,7,59000
Dhamtari,M.Com,Sales Executive,Contract,Small,15 Days,1,60000
Dhamtari,12th Pass,Customer Support,Intern,Small,3 Months,2,8000
Dalli-Rajhara,Diploma,Accountant,Contract,Large,45 Days,6,52000
Manendragarh,MA,MIS Executive,Full Time,Small,3 Months,10,119000
Sakti,BCA,Business Analyst,Full Time,Large,15 Days,3,108000
Dhamtari,MBA,Account Manager,Full Time,Small,15 Days,9,150000
Bilaspur,MBA,MIS Executive,Full Time,Small,Immediately,16,150000
Rajnandgaon,BCA,Accountant,Intern,Medium,15 Days,0,20000
Bhilai,BCA,Account Manager,Intern,Small,30 Days,11,50000
Chirmiri,BBA,HR Executive,Full Time,Medium,30 Days,3,59000
Rajnandgaon,M.Com,MIS Executive,Full Time,Large,15 Days,5,150000
Jagdalpur,B.Com,Business Analyst,Contract,Medium,30 Days,15,144000
Bilaspur,BA,Business Analyst,Full Time,Medium,45 Days,6,63000
Manendragarh,BCA,HR Executive,Full Time,Small,30 Days,6,59000
Bilaspur,B.Com,Sales Executive,Full Time,Small,45 Days,11,67000
Dalli-Rajhara,MBA,Business Analyst,Intern,Small,3 Months,7,71000
Bilaspur,MA,HR Executive,Full Time,Large,15 Days,3,86000
Bhatapara,BBA,Sales Executive,Full Time,Large,30 Days,5,84000
Chirmiri,12th Pass,Content Writer,Full Time,Small,15 Days,6,27000
Raigarh,Diploma,Accountant,Part Time,Medium,30 Days,2,19000
Mahasamund,MA,Business Analyst,Intern,Small,2 Months,17,71000
Bemetra,B.Com,HR Executive,Full Time,Small,3 Months,7,48000
Bemetra,M.Com,Business Analyst,Part Time,Medium,3 Months,5,79000
Durg,M.Com,HR Executive,Full Time,Large,Immediately,14,150000
Chirmiri,BA,MIS Executive,Full Time,Large,Immediately,5,71000
Raipur,12th Pass,Sales Executive,Intern,Small,45 Days,11,13000
Bhatapara,12th Pass,Content Writer,Full Time,Large,30 Days,2,26000
Manendragarh,B.Com,Business Analyst,Full Time,Medium,15 Days,5,76000
Ambikapur,MA,Sales Executive,Full Time,Small,Immediately,4,78000
Bhatapara,BCA,Digital Marketing Executive,Contract,Small,30 Days,7,65000
Jagdalpur,BBA,HR Executive,Full Time,Small,15 Days,4,46000
Dhamtari,10th Pass,Computer Operator,Full Time,Medium,45 Days,4,14000
Sakti,MBA,Sales Executive,Full Time,Medium,3 Months,4,149000
Mungeli,MA,Account Manager,Full Time,Medium,15 Days,8,138000
Durg,MA,Sales Executive,Part Time,Large,45 Days,3,56000
Chirmiri,BBA,Content Writer,Intern,Medium,30 Days,0,16000
Korba,BA,MIS Executive,Full Time,Large,2 Months,5,60000
Naila Janjgir,MBA,Digital Marketing Executive,Full Time,Large,Immediately,2,134000
Durg,B.Com,HR Executive,Full Time,Medium,45 Days,9,73000
Sakti,M.Com,HR Executive,Full Time,Large,30 Days,2,89000
Raipur,Diploma,Computer Operator,Contract,Large,Immediately,6,32000
Bilaspur,BBA,Account Manager,Full Time,Large,30 Days,14,150000
Mahasamund,B.Com,Content Writer,Part Time,Small,30 Days,2,21000
Mahasamund,Diploma,Customer Support,Full Time,Small,30 Days,2,20000
Ambikapur,Diploma,Accountant,Intern,Small,30 Days,4,12000
Bilaspur,BCA,Digital Marketing Executive,Contract,Medium,30 Days,15,118000
Durg,MA,Account Manager,Contract,Small,3 Months,8,120000
Mungeli,12th Pass,Sales Executive,Part Time,Large,15 Days,4,25000
Mungeli,M.Com,Account Manager,Part Time,Medium,2 Months,5,86000
Dalli-Rajhara,BBA,HR Executive,Contract,Medium,15 Days,10,91000
Raigarh,BA,Digital Marketing Executive,Full Time,Medium,Immediately,7,71000
Dalli-Rajhara,MBA,MIS Executive,Full Time,Large,2 Months,9,150000
Tilda Newra,Diploma,Computer Operator,Part Time,Small,45 Days,0,12000
Raigarh,Diploma,Accountant,Full Time,Medium,3 Months,5,38000
Chirmiri,10th Pass,Sales Executive,Part Time,Large,30 Days,2,12000
Jagdalpur,MBA,HR Executive,Intern,Medium,30 Days,17,107000
Raigarh,M.Com,HR Executive,Full Time,Small,30 Days,3,75000
Raipur,BCA,Account Manager,Full Time,Small,15 Days,4,68000
Korba,Diploma,Accountant,Full Time,Large,30 Days,10,69000
Raipur,BBA,Digital Marketing Executive,Contract,Medium,45 Days,7,79000
Manendragarh,MBA,Account Manager,Full Time,Small,30 Days,20,150000
Sakti,BCA,MIS Executive,Full Time,Medium,45 Days,7,93000
Raipur,MA,Account Manager,Full Time,Small,45 Days,2,78000
Bemetra,10th Pass,Customer Support,Full Time,Large,15 Days,1,15000
Dhamtari,BCA,Business Analyst,Full Time,Large,3 Months,9,150000
Rajnandgaon,B.Com,Account Manager,Full Time,Large,45 Days,6,99000
Bilaspur,B.Com,HR Executive,Full Time,Large,2 Months,3,60000
Bemetra,BCA,Business Analyst,Full Time,Large,2 Months,9,141000
Ambikapur,BCA,HR Executive,Full Time,Large,30 Days,5,85000
Mahasamund,B.Com,Account Manager,Full Time,Large,15 Days,4,86000
Manendragarh,Diploma,Sales Executive,Full Time,Large,3 Months,5,58000
Chirmiri,M.Com,Digital Marketing Executive,Part Time,Small,2 Months,7,66000
Bemetra,10th Pass,Customer Support,Full Time,Large,30 Days,8,25000
Dalli-Rajhara,10th Pass,Sales Executive,Full Time,Large,2 Months,5,26000
Ambikapur,MBA,Account Manager,Full Time,Large,2 Months,11,150000
Bemetra,Diploma,Computer Operator,Intern,Medium,30 Days,10,13000
Bhatapara,12th Pass,Computer Operator,Contract,Small,Immediately,0,12000
Bilaspur,Diploma,Customer Support,Full Time,Medium,15 Days,5,28000
Chirmiri,BA,Business Analyst,Full Time,Large,2 Months,12,129000
Mungeli,MA,MIS Executive,Full Time,Medium,3 Months,16,150000
Chirmiri,B.Com,Business Analyst,Part Time,Large,45 Days,5,55000
Durg,MA,HR Executive,Full Time,Large,2 Months,20,150000
Ambikapur,BCA,Sales Executive,Full Time,Medium,2 Months,4,62000
Mungeli,M.Com,Sales Executive,Full Time,Small,2 Months,4,79000
Ambikapur,M.Com,Sales Executive,Full Time,Small,Immediately,1,62000
Mungeli,12th Pass,Customer Support,Full Time,Medium,30 Days,5,23000
Chirmiri,BA,Sales Executive,Full Time,Small,Immediately,4,40000
Ambikapur,Diploma,Sales Executive,Intern,Medium,2 Months,5,17000
Bilaspur,12th Pass,Customer Support,Contract,Large,Immediately,11,35000
Mungeli,10th Pass,Customer Support,Contract,Large,30 Days,1,14000
Bilaspur,10th Pass,Customer Support,Full Time,Large,30 Days,1,15000
Durg,M.Com,Digital Marketing Executive,Full Time,Medium,45 Days,3,89000
Sakti,BA,MIS Executive,Part Time,Small,45 Days,11,46000
Manendragarh,BCA,Account Manager,Contract,Large,2 Months,7,109000
Chirmiri,M.Com,HR Executive,Full Time,Small,30 Days,5,93000
Manendragarh,BBA,Digital Marketing Executive,Part Time,Large,45 Days,1,45000
Dhamtari,MBA,HR Executive,Full Time,Medium,45 Days,5,118000
Durg,MA,Digital Marketing Executive,Part Time,Medium,15 Days,2,48000
Durg,BBA,Digital Marketing Executive,Full Time,Large,45 Days,6,110000
Chirmiri,MBA,Sales Executive,Full Time,Large,30 Days,3,145000
Mahasamund,Diploma,Customer Support,Part Time,Medium,30 Days,13,28000
Bhilai,Diploma,Computer Operator,Intern,Medium,30 Days,5,12000
Rajnandgaon,Diploma,Content Writer,Full Time,Large,30 Days,4,40000
Ambikapur,10th Pass,Customer Support,Full Time,Small,3 Months,9,17000
Mahasamund,Diploma,Sales Executive,Full Time,Large,15 Days,2,43000
Bhatapara,10th Pass,Computer Operator,Full Time,Large,2 Months,5,18000
Mungeli,BA,HR Executive,Full Time,Medium,45 Days,12,65000
Bhilai,B.Com,Digital Marketing Executive,Full Time,Small,30 Days,7,69000
Sakti,MA,Digital Marketing Executive,Full Time,Medium,30 Days,6,108000
Raipur,MBA,Business Analyst,Full Time,Small,3 Months,14,150000
Bhatapara,BBA,Account Manager,Part Time,Medium,15 Days,3,50000
Rajnandgaon,Diploma,Accountant,Part Time,Large,15 Days,9,43000
Naila Janjgir,BCA,Content Writer,Full Time,Large,30 Days,0,53000
Raigarh,MA,HR Executive,Full Time,Small,2 Months,6,76000
Jagdalpur,M.Com,Business Analyst,Contract,Medium,2 Months,10,150000
Tilda Newra,12th Pass,Accountant,Part Time,Small,Immediately,0,12000
Raigarh,12th Pass,Sales Executive,Intern,Medium,2 Months,3,11000
Chirmiri,BA,HR Executive,Contract,Medium,2 Months,5,43000
Tilda Newra,10th Pass,Customer Support,Full Time,Medium,15 Days,9,20000
Raipur,BBA,MIS Executive,Full Time,Large,30 Days,6,94000
Naila Janjgir,10th Pass,Sales Executive,Full Time,Medium,15 Days,7,27000
Tilda Newra,10th Pass,Customer Support,Part Time,Large,3 Months,6,12000
Raipur,BBA,HR Executive,Full Time,Small,3 Months,13,88000
Korba,MBA,MIS Executive,Part Time,Large,45 Days,9,130000
Durg,10th Pass,Computer Operator,Full Time,Large,30 Days,5,19000
Jagdalpur,BBA,Customer Support,Full Time,Large,15 Days,2,61000
Korba,BBA,Account Manager,Full Time,Small,30 Days,3,61000
Bhilai,MA,Account Manager,Full Time,Medium,3 Months,16,150000
Tilda Newra,B.Com,Account Manager,Full Time,Large,15 Days,5,86000
Naila Janjgir,M.Com,HR Executive,Contract,Small,2 Months,9,84000
Bemetra,10th Pass,Sales Executive,Full Time,Small,3 Months,4,15000
Raigarh,BA,Account Manager,Full Time,Small,45 Days,6,51000
Korba,Diploma,Content Writer,Part Time,Large,45 Days,0,18000
Bhatapara,BCA,Sales Executive,Full Time,Large,45 Days,10,103000
Mungeli,MA,HR Executive,Full Time,Small,3 Months,13,96000
Sakti,MA,Digital Marketing Executive,Full Time,Small,2 Months,14,131000
Dhamtari,Diploma,Sales Executive,Part Time,Large,30 Days,3,27000
Raipur,10th Pass,Computer Operator,Full Time,Small,Immediately,2,12000
Durg,B.Com,HR Executive,Full Time,Small,30 Days,8,52000
Jagdalpur,BCA,Digital Marketing Executive,Full Time,Medium,15 Days,2,62000
Manendragarh,M.Com,Account Manager,Full Time,Small,2 Months,2,91000
Bhatapara,BCA,Sales Executive,Full Time,Small,30 Days,9,78000
Bemetra,M.Com,Account Manager,Contract,Large,30 Days,8,150000
Korba,12th Pass,Accountant,Full Time,Medium,15 Days,11,42000
Bhilai,B.Com,Business Analyst,Full Time,Medium,3 Months,7,90000
Ambikapur,12th Pass,Sales Executive,Contract,Medium,3 Months,6,27000
Chirmiri,B.Com,MIS Executive,Full Time,Medium,3 Months,7,75000
Bhatapara,10th Pass,Sales Executive,Full Time,Medium,45 Days,3,19000
Ambikapur,Diploma,Sales Executive,Full Time,Small,15 Days,4,36000
Bilaspur,10th Pass,Computer Operator,Contract,Large,15 Days,2,13000
Dhamtari,MA,MIS Executive,Full Time,Small,2 Months,8,114000
Durg,BBA,Digital Marketing Executive,Full Time,Small,30 Days,6,78000
Bhilai,BCA,MIS Executive,Contract,Medium,2 Months,5,72000
Dalli-Rajhara,Diploma,Sales Executive,Full Time,Large,3 Months,6,56000
Manendragarh,MBA,Digital Marketing Executive,Full Time,Medium,3 Months,13,150000
Bilaspur,MA,Account Manager,Full Time,Medium,Immediately,15,150000
Naila Janjgir,BA,HR Executive,Contract,Small,15 Days,3,29000
Mungeli,BBA,MIS Executive,Intern,Small,3 Months,7,28000
Korba,Diploma,Content Writer,Full Time,Medium,30 Days,2,26000
Tilda Newra,MBA,HR Executive,Full Time,Large,45 Days,4,150000
Bhatapara,BCA,HR Executive,Part Time,Small,2 Months,5,32000
Naila Janjgir,B.Com,Customer Support,Full Time,Large,30 Days,1,42000
Rajnandgaon,Diploma,Accountant,Part Time,Small,30 Days,2,16000
Ambikapur,Diploma,Customer Support,Full Time,Large,15 Days,5,39000
Sakti,M.Com,MIS Executive,Contract,Large,30 Days,9,150000
Sakti,MA,HR Executive,Intern,Large,3 Months,14,68000
Jagdalpur,M.Com,HR Executive,Full Time,Medium,30 Days,9,133000
Bemetra,12th Pass,Sales Executive,Full Time,Medium,45 Days,5,34000
Sakti,MBA,HR Executive,Full Time,Medium,2 Months,5,114000
Raipur,BA,Business Analyst,Part Time,Medium,30 Days,3,34000
Mungeli,BCA,Business Analyst,Contract,Large,45 Days,10,133000
Tilda Newra,Diploma,Computer Operator,Full Time,Small,2 Months,7,26000
Mungeli,BCA,Sales Executive,Full Time,Large,45 Days,3,80000
Dalli-Rajhara,10th Pass,Customer Support,Full Time,Medium,3 Months,7,21000
Dalli-Rajhara,B.Com,Digital Marketing Executive,Full Time,Large,2 Months,2,60000
Rajnandgaon,12th Pass,Computer Operator,Part Time,Small,30 Days,0,12000
Raipur,12th Pass,Content Writer,Part Time,Medium,Immediately,0,12000
Durg,12th Pass,Customer Support,Full Time,Small,Immediately,6,21000
Mungeli,M.Com,Account Manager,Full Time,Small,2 Months,8,133000
Dalli-Rajhara,BCA,MIS Executive,Full Time,Small,30 Days,3,51000
Tilda Newra,MA,HR Executive,Contract,Medium,30 Days,9,99000
Ambikapur,MBA,Digital Marketing Executive,Full Time,Small,30 Days,3,115000
Mahasamund,MA,Account Manager,Full Time,Medium,3 Months,6,121000
Mahasamund,12th Pass,Accountant,Full Time,Large,15 Days,2,31000
Mahasamund,BCA,HR Executive,Contract,Large,Immediately,4,76000
Ambikapur,B.Com,HR Executive,Full Time,Large,30 Days,12,107000
Durg,12th Pass,Sales Executive,Full Time,Small,2 Months,6,33000
Bemetra,Diploma,Computer Operator,Part Time,Medium,Immediately,0,12000
Sakti,BA,Business Analyst,Part Time,Medium,2 Months,10,56000
Raigarh,M.Com,Business Analyst,Full Time,Large,2 Months,8,150000
Ambikapur,Diploma,Computer Operator,Intern,Large,Immediately,12,19000
Bilaspur,MBA,Business Analyst,Full Time,Small,45 Days,5,150000
Sakti,10th Pass,Computer Operator,Full Time,Large,3 Months,8,23000
Bhatapara,M.Com,Digital Marketing Executive,Full Time,Large,30 Days,6,150000
Naila Janjgir,BCA,Accountant,Contract,Large,15 Days,2,63000
Manendragarh,10th Pass,Computer Operator,Full Time,Large,15 Days,3,14000
Raigarh,BA,HR Executive,Part Time,Small,45 Days,7,29000
Raipur,MBA,Account Manager,Full Time,Medium,3 Months,4,150000
Bemetra,BCA,MIS Executive,Full Time,Medium,3 Months,6,79000
Raigarh,B.Com,HR Executive,Contract,Small,Immediately,2,36000
Korba,BCA,Business Analyst,Full Time,Large,30 Days,4,106000
Sakti,12th Pass,Accountant,Full Time,Medium,30 Days,7,38000
Manendragarh,10th Pass,Customer Support,Full Time,Large,45 Days,9,23000
Rajnandgaon,10th Pass,Computer Operator,Contract,Medium,45 Days,9,15000
Manendragarh,10th Pass,Customer Support,Full Time,Large,3 Months,7,24000
Dalli-Rajhara,BCA,Digital Marketing Executive,Full Time,Medium,15 Days,4,69000
Sakti,BCA,Accountant,Full Time,Medium,30 Days,1,55000
Bilaspur,10th Pass,Customer Support,Full Time,Medium,Immediately,2,14000
Tilda Newra,M.Com,Account Manager,Full Time,Large,30 Days,6,150000
Tilda Newra,MA,Business Analyst,Full Time,Small,3 Months,6,102000
Korba,12th Pass,Content Writer,Full Time,Small,15 Days,8,27000
Bilaspur,M.Com,Business Analyst,Full Time,Small,2 Months,14,150000
Bemetra,M.Com,Digital Marketing Executive,Full Time,Medium,30 Days,8,125000
Ambikapur,MBA,MIS Executive,Intern,Small,15 Days,11,65000
Raipur,B.Com,Digital Marketing Executive,Full Time,Large,30 Days,2,65000
Mungeli,12th Pass,Customer Support,Full Time,Large,30 Days,6,34000
Durg,BBA,Sales Executive,Full Time,Large,2 Months,2,77000
Mahasamund,B.Com,Business Analyst,Full Time,Large,3 Months,12,148000
Manendragarh,10th Pass,Customer Support,Full Time,Small,15 Days,5,12000
Bilaspur,MA,Digital Marketing Executive,Part Time,Medium,45 Days,11,81000
Chirmiri,12th Pass,Computer Operator,Full Time,Large,3 Months,10,40000
Dalli-Rajhara,BA,MIS Executive,Contract,Large,3 Months,7,67000
Dalli-Rajhara,12th Pass,Sales Executive,Full Time,Large,30 Days,8,43000
Korba,12th Pass,Sales Executive,Part Time,Medium,30 Days,6,21000
Bemetra,10th Pass,Sales Executive,Full Time,Large,Immediately,4,24000
Rajnandgaon,MA,MIS Executive,Full Time,Small,15 Days,4,87000
Raigarh,Diploma,Customer Support,Full Time,Medium,45 Days,5,33000
Mahasamund,12th Pass,Customer Support,Intern,Medium,15 Days,1,8000
Naila Janjgir,10th Pass,Sales Executive,Part Time,Large,Immediately,0,12000
Sakti,MBA,Digital Marketing Executive,Intern,Large,45 Days,14,128000
Chirmiri,M.Com,Digital Marketing Executive,Full Time,Medium,3 Months,16,150000
Dhamtari,BA,Digital Marketing Executive,Part Time,Small,30 Days,1,22000
Rajnandgaon,MA,Account Manager,Full Time,Large,15 Days,4,137000
Chirmiri,10th Pass,Computer Operator,Contract,Small,45 Days,5,12000
Mungeli,BA,Business Analyst,Full Time,Large,2 Months,5,81000
Raigarh,MA,MIS Executive,Full Time,Medium,30 Days,14,134000
Korba,10th Pass,Computer Operator,Full Time,Large,30 Days,8,20000
Korba,B.Com,Digital Marketing Executive,Full Time,Small,45 Days,10,64000
Manendragarh,Diploma,Computer Operator,Full Time,Small,45 Days,4,21000
Bemetra,BA,Account Manager,Full Time,Small,Immediately,12,85000
Mungeli,BA,Digital Marketing Executive,Full Time,Medium,3 Months,11,79000
Korba,Diploma,Accountant,Contract,Medium,30 Days,12,58000
Bhatapara,10th Pass,Customer Support,Full Time,Large,30 Days,2,15000
Manendragarh,MBA,HR Executive,Full Time,Large,15 Days,2,128000
Manendragarh,M.Com,Business Analyst,Full Time,Large,30 Days,6,150000
Raigarh,B.Com,Digital Marketing Executive,Full Time,Large,30 Days,5,84000
Chirmiri,12th Pass,Sales Executive,Full Time,Medium,45 Days,8,41000
Bhilai,Diploma,Computer Operator,Full Time,Small,15 Days,3,20000
Bhatapara,MA,Account Manager,Full Time,Medium,30 Days,14,150000
Bhatapara,BA,MIS Executive,Full Time,Medium,45 Days,11,80000
Mahasamund,BCA,HR Executive,Intern,Medium,45 Days,6,31000
Raigarh,MA,HR Executive,Full Time,Small,15 Days,1,48000
Mungeli,10th Pass,Sales Executive,Full Time,Medium,Immediately,3,21000
Tilda Newra,BA,Account Manager,Full Time,Small,30 Days,7,60000
Tilda Newra,BBA,Digital Marketing Executive,Full Time,Small,15 Days,7,86000
Manendragarh,Diploma,Sales Executive,Intern,Medium,Immediately,0,11000
Bilaspur,Diploma,Customer Support,Full Time,Large,Immediately,4,36000
Dhamtari,Diploma,Content Writer,Intern,Medium,15 Days,1,11000
Jagdalpur,M.Com,HR Executive,Full Time,Small,15 Days,9,111000
Tilda Newra,M.Com,HR Executive,Full Time,Large,30 Days,15,150000
Dhamtari,12th Pass,Computer Operator,Full Time,Large,2 Months,11,33000
Jagdalpur,MBA,MIS Executive,Full Time,Large,30 Days,4,150000
Bemetra,BBA,Sales Executive,Full Time,Large,3 Months,12,127000
Mahasamund,BBA,Business Analyst,Full Time,Large,3 Months,15,150000
Raigarh,B.Com,Digital Marketing Executive,Intern,Large,2 Months,11,43000
Dalli-Rajhara,MA,HR Executive,Intern,Large,15 Days,4,41000
Bilaspur,MA,Digital Marketing Executive,Full Time,Small,15 Days,9,116000
Naila Janjgir,MBA,MIS Executive,Full Time,Small,30 Days,16,150000
Tilda Newra,M.Com,Business Analyst,Full Time,Small,45 Days,11,150000
Bhilai,Diploma,Sales Executive,Part Time,Small,45 Days,1,16000
Chirmiri,MBA,Business Analyst,Intern,Large,15 Days,5,94000
Chirmiri,MA,MIS Executive,Full Time,Large,45 Days,9,150000
Manendragarh,MA,Business Analyst,Full Time,Medium,30 Days,15,150000
Bhilai,B.Com,Digital Marketing Executive,Part Time,Medium,3 Months,10,54000
Chirmiri,BBA,Business Analyst,Full Time,Small,3 Months,5,88000
Sakti,B.Com,Business Analyst,Full Time,Large,15 Days,10,128000
Ambikapur,BCA,HR Executive,Full Time,Small,45 Days,7,61000
Bhilai,B.Com,Sales Executive,Full Time,Large,45 Days,3,67000
Dhamtari,MBA,Digital Marketing Executive,Full Time,Large,30 Days,19,150000
Rajnandgaon,BBA,MIS Executive,Full Time,Small,2 Months,7,73000
Sakti,BCA,Content Writer,Full Time,Medium,15 Days,0,40000
Dalli-Rajhara,12th Pass,Content Writer,Intern,Large,2 Months,9,18000
Dalli-Rajhara,M.Com,HR Executive,Full Time,Small,30 Days,5,82000
Mahasamund,BA,Content Writer,Part Time,Medium,30 Days,1,17000
Jagdalpur,12th Pass,Sales Executive,Full Time,Small,Immediately,0,19000
Bhilai,MA,Business Analyst,Part Time,Medium,2 Months,15,122000
Mahasamund,Diploma,Sales Executive,Full Time,Large,15 Days,4,47000
Raigarh,BA,Content Writer,Part Time,Large,15 Days,0,19000
Bemetra,MA,Account Manager,Part Time,Medium,45 Days,2,55000
Bhilai,12th Pass,Computer Operator,Intern,Large,45 Days,1,8000
Jagdalpur,Diploma,Customer Support,Full Time,Large,30 Days,7,44000
Naila Janjgir,B.Com,MIS Executive,Intern,Medium,2 Months,7,32000
Raigarh,Diploma,Content Writer,Full Time,Small,15 Days,6,31000
Bilaspur,M.Com,HR Executive,Full Time,Medium,2 Months,3,85000
Manendragarh,MA,Digital Marketing Executive,Full Time,Large,15 Days,2,108000
Rajnandgaon,B.Com,Customer Support,Full Time,Small,Immediately,1,30000
Korba,M.Com,Account Manager,Full Time,Medium,15 Days,8,150000
Bhilai,Diploma,Content Writer,Intern,Small,2 Months,0,8000
Tilda Newra,B.Com,Sales Executive,Full Time,Small,Immediately,0,35000
Bilaspur,BCA,MIS Executive,Full Time,Medium,45 Days,4,69000
Mahasamund,M.Com,Sales Executive,Part Time,Medium,15 Days,1,46000
Ambikapur,Diploma,Accountant,Full Time,Medium,15 Days,8,52000
Durg,Diploma,Customer Support,Full Time,Medium,2 Months,8,41000
Mungeli,BBA,Sales Executive,Contract,Medium,3 Months,0,42000
Bilaspur,BA,Business Analyst,Full Time,Large,45 Days,5,86000
Dhamtari,12th Pass,Accountant,Full Time,Medium,15 Days,6,34000
Bilaspur,Diploma,Sales Executive,Full Time,Large,30 Days,3,47000
Jagdalpur,B.Com,Business Analyst,Full Time,Small,2 Months,8,87000
Manendragarh,BBA,HR Executive,Part Time,Large,15 Days,0,36000
Bhatapara,10th Pass,Computer Operator,Full Time,Small,30 Days,6,13000
Raipur,10th Pass,Sales Executive,Full Time,Small,15 Days,8,21000
Mahasamund,M.Com,Account Manager,Contract,Small,45 Days,6,110000
Bhilai,MA,Account Manager,Intern,Small,30 Days,3,35000
Durg,MBA,Sales Executive,Full Time,Large,30 Days,4,150000
Rajnandgaon,M.Com,MIS Executive,Part Time,Medium,3 Months,14,110000
Ambikapur,BBA,Accountant,Full Time,Large,30 Days,1,70000
Bilaspur,MBA,MIS Executive,Full Time,Large,2 Months,1,145000
Bhatapara,10th Pass,Sales Executive,Full Time,Small,45 Days,10,23000
Mahasamund,BA,Sales Executive,Full Time,Large,15 Days,11,88000
Bemetra,B.Com,Sales Executive,Full Time,Small,Immediately,2,41000
Manendragarh,MBA,Business Analyst,Contract,Small,30 Days,14,150000
Raigarh,MBA,HR Executive,Full Time,Small,3 Months,15,150000
Mungeli,BA,HR Executive,Full Time,Medium,30 Days,4,43000
Dhamtari,BBA,Business Analyst,Full Time,Medium,45 Days,5,103000
Korba,BBA,Customer Support,Full Time,Large,3 Months,1,54000
Mungeli,12th Pass,Content Writer,Full Time,Large,3 Months,5,35000
Mungeli,MBA,Digital Marketing Executive,Full Time,Large,30 Days,7,150000
Dhamtari,MBA,MIS Executive,Full Time,Small,Immediately,4,125000
Raipur,MA,HR Executive,Full Time,Small,2 Months,5,70000
Bhilai,M.Com,Account Manager,Full Time,Large,30 Days,10,150000
Naila Janjgir,BBA,Accountant,Contract,Small,45 Days,2,44000
Bilaspur,Diploma,Computer Operator,Full Time,Small,2 Months,12,35000
Dalli-Rajhara,M.Com,Business Analyst,Full Time,Large,3 Months,10,150000
Bhatapara,10th Pass,Customer Support,Full Time,Small,30 Days,5,16000
Korba,BBA,Sales Executive,Full Time,Large,3 Months,4,85000
Rajnandgaon,10th Pass,Computer Operator,Full Time,Large,30 Days,2,15000
Chirmiri,Diploma,Customer Support,Full Time,Medium,2 Months,8,37000
Chirmiri,BA,MIS Executive,Full Time,Medium,45 Days,4,46000
Mahasamund,B.Com,Account Manager,Full Time,Medium,30 Days,3,63000
Raigarh,BCA,Content Writer,Full Time,Small,30 Days,2,40000
Dalli-Rajhara,BCA,Account Manager,Part Time,Small,30 Days,8,59000
Sakti,10th Pass,Customer Support,Part Time,Medium,Immediately,1,12000
Bhilai,BBA,MIS Executive,Part Time,Large,30 Days,8,69000
Bemetra,MBA,MIS Executive,Full Time,Large,45 Days,8,150000
Jagdalpur,BCA,MIS Executive,Full Time,Medium,15 Days,7,93000
Chirmiri,MBA,Account Manager,Full Time,Small,45 Days,5,150000
Durg,M.Com,Business Analyst,Full Time,Large,3 Months,8,150000
Bhatapara,MBA,HR Executive,Full Time,Small,45 Days,4,93000
Chirmiri,BA,Sales Executive,Full Time,Medium,2 Months,11,68000
Korba,Diploma,Content Writer,Full Time,Medium,15 Days,2,27000
Manendragarh,BA,HR Executive,Part Time,Large,Immediately,0,22000
Tilda Newra,BCA,Sales Executive,Full Time,Medium,15 Days,1,58000
Raipur,M.Com,MIS Executive,Contract,Large,2 Months,6,147000
Rajnandgaon,MA,MIS Executive,Intern,Small,45 Days,7,38000
Ambikapur,BCA,MIS Executive,Full Time,Large,30 Days,6,116000
Tilda Newra,MA,HR Executive,Contract,Large,3 Months,9,124000
Bhilai,BBA,Sales Executive,Full Time,Medium,15 Days,4,69000
Sakti,BA,Sales Executive,Full Time,Medium,30 Days,8,55000
Bhatapara,12th Pass,Customer Support,Full Time,Medium,45 Days,9,31000
Naila Janjgir,MA,MIS Executive,Full Time,Medium,45 Days,19,150000
Bemetra,10th Pass,Computer Operator,Full Time,Small,30 Days,5,12000
Korba,BCA,Content Writer,Contract,Medium,30 Days,1,43000
Korba,10th Pass,Customer Support,Full Time,Small,Immediately,1,12000
Raipur,10th Pass,Customer Support,Full Time,Medium,Immediately,4,14000
Bemetra,10th Pass,Sales Executive,Full Time,Small,15 Days,3,17000
Korba,B.Com,Digital Marketing Executive,Full Time,Medium,2 Months,4,65000
Raipur,MBA,MIS Executive,Part Time,Small,3 Months,14,122000
Bemetra,10th Pass,Customer Support,Contract,Large,45 Days,7,21000
Mungeli,B.Com,Customer Support,Full Time,Large,15 Days,2,48000
Mungeli,Diploma,Computer Operator,Full Time,Small,30 Days,11,33000
Naila Janjgir,10th Pass,Customer Support,Contract,Small,30 Days,8,14000
Korba,B.Com,MIS Executive,Full Time,Large,45 Days,7,87000
Bhatapara,10th Pass,Sales Executive,Full Time,Large,30 Days,1,21000
Raipur,10th Pass,Customer Support,Full Time,Medium,30 Days,4,13000
Chirmiri,Diploma,Content Writer,Full Time,Large,30 Days,7,49000
Ambikapur,MBA,HR Executive,Full Time,Large,15 Days,14,150000
Raipur,M.Com,MIS Executive,Full Time,Large,30 Days,20,150000
Mungeli,MBA,HR Executive,Full Time,Medium,30 Days,2,91000
Bhilai,BA,Digital Marketing Executive,Part Time,Large,30 Days,9,52000
Sakti,12th Pass,Computer Operator,Full Time,Large,45 Days,9,35000
Dhamtari,BBA,Digital Marketing Executive,Full Time,Small,2 Months,10,102000
Ambikapur,Diploma,Customer Support,Full Time,Large,2 Months,11,46000
Raigarh,12th Pass,Sales Executive,Full Time,Medium,2 Months,8,35000
Korba,MA,Digital Marketing Executive,Full Time,Medium,30 Days,7,109000
Bhatapara,12th Pass,Sales Executive,Full Time,Medium,30 Days,8,43000
Sakti,MA,MIS Executive,Contract,Small,Immediately,12,113000
Dalli-Rajhara,B.Com,MIS Executive,Contract,Large,30 Days,6,74000
Korba,M.Com,Account Manager,Contract,Large,30 Days,12,150000
Bemetra,BBA,Digital Marketing Executive,Full Time,Large,30 Days,6,109000
Bilaspur,12th Pass,Computer Operator,Full Time,Medium,3 Months,6,26000
Bhatapara,10th Pass,Computer Operator,Full Time,Medium,45 Days,5,14000
Bhilai,MA,HR Executive,Part Time,Small,2 Months,3,39000
Chirmiri,Diploma,Sales Executive,Full Time,Medium,30 Days,8,56000
Sakti,10th Pass,Computer Operator,Part Time,Large,2 Months,5,12000
Bemetra,MA,Sales Executive,Full Time,Small,Immediately,1,61000
Bemetra,BA,Sales Executive,Part Time,Large,30 Days,2,33000
Bilaspur,B.Com,HR Executive,Full Time,Medium,30 Days,10,81000
Chirmiri,BCA,Digital Marketing Executive,Contract,Small,45 Days,2,43000
Mahasamund,M.Com,Digital Marketing Executive,Full Time,Small,Immediately,19,150000
Durg,BBA,Business Analyst,Full Time,Medium,15 Days,4,79000
Korba,BBA,HR Executive,Intern,Large,3 Months,10,45000
Mungeli,10th Pass,Customer Support,Full Time,Small,15 Days,1,12000
Raipur,Diploma,Computer Operator,Full Time,Small,30 Days,15,41000
Chirmiri,BA,Sales Executive,Full Time,Medium,45 Days,7,56000
Bemetra,Diploma,Content Writer,Full Time,Medium,Immediately,7,41000
Raipur,M.Com,Sales Executive,Full Time,Large,15 Days,3,109000
Dhamtari,MBA,MIS Executive,Full Time,Small,3 Months,8,150000
Durg,BA,Content Writer,Full Time,Small,15 Days,2,32000
Mungeli,MA,MIS Executive,Part Time,Large,45 Days,16,127000
Bilaspur,BBA,Business Analyst,Full Time,Medium,3 Months,12,150000
Mungeli,MA,HR Executive,Full Time,Large,2 Months,8,106000
Mungeli,B.Com,Digital Marketing Executive,Full Time,Small,Immediately,7,57000
Durg,Diploma,Accountant,Intern,Large,2 Months,3,21000
Tilda Newra,BA,HR Executive,Contract,Large,15 Days,7,64000
Rajnandgaon,M.Com,HR Executive,Full Time,Large,30 Days,16,150000
Bhilai,MA,HR Executive,Full Time,Small,45 Days,18,123000
Dhamtari,BBA,Content Writer,Full Time,Large,Immediately,1,53000
Bhilai,BA,Business Analyst,Contract,Medium,15 Days,4,62000
Tilda Newra,B.Com,Account Manager,Full Time,Small,Immediately,6,62000
Jagdalpur,MBA,HR Executive,Contract,Small,45 Days,4,86000
Dhamtari,BBA,Business Analyst,Full Time,Large,30 Days,5,124000
Tilda Newra,B.Com,HR Executive,Full Time,Small,3 Months,5,48000
Rajnandgaon,12th Pass,Content Writer,Full Time,Large,30 Days,2,29000
Mahasamund,12th Pass,Content Writer,Full Time,Medium,2 Months,7,27000
Raipur,BCA,Business Analyst,Full Time,Small,3 Months,5,83000
Manendragarh,Diploma,Customer Support,Full Time,Large,30 Days,14,67000
Sakti,12th Pass,Content Writer,Full Time,Large,15 Days,3,28000
Tilda Newra,BCA,Account Manager,Full Time,Small,45 Days,6,73000
Bhatapara,MBA,Digital Marketing Executive,Intern,Small,Immediately,9,60000
Rajnandgaon,BA,Account Manager,Part Time,Small,2 Months,3,28000
Jagdalpur,BCA,Sales Executive,Full Time,Medium,30 Days,6,76000
Bhilai,BBA,HR Executive,Full Time,Small,30 Days,6,60000
Chirmiri,10th Pass,Sales Executive,Full Time,Large,15 Days,3,24000
Jagdalpur,10th Pass,Customer Support,Contract,Medium,Immediately,2,12000
Dalli-Rajhara,B.Com,Account Manager,Part Time,Large,45 Days,6,55000
Bemetra,MA,HR Executive,Intern,Large,2 Months,9,52000
Rajnandgaon,BBA,Sales Executive,Full Time,Large,2 Months,7,110000
Chirmiri,BA,HR Executive,Full Time,Medium,30 Days,7,46000
Naila Janjgir,B.Com,HR Executive,Contract,Large,Immediately,2,47000
Bilaspur,B.Com,Business Analyst,Full Time,Small,2 Months,10,99000
Manendragarh,MA,Digital Marketing Executive,Full Time,Medium,2 Months,14,150000
Durg,M.Com,HR Executive,Full Time,Medium,30 Days,12,150000
Ambikapur,B.Com,Digital Marketing Executive,Full Time,Large,45 Days,7,86000
Korba,10th Pass,Sales Executive,Full Time,Medium,45 Days,4,22000
Ambikapur,10th Pass,Customer Support,Full Time,Small,2 Months,0,12000
Ambikapur,Diploma,Content Writer,Part Time,Large,30 Days,0,16000
Dhamtari,10th Pass,Customer Support,Full Time,Large,Immediately,5,20000
Naila Janjgir,MBA,HR Executive,Full Time,Large,3 Months,6,150000
Jagdalpur,MBA,HR Executive,Full Time,Small,30 Days,5,115000
Raipur,M.Com,Digital Marketing Executive,Full Time,Small,45 Days,3,94000
Mungeli,MA,Digital Marketing Executive,Full Time,Medium,45 Days,14,150000
Manendragarh,B.Com,Sales Executive,Intern,Medium,Immediately,4,22000
Raipur,BA,Digital Marketing Executive,Part Time,Medium,15 Days,10,41000
Dalli-Rajhara,B.Com,HR Executive,Full Time,Medium,30 Days,5,56000
Manendragarh,MBA,MIS Executive,Full Time,Medium,30 Days,3,132000
Dalli-Rajhara,BA,Accountant,Full Time,Large,30 Days,2,49000
Chirmiri,MBA,Account Manager,Contract,Large,2 Months,8,150000
Chirmiri,BCA,Digital Marketing Executive,Full Time,Medium,2 Months,5,68000
Tilda Newra,BA,Digital Marketing Executive,Full Time,Small,45 Days,9,56000
Durg,M.Com,HR Executive,Part Time,Medium,15 Days,1,48000
Bhilai,BA,Business Analyst,Full Time,Medium,2 Months,12,110000
Korba,MBA,HR Executive,Part Time,Medium,3 Months,12,114000
Raipur,BA,Sales Executive,Part Time,Small,30 Days,0,16000
Korba,Diploma,Sales Executive,Full Time,Medium,30 Days,9,51000
Bilaspur,B.Com,MIS Executive,Part Time,Small,15 Days,11,51000
Bemetra,10th Pass,Customer Support,Full Time,Medium,15 Days,1,12000
Bilaspur,MBA,Account Manager,Full Time,Medium,15 Days,10,150000
Bemetra,BBA,Sales Executive,Full Time,Large,30 Days,2,76000
Bhatapara,MBA,MIS Executive,Contract,Medium,30 Days,1,100000
Manendragarh,M.Com,Account Manager,Full Time,Small,3 Months,10,150000
Tilda Newra,MBA,Account Manager,Full Time,Large,3 Months,6,150000
Sakti,10th Pass,Computer Operator,Contract,Medium,30 Days,0,12000
Bhatapara,BA,Account Manager,Full Time,Small,3 Months,10,65000
Raigarh,12th Pass,Content Writer,Full Time,Medium,30 Days,5,26000
Raipur,12th Pass,Sales Executive,Contract,Medium,2 Months,5,31000
Naila Janjgir,BBA,HR Executive,Full Time,Large,2 Months,7,87000
Mungeli,BA,HR Executive,Full Time,Small,45 Days,7,41000
Jagdalpur,MA,Account Manager,Full Time,Small,30 Days,8,123000
Durg,M.Com,MIS Executive,Contract,Small,2 Months,8,99000
Bemetra,BA,Accountant,Full Time,Large,Immediately,1,46000
Ambikapur,BBA,Sales Executive,Full Time,Large,45 Days,6,101000
Dalli-Rajhara,BCA,Account Manager,Full Time,Large,30 Days,7,128000
Durg,Diploma,Customer Support,Part Time,Medium,15 Days,7,23000
Raigarh,B.Com,Customer Support,Part Time,Medium,30 Days,0,19000
Raigarh,12th Pass,Content Writer,Intern,Large,2 Months,6,15000
Durg,M.Com,HR Executive,Part Time,Small,45 Days,9,70000
Mahasamund,12th Pass,Sales Executive,Full Time,Large,45 Days,6,49000
Dalli-Rajhara,BBA,Digital Marketing Executive,Contract,Medium,Immediately,0,43000
Bemetra,BBA,HR Executive,Intern,Large,15 Days,1,24000
Ambikapur,M.Com,Account Manager,Part Time,Small,15 Days,8,93000
Korba,BBA,MIS Executive,Full Time,Small,30 Days,7,75000
Naila Janjgir,MBA,HR Executive,Full Time,Small,30 Days,9,123000
Mahasamund,BBA,Accountant,Full Time,Small,Immediately,0,39000
Korba,BBA,Business Analyst,Full Time,Small,15 Days,7,91000
Ambikapur,MBA,HR Executive,Full Time,Large,45 Days,16,150000
Korba,12th Pass,Sales Executive,Part Time,Small,Immediately,1,12000
Naila Janjgir,MA,Account Manager,Contract,Small,15 Days,9,132000
Jagdalpur,10th Pass,Computer Operator,Full Time,Large,3 Months,5,16000
Ambikapur,MA,MIS Executive,Full Time,Medium,45 Days,18,150000
Dhamtari,MA,Account Manager,Full Time,Small,30 Days,7,102000
Jagdalpur,M.Com,HR Executive,Part Time,Small,30 Days,4,44000
Sakti,BBA,Sales Executive,Contract,Medium,3 Months,6,62000
Chirmiri,BA,HR Executive,Full Time,Large,3 Months,9,65000
Dalli-Rajhara,MA,Business Analyst,Full Time,Medium,45 Days,9,150000
Bemetra,12th Pass,Customer Support,Full Time,Medium,2 Months,5,24000
Korba,B.Com,Business Analyst,Contract,Small,2 Months,4,57000
Korba,Diploma,Computer Operator,Contract,Medium,2 Months,12,36000
Dhamtari,M.Com,Account Manager,Full Time,Small,15 Days,2,81000
Manendragarh,BCA,Accountant,Full Time,Medium,Immediately,0,51000
Manendragarh,B.Com,HR Executive,Full Time,Small,30 Days,13,76000
Dhamtari,BBA,Sales Executive,Full Time,Medium,2 Months,5,68000
Raigarh,MBA,Digital Marketing Executive,Full Time,Large,3 Months,9,150000
Dalli-Rajhara,B.Com,Digital Marketing Executive,Full Time,Medium,2 Months,7,70000
Durg,10th Pass,Computer Operator,Full Time,Large,Immediately,0,13000
Jagdalpur,12th Pass,Content Writer,Full Time,Medium,Immediately,4,23000
Mungeli,10th Pass,Computer Operator,Full Time,Small,2 Months,8,13000
Sakti,Diploma,Customer Support,Full Time,Large,30 Days,7,49000
Mahasamund,BBA,Accountant,Part Time,Medium,45 Days,2,35000
Raigarh,BA,HR Executive,Full Time,Large,3 Months,6,63000
Raipur,M.Com,MIS Executive,Full Time,Small,Immediately,19,150000
Dhamtari,BBA,Digital Marketing Executive,Part Time,Small,Immediately,2,29000
Bilaspur,BBA,Business Analyst,Full Time,Large,15 Days,9,149000
Chirmiri,MA,Digital Marketing Executive,Full Time,Small,15 Days,1,57000
Bhilai,Diploma,Sales Executive,Contract,Small,2 Months,4,31000
Mahasamund,BA,Sales Executive,Contract,Medium,30 Days,4,38000
Korba,Diploma,Accountant,Full Time,Small,2 Months,10,48000
Bhatapara,M.Com,MIS Executive,Full Time,Small,45 Days,16,150000
Bhatapara,BA,HR Executive,Full Time,Medium,45 Days,3,41000
Mungeli,BBA,Digital Marketing Executive,Full Time,Small,3 Months,11,78000
Naila Janjgir,MA,HR Executive,Full Time,Medium,2 Months,6,77000
Ambikapur,BCA,Sales Executive,Full Time,Small,30 Days,3,58000
Durg,BBA,HR Executive,Full Time,Small,2 Months,5,56000
Mungeli,Diploma,Customer Support,Full Time,Medium,30 Days,5,30000
Durg,BBA,Digital Marketing Executive,Full Time,Small,2 Months,8,72000
Sakti,12th Pass,Customer Support,Full Time,Medium,30 Days,1,19000
Bilaspur,10th Pass,Sales Executive,Full Time,Medium,30 Days,7,24000
Raigarh,B.Com,HR Executive,Contract,Large,Immediately,1,49000
Korba,BBA,Account Manager,Part Time,Small,45 Days,11,59000
Jagdalpur,BBA,Sales Executive,Full Time,Small,30 Days,4,57000
Raipur,12th Pass,Customer Support,Full Time,Medium,30 Days,3,22000
Durg,Diploma,Customer Support,Full Time,Medium,2 Months,3,26000
Mahasamund,MA,Account Manager,Part Time,Large,30 Days,4,78000
Bemetra,B.Com,Business Analyst,Full Time,Medium,2 Months,9,89000
Bhatapara,BA,Accountant,Intern,Large,30 Days,0,15000
Manendragarh,B.Com,Digital Marketing Executive,Full Time,Medium,30 Days,6,66000
Sakti,10th Pass,Customer Support,Part Time,Medium,Immediately,0,12000
Raigarh,B.Com,Account Manager,Full Time,Medium,30 Days,6,76000
Tilda Newra,Diploma,Computer Operator,Full Time,Large,45 Days,5,35000
Naila Janjgir,MA,MIS Executive,Full Time,Medium,15 Days,5,88000
Bhilai,B.Com,HR Executive,Contract,Large,3 Months,13,83000
Durg,BA,HR Executive,Contract,Medium,45 Days,4,38000
Manendragarh,M.Com,Digital Marketing Executive,Full Time,Small,Immediately,14,150000
Bhilai,12th Pass,Sales Executive,Part Time,Large,30 Days,6,25000
Sakti,BA,Sales Executive,Full Time,Medium,2 Months,7,58000
Manendragarh,BA,Sales Executive,Full Time,Small,2 Months,12,62000
Raigarh,Diploma,Accountant,Full Time,Small,3 Months,7,42000
Bemetra,MBA,Account Manager,Full Time,Small,2 Months,15,150000
Jagdalpur,10th Pass,Customer Support,Full Time,Small,2 Months,7,15000
Durg,10th Pass,Customer Support,Full Time,Large,2 Months,8,26000
Dalli-Rajhara,BCA,Business Analyst,Full Time,Large,45 Days,10,150000
Naila Janjgir,BBA,MIS Executive,Full Time,Medium,15 Days,7,86000
Chirmiri,MA,Digital Marketing Executive,Full Time,Medium,3 Months,6,93000
Raipur,12th Pass,Computer Operator,Contract,Small,30 Days,0,12000
Raipur,MBA,Digital Marketing Executive,Part Time,Small,30 Days,2,65000
Ambikapur,10th Pass,Sales Executive,Contract,Medium,2 Months,6,22000
Ambikapur,Diploma,Customer Support,Full Time,Medium,2 Months,4,30000
Bilaspur,B.Com,Digital Marketing Executive,Full Time,Large,15 Days,8,93000
Chirmiri,MA,Digital Marketing Executive,Full Time,Small,30 Days,7,85000
Manendragarh,BBA,Digital Marketing Executive,Full Time,Large,45 Days,11,136000
Mungeli,BBA,HR Executive,Full Time,Small,30 Days,6,66000
Tilda Newra,B.Com,Digital Marketing Executive,Full Time,Small,45 Days,12,79000
Mungeli,12th Pass,Sales Executive,Full Time,Medium,45 Days,4,33000
Tilda Newra,MBA,Account Manager,Full Time,Small,15 Days,7,150000
Bhilai,B.Com,HR Executive,Contract,Medium,30 Days,2,38000
Durg,B.Com,Business Analyst,Full Time,Medium,2 Months,3,75000
Manendragarh,B.Com,Sales Executive,Full Time,Large,15 Days,6,75000
Rajnandgaon,BCA,HR Executive,Full Time,Large,Immediately,1,57000
Raigarh,M.Com,HR Executive,Full Time,Small,30 Days,18,150000
Sakti,MA,HR Executive,Full Time,Large,15 Days,15,150000
Raigarh,BCA,Business Analyst,Full Time,Large,15 Days,6,123000
Bilaspur,12th Pass,Sales Executive,Full Time,Small,15 Days,1,20000
Sakti,Diploma,Sales Executive,Full Time,Medium,2 Months,14,71000
Durg,B.Com,Business Analyst,Full Time,Large,45 Days,4,83000
Bemetra,12th Pass,Customer Support,Part Time,Large,30 Days,3,14000
Bhatapara,MBA,Digital Marketing Executive,Full Time,Large,15 Days,10,150000
Durg,MA,MIS Executive,Full Time,Small,30 Days,4,81000
Raigarh,M.Com,MIS Executive,Full Time,Large,45 Days,10,150000
Chirmiri,12th Pass,Computer Operator,Intern,Small,45 Days,5,8000
Jagdalpur,BCA,Business Analyst,Full Time,Large,45 Days,3,99000
Sakti,BBA,HR Executive,Full Time,Small,3 Months,5,52000
Bemetra,M.Com,Digital Marketing Executive,Contract,Medium,2 Months,6,118000
Rajnandgaon,10th Pass,Sales Executive,Contract,Small,30 Days,5,15000
Naila Janjgir,MBA,Digital Marketing Executive,Full Time,Small,2 Months,5,134000
Naila Janjgir,MA,Sales Executive,Full Time,Medium,30 Days,2,74000
Manendragarh,MA,Account Manager,Full Time,Small,15 Days,5,110000
Naila Janjgir,M.Com,Business Analyst,Full Time,Medium,30 Days,7,150000
Manendragarh,MA,HR Executive,Contract,Large,45 Days,8,125000
Naila Janjgir,Diploma,Content Writer,Contract,Small,15 Days,6,29000
Durg,10th Pass,Sales Executive,Full Time,Medium,2 Months,4,21000
Sakti,M.Com,MIS Executive,Full Time,Small,30 Days,12,139000
Durg,M.Com,Business Analyst,Full Time,Large,30 Days,9,150000
Raigarh,12th Pass,Sales Executive,Full Time,Large,30 Days,4,38000
Mahasamund,BA,Business Analyst,Full Time,Large,45 Days,6,91000
Bemetra,Diploma,Computer Operator,Full Time,Small,15 Days,1,19000
Raipur,Diploma,Content Writer,Contract,Small,Immediately,1,20000
Ambikapur,MA,Sales Executive,Contract,Large,15 Days,1,69000
Bemetra,BCA,Business Analyst,Full Time,Large,15 Days,6,125000
Tilda Newra,MA,MIS Executive,Contract,Medium,3 Months,20,150000
Sakti,BBA,Digital Marketing Executive,Part Time,Medium,15 Days,3,43000
Korba,BCA,Digital Marketing Executive,Contract,Medium,Immediately,2,58000
Raipur,BBA,MIS Executive,Full Time,Medium,45 Days,12,138000
Bhilai,B.Com,Sales Executive,Part Time,Small,3 Months,7,33000
Rajnandgaon,MBA,Account Manager,Part Time,Medium,45 Days,2,82000
Mahasamund,BA,HR Executive,Full Time,Medium,30 Days,11,64000
Bhatapara,BA,MIS Executive,Full Time,Medium,Immediately,4,46000
Naila Janjgir,10th Pass,Computer Operator,Contract,Small,3 Months,5,12000
Tilda Newra,10th Pass,Computer Operator,Full Time,Medium,15 Days,5,13000
Korba,BCA,Accountant,Part Time,Large,Immediately,0,37000
Chirmiri,MA,Digital Marketing Executive,Part Time,Large,30 Days,3,64000
Dalli-Rajhara,MA,Digital Marketing Executive,Full Time,Medium,3 Months,3,89000
Dhamtari,MA,MIS Executive,Contract,Large,30 Days,1,75000
Korba,BA,HR Executive,Full Time,Small,2 Months,6,39000
Jagdalpur,Diploma,Accountant,Full Time,Small,15 Days,1,28000
Rajnandgaon,B.Com,Business Analyst,Full Time,Medium,3 Months,10,108000
Korba,B.Com,Accountant,Full Time,Small,Immediately,1,40000
Dhamtari,12th Pass,Computer Operator,Contract,Medium,2 Months,5,19000
Manendragarh,12th Pass,Content Writer,Full Time,Small,Immediately,0,16000
Korba,BBA,HR Executive,Full Time,Medium,30 Days,7,82000
Mahasamund,12th Pass,Sales Executive,Full Time,Large,2 Months,7,49000
Mungeli,M.Com,Sales Executive,Part Time,Small,15 Days,1,38000
Raigarh,BBA,Sales Executive,Full Time,Large,2 Months,6,92000
Durg,10th Pass,Sales Executive,Part Time,Small,Immediately,0,12000
Jagdalpur,10th Pass,Sales Executive,Contract,Small,3 Months,3,13000
Mahasamund,Diploma,Sales Executive,Part Time,Large,3 Months,7,33000
Dalli-Rajhara,B.Com,HR Executive,Full Time,Medium,Immediately,0,35000
Raipur,MBA,Digital Marketing Executive,Contract,Medium,45 Days,15,150000
Sakti,10th Pass,Customer Support,Full Time,Small,3 Months,1,12000
Dalli-Rajhara,M.Com,MIS Executive,Full Time,Medium,15 Days,2,103000
Bilaspur,BCA,Sales Executive,Full Time,Large,15 Days,14,138000
Raigarh,MA,Digital Marketing Executive,Contract,Small,3 Months,14,137000
Raipur,MA,MIS Executive,Full Time,Medium,2 Months,11,150000
Sakti,12th Pass,Sales Executive,Full Time,Medium,3 Months,11,44000
Jagdalpur,BBA,MIS Executive,Full Time,Small,45 Days,7,73000
Naila Janjgir,B.Com,HR Executive,Full Time,Large,15 Days,2,58000
Naila Janjgir,M.Com,MIS Executive,Full Time,Medium,3 Months,6,114000
Raipur,BBA,Customer Support,Full Time,Small,2 Months,2,37000
Jagdalpur,M.Com,MIS Executive,Full Time,Large,3 Months,14,150000
Raigarh,12th Pass,Content Writer,Full Time,Medium,45 Days,4,26000
Naila Janjgir,BCA,Sales Executive,Full Time,Large,2 Months,5,91000
Bhilai,10th Pass,Sales Executive,Contract,Small,Immediately,0,12000
Korba,12th Pass,Content Writer,Full Time,Medium,2 Months,5,25000
Mungeli,BBA,Business Analyst,Full Time,Large,30 Days,10,150000
Dalli-Rajhara,MA,Account Manager,Full Time,Large,2 Months,13,150000
Ambikapur,10th Pass,Sales Executive,Full Time,Medium,45 Days,3,17000
Raipur,12th Pass,Computer Operator,Full Time,Small,15 Days,6,20000
Sakti,BBA,HR Executive,Full Time,Small,15 Days,5,48000
Rajnandgaon,12th Pass,Sales Executive,Contract,Medium,30 Days,2,24000
Chirmiri,BCA,Sales Executive,Full Time,Large,30 Days,7,103000
Rajnandgaon,B.Com,MIS Executive,Part Time,Small,2 Months,5,35000
Ambikapur,B.Com,MIS Executive,Full Time,Large,30 Days,9,102000
Raipur,Diploma,Content Writer,Contract,Large,45 Days,0,29000
Tilda Newra,MA,Account Manager,Full Time,Medium,2 Months,6,133000
Tilda Newra,M.Com,Account Manager,Full Time,Medium,15 Days,5,129000
Raipur,BCA,HR Executive,Full Time,Medium,3 Months,5,73000
Bhatapara,BCA,Sales Executive,Full Time,Large,30 Days,3,86000
Jagdalpur,MA,MIS Executive,Full Time,Medium,2 Months,5,92000
Bhatapara,BA,MIS Executive,Full Time,Small,3 Months,5,46000
Tilda Newra,BCA,Sales Executive,Full Time,Large,30 Days,5,89000
Tilda Newra,MBA,MIS Executive,Full Time,Large,15 Days,3,150000
Jagdalpur,Diploma,Computer Operator,Part Time,Large,2 Months,9,26000
Bemetra,10th Pass,Sales Executive,Contract,Large,2 Months,8,29000
Naila Janjgir,M.Com,Digital Marketing Executive,Full Time,Small,Immediately,1,74000
Raigarh,Diploma,Accountant,Full Time,Medium,3 Months,7,43000
Bemetra,B.Com,MIS Executive,Contract,Large,45 Days,11,98000
Sakti,MBA,Account Manager,Full Time,Small,2 Months,10,150000
Manendragarh,M.Com,HR Executive,Contract,Small,Immediately,1,57000
Dalli-Rajhara,10th Pass,Computer Operator,Full Time,Small,Immediately,1,12000
Durg,BCA,HR Executive,Contract,Medium,15 Days,0,38000
Dalli-Rajhara,BCA,Content Writer,Full Time,Large,30 Days,2,55000
Bhilai,M.Com,Digital Marketing Executive,Contract,Large,2 Months,8,150000
Mungeli,M.Com,Digital Marketing Executive,Full Time,Medium,2 Months,10,150000
Bemetra,MBA,Business Analyst,Contract,Medium,3 Months,7,150000
Tilda Newra,BA,HR Executive,Full Time,Medium,2 Months,7,52000
Rajnandgaon,M.Com,MIS Executive,Full Time,Large,30 Days,8,150000
Durg,MA,Digital Marketing Executive,Full Time,Small,2 Months,2,71000
Bilaspur,BBA,Sales Executive,Part Time,Small,3 Months,10,52000
Durg,10th Pass,Computer Operator,Full Time,Large,Immediately,1,13000
Bhatapara,MBA,MIS Executive,Contract,Medium,30 Days,8,150000
Bilaspur,BA,MIS Executive,Full Time,Medium,15 Days,4,59000
Raipur,BCA,Sales Executive,Part Time,Small,30 Days,2,31000
Raigarh,12th Pass,Computer Operator,Part Time,Medium,45 Days,2,12000
Dalli-Rajhara,M.Com,Business Analyst,Full Time,Large,3 Months,12,150000
Mahasamund,M.Com,Account Manager,Part Time,Small,30 Days,15,101000
Naila Janjgir,10th Pass,Customer Support,Full Time,Small,3 Months,5,15000
Sakti,BBA,Business Analyst,Part Time,Small,Immediately,7,53000
Bemetra,Diploma,Accountant,Full Time,Medium,45 Days,7,53000
Bhilai,B.Com,Sales Executive,Full Time,Medium,3 Months,4,53000
Mahasamund,BBA,Account Manager,Full Time,Large,3 Months,10,148000
Jagdalpur,B.Com,Account Manager,Part Time,Medium,30 Days,6,44000
Jagdalpur,MA,Digital Marketing Executive,Full Time,Large,30 Days,11,150000
Bhilai,BCA,Digital Marketing Executive,Full Time,Small,30 Days,8,91000
Tilda Newra,MA,Digital Marketing Executive,Full Time,Small,Immediately,1,63000
Bhatapara,10th Pass,Computer Operator,Part Time,Small,2 Months,2,12000
Manendragarh,BCA,MIS Executive,Full Time,Small,30 Days,15,114000
Manendragarh,B.Com,Digital Marketing Executive,Full Time,Small,3 Months,7,57000
Sakti,BA,HR Executive,Full Time,Small,2 Months,3,37000
Bhilai,Diploma,Content Writer,Full Time,Medium,30 Days,3,29000
Bhatapara,Diploma,Content Writer,Contract,Large,15 Days,3,33000
Dhamtari,BBA,Digital Marketing Executive,Full Time,Large,45 Days,12,125000
Naila Janjgir,MA,HR Executive,Full Time,Medium,45 Days,11,130000
Durg,BA,Digital Marketing Executive,Full Time,Large,15 Days,3,59000
Jagdalpur,M.Com,HR Executive,Full Time,Large,30 Days,8,137000
Bilaspur,12th Pass,Sales Executive,Full Time,Small,45 Days,5,27000
Raipur,MBA,Sales Executive,Part Time,Small,30 Days,4,70000
Mungeli,BBA,Content Writer,Full Time,Small,30 Days,2,41000
Manendragarh,12th Pass,Customer Support,Full Time,Medium,30 Days,4,23000
Mungeli,M.Com,Account Manager,Part Time,Small,45 Days,8,89000
Korba,MBA,Business Analyst,Full Time,Medium,3 Months,15,150000
Bhatapara,10th Pass,Sales Executive,Full Time,Large,30 Days,4,24000
Bilaspur,BCA,Accountant,Contract,Small,Immediately,0,37000
Bilaspur,M.Com,Account Manager,Part Time,Medium,2 Months,15,146000
Bilaspur,12th Pass,Content Writer,Part Time,Small,15 Days,6,15000
Bhilai,12th Pass,Customer Support,Contract,Medium,2 Months,5,25000
Manendragarh,Diploma,Customer Support,Full Time,Medium,2 Months,4,29000
Chirmiri,Diploma,Sales Executive,Full Time,Small,30 Days,13,52000
Ambikapur,MBA,HR Executive,Full Time,Small,30 Days,15,150000
Jagdalpur,MBA,Sales Executive,Full Time,Small,15 Days,1,86000
Bhatapara,MA,HR Executive,Full Time,Large,15 Days,7,122000
Naila Janjgir,Diploma,Computer Operator,Full Time,Large,30 Days,1,24000
Bhatapara,BA,Account Manager,Contract,Medium,45 Days,3,52000
Dalli-Rajhara,BCA,MIS Executive,Full Time,Large,3 Months,5,97000
Manendragarh,MBA,Business Analyst,Full Time,Medium,15 Days,8,150000
Ambikapur,MBA,MIS Executive,Full Time,Large,30 Days,2,150000
Dalli-Rajhara,10th Pass,Customer Support,Full Time,Small,30 Days,3,12000
Rajnandgaon,MBA,Account Manager,Contract,Medium,3 Months,3,145000
Bhilai,M.Com,Account Manager,Contract,Medium,15 Days,8,150000
Durg,Diploma,Accountant,Full Time,Large,2 Months,6,53000
Tilda Newra,MBA,Account Manager,Full Time,Small,2 Months,15,150000
Dhamtari,10th Pass,Computer Operator,Full Time,Small,Immediately,5,12000
Manendragarh,BCA,HR Executive,Part Time,Small,15 Days,1,25000
Korba,BBA,Business Analyst,Intern,Medium,2 Months,14,72000
Dalli-Rajhara,BCA,Digital Marketing Executive,Full Time,Medium,30 Days,2,55000
Bhilai,10th Pass,Sales Executive,Full Time,Small,30 Days,5,17000
Bhatapara,BCA,HR Executive,Full Time,Small,45 Days,13,94000
Jagdalpur,BCA,MIS Executive,Full Time,Medium,3 Months,5,83000
Dalli-Rajhara,MBA,HR Executive,Full Time,Small,30 Days,10,150000
Ambikapur,BCA,HR Executive,Full Time,Large,30 Days,7,97000
Dalli-Rajhara,MBA,HR Executive,Full Time,Medium,30 Days,15,150000
Jagdalpur,12th Pass,Content Writer,Full Time,Large,2 Months,7,38000
Chirmiri,MA,MIS Executive,Full Time,Medium,3 Months,5,111000
Rajnandgaon,MBA,Business Analyst,Full Time,Small,3 Months,13,150000
Ambikapur,B.Com,HR Executive,Full Time,Large,2 Months,7,70000
Bhilai,MBA,Account Manager,Full Time,Large,30 Days,14,150000
Tilda Newra,BBA,Content Writer,Full Time,Large,15 Days,0,49000
Mungeli,10th Pass,Customer Support,Full Time,Large,30 Days,4,21000
Rajnandgaon,M.Com,MIS Executive,Part Time,Medium,45 Days,1,52000
Durg,10th Pass,Computer Operator,Contract,Medium,45 Days,2,12000
Rajnandgaon,10th Pass,Computer Operator,Full Time,Small,2 Months,4,12000
Dalli-Rajhara,BA,HR Executive,Part Time,Small,3 Months,10,32000
Mungeli,BA,Content Writer,Contract,Large,45 Days,2,38000
Tilda Newra,10th Pass,Computer Operator,Part Time,Medium,15 Days,0,12000
Jagdalpur,MBA,HR Executive,Full Time,Small,2 Months,6,110000
Sakti,M.Com,Account Manager,Intern,Medium,45 Days,6,55000
Bhilai,M.Com,Business Analyst,Full Time,Small,30 Days,7,121000
Bhatapara,BCA,Account Manager,Full Time,Large,3 Months,12,150000
Mungeli,10th Pass,Customer Support,Full Time,Medium,45 Days,5,17000
Dalli-Rajhara,M.Com,Account Manager,Full Time,Small,2 Months,17,150000
Bemetra,BBA,Sales Executive,Full Time,Medium,30 Days,3,65000
Bilaspur,MA,MIS Executive,Full Time,Small,45 Days,2,62000
Bemetra,12th Pass,Computer Operator,Intern,Small,30 Days,11,10000
Bhatapara,10th Pass,Computer Operator,Full Time,Small,30 Days,5,13000
Ambikapur,10th Pass,Customer Support,Intern,Small,15 Days,1,8000
Durg,Diploma,Content Writer,Full Time,Medium,30 Days,4,29000
Manendragarh,Diploma,Computer Operator,Intern,Large,2 Months,12,19000
Raipur,MA,HR Executive,Full Time,Small,30 Days,17,122000
Manendragarh,12th Pass,Sales Executive,Full Time,Small,2 Months,5,27000
Sakti,MBA,Account Manager,Intern,Large,3 Months,14,126000
Bhatapara,M.Com,Digital Marketing Executive,Full Time,Small,15 Days,13,150000
Bemetra,BBA,Account Manager,Full Time,Small,Immediately,3,66000
Bilaspur,12th Pass,Accountant,Full Time,Medium,2 Months,7,38000
Ambikapur,10th Pass,Computer Operator,Contract,Medium,15 Days,1,12000
Bemetra,12th Pass,Sales Executive,Intern,Large,Immediately,3,14000
Ambikapur,10th Pass,Customer Support,Full Time,Medium,2 Months,3,14000
Dalli-Rajhara,Diploma,Customer Support,Intern,Small,2 Months,12,14000
Mungeli,BA,Digital Marketing Executive,Full Time,Medium,3 Months,12,70000
Dalli-Rajhara,BA,HR Executive,Full Time,Small,3 Months,7,41000
Raigarh,BA,HR Executive,Part Time,Medium,2 Months,5,26000
Tilda Newra,MBA,Business Analyst,Full Time,Medium,3 Months,9,150000
Chirmiri,MA,Digital Marketing Executive,Full Time,Large,3 Months,12,150000
Durg,B.Com,HR Executive,Intern,Medium,30 Days,5,24000
Ambikapur,BBA,Sales Executive,Contract,Large,30 Days,3,64000
Ambikapur,10th Pass,Sales Executive,Contract,Large,3 Months,2,22000
Naila Janjgir,BA,Accountant,Full Time,Large,Immediately,0,42000
Raipur,M.Com,Account Manager,Full Time,Large,45 Days,1,129000
Mungeli,BCA,HR Executive,Part Time,Large,Immediately,0,33000
Mungeli,BA,Customer Support,Full Time,Small,30 Days,1,25000
Mungeli,M.Com,Business Analyst,Contract,Medium,45 Days,19,150000
Raigarh,BCA,HR Executive,Full Time,Large,30 Days,4,88000
Rajnandgaon,M.Com,MIS Executive,Full Time,Large,15 Days,3,129000
Sakti,MA,HR Executive,Full Time,Medium,45 Days,18,150000
Durg,MA,Digital Marketing Executive,Full Time,Small,45 Days,5,86000
Bilaspur,BCA,Account Manager,Contract,Medium,30 Days,6,85000
Chirmiri,BA,Digital Marketing Executive,Full Time,Medium,15 Days,0,34000
Bemetra,MA,Business Analyst,Full Time,Small,30 Days,16,150000
Bilaspur,M.Com,Digital Marketing Executive,Full Time,Small,30 Days,11,150000
Bemetra,MA,Digital Marketing Executive,Full Time,Medium,2 Months,14,150000
Bilaspur,MBA,Business Analyst,Full Time,Large,15 Days,9,150000
Bhilai,BCA,HR Executive,Intern,Medium,30 Days,0,16000
Bhilai,BBA,Sales Executive,Full Time,Medium,15 Days,3,57000
Korba,Diploma,Accountant,Part Time,Large,30 Days,2,23000
Rajnandgaon,BBA,MIS Executive,Full Time,Medium,3 Months,4,81000
Mahasamund,BCA,Digital Marketing Executive,Full Time,Medium,45 Days,7,88000
Raigarh,M.Com,Account Manager,Intern,Small,30 Days,4,45000
Bemetra,B.Com,Sales Executive,Full Time,Medium,45 Days,7,69000
Bhatapara,BCA,Digital Marketing Executive,Intern,Small,Immediately,0,17000
Korba,BBA,Sales Executive,Full Time,Small,3 Months,7,70000
Mungeli,10th Pass,Customer Support,Part Time,Medium,30 Days,1,12000
Mungeli,B.Com,Business Analyst,Full Time,Large,15 Days,5,103000
Chirmiri,MBA,Sales Executive,Contract,Large,30 Days,4,148000
Dhamtari,MBA,Account Manager,Full Time,Medium,45 Days,13,150000
Chirmiri,12th Pass,Content Writer,Full Time,Small,45 Days,2,17000
Ambikapur,MBA,MIS Executive,Full Time,Large,15 Days,16,150000
Korba,BBA,Sales Executive,Full Time,Medium,2 Months,13,117000
Naila Janjgir,MBA,HR Executive,Full Time,Large,15 Days,4,150000
Ambikapur,MA,Business Analyst,Full Time,Small,3 Months,5,100000
Chirmiri,12th Pass,Accountant,Contract,Large,Immediately,2,29000
Durg,12th Pass,Computer Operator,Full Time,Medium,45 Days,3,18000
Bemetra,M.Com,Account Manager,Part Time,Medium,30 Days,5,89000
Tilda Newra,10th Pass,Sales Executive,Full Time,Medium,2 Months,5,25000
Mungeli,BCA,Account Manager,Intern,Large,30 Days,8,59000
Mahasamund,M.Com,MIS Executive,Contract,Small,Immediately,4,77000
Mungeli,BA,Account Manager,Full Time,Medium,45 Days,3,50000
Chirmiri,MA,Business Analyst,Full Time,Small,30 Days,5,96000
Raigarh,MA,Business Analyst,Full Time,Large,30 Days,8,150000
Mungeli,BCA,Account Manager,Full Time,Small,30 Days,5,80000
Manendragarh,MBA,MIS Executive,Full Time,Medium,45 Days,10,150000
Chirmiri,B.Com,Digital Marketing Executive,Full Time,Small,3 Months,15,86000
Durg,BCA,Business Analyst,Full Time,Large,3 Months,9,150000
Naila Janjgir,MBA,Sales Executive,Part Time,Large,15 Days,2,76000
Rajnandgaon,10th Pass,Sales Executive,Full Time,Small,30 Days,5,17000
Mahasamund,B.Com,Digital Marketing Executive,Full Time,Large,30 Days,3,70000
Ambikapur,Diploma,Computer Operator,Contract,Medium,45 Days,2,19000
Bhatapara,BA,Business Analyst,Full Time,Large,30 Days,12,125000
Sakti,10th Pass,Computer Operator,Contract,Large,30 Days,0,12000
Raigarh,Diploma,Computer Operator,Full Time,Large,45 Days,7,37000
Jagdalpur,12th Pass,Sales Executive,Full Time,Large,3 Months,11,53000
Korba,Diploma,Customer Support,Part Time,Large,3 Months,6,26000
Mungeli,BA,Digital Marketing Executive,Full Time,Large,45 Days,7,70000
Naila Janjgir,10th Pass,Computer Operator,Contract,Large,45 Days,8,21000
Jagdalpur,BBA,HR Executive,Full Time,Small,2 Months,3,54000
Naila Janjgir,MBA,Account Manager,Contract,Large,45 Days,19,150000
Ambikapur,M.Com,MIS Executive,Full Time,Large,30 Days,4,141000
Rajnandgaon,M.Com,Account Manager,Full Time,Large,30 Days,11,150000
Korba,Diploma,Customer Support,Full Time,Medium,Immediately,0,22000
Sakti,10th Pass,Sales Executive,Part Time,Medium,45 Days,2,12000
Dalli-Rajhara,BBA,MIS Executive,Full Time,Medium,30 Days,7,95000
Rajnandgaon,BBA,HR Executive,Full Time,Medium,Immediately,2,49000
Bhilai,12th Pass,Content Writer,Full Time,Medium,45 Days,5,26000
Bhatapara,10th Pass,Customer Support,Full Time,Small,30 Days,7,15000
Bilaspur,MA,Business Analyst,Contract,Medium,3 Months,6,127000
Bemetra,BA,Sales Executive,Full Time,Medium,2 Months,7,54000
Korba,BA,Accountant,Full Time,Large,15 Days,1,47000
Chirmiri,BA,Sales Executive,Contract,Medium,30 Days,2,37000
Ambikapur,Diploma,Customer Support,Contract,Medium,3 Months,6,27000
Durg,12th Pass,Customer Support,Full Time,Large,30 Days,3,27000
Tilda Newra,12th Pass,Computer Operator,Full Time,Large,15 Days,9,33000
Chirmiri,M.Com,Sales Executive,Contract,Small,2 Months,2,71000
Mahasamund,BCA,Business Analyst,Full Time,Medium,30 Days,5,97000
Naila Janjgir,BCA,MIS Executive,Part Time,Small,45 Days,5,34000
Chirmiri,MBA,Digital Marketing Executive,Full Time,Large,30 Days,14,150000
Raipur,M.Com,MIS Executive,Part Time,Medium,45 Days,2,55000
Mahasamund,BBA,MIS Executive,Full Time,Small,15 Days,4,59000
Durg,M.Com,Sales Executive,Contract,Large,30 Days,2,104000
Dalli-Rajhara,MBA,HR Executive,Contract,Small,15 Days,12,140000
Rajnandgaon,BBA,HR Executive,Full Time,Small,3 Months,6,54000
Korba,MA,Account Manager,Full Time,Medium,45 Days,20,150000
Ambikapur,BCA,Account Manager,Full Time,Medium,45 Days,8,107000
Bilaspur,BA,Digital Marketing Executive,Full Time,Large,Immediately,5,68000
Raipur,BCA,Content Writer,Part Time,Small,Immediately,1,23000
Naila Janjgir,MA,Digital Marketing Executive,Full Time,Large,15 Days,17,150000
Bhatapara,M.Com,Account Manager,Full Time,Small,45 Days,7,138000
Ambikapur,BA,Account Manager,Full Time,Medium,2 Months,6,73000
Chirmiri,MA,MIS Executive,Contract,Medium,15 Days,20,150000
Bilaspur,B.Com,Digital Marketing Executive,Full Time,Medium,2 Months,6,73000
Raipur,B.Com,Account Manager,Full Time,Large,15 Days,4,82000
Bilaspur,B.Com,Sales Executive,Full Time,Medium,30 Days,6,61000
Tilda Newra,M.Com,HR Executive,Full Time,Small,30 Days,5,88000
Mahasamund,12th Pass,Accountant,Full Time,Medium,30 Days,5,31000
Rajnandgaon,BBA,Customer Support,Contract,Small,30 Days,1,32000
Manendragarh,10th Pass,Sales Executive,Full Time,Small,30 Days,1,15000
Rajnandgaon,Diploma,Content Writer,Full Time,Large,2 Months,6,45000
Durg,BCA,Sales Executive,Part Time,Small,30 Days,0,25000
Durg,Diploma,Customer Support,Full Time,Small,2 Months,7,35000
Raigarh,M.Com,Sales Executive,Full Time,Medium,2 Months,1,77000
Korba,12th Pass,Computer Operator,Full Time,Large,30 Days,3,24000
Manendragarh,MA,MIS Executive,Full Time,Large,45 Days,8,150000
Mungeli,BBA,HR Executive,Full Time,Medium,30 Days,3,53000
Raigarh,12th Pass,Accountant,Full Time,Large,15 Days,9,48000
Mahasamund,10th Pass,Customer Support,Full Time,Large,30 Days,6,20000
Naila Janjgir,BCA,HR Executive,Intern,Small,3 Months,13,36000
Raigarh,MA,Business Analyst,Full Time,Large,3 Months,8,150000
Raigarh,M.Com,MIS Executive,Contract,Large,Immediately,3,114000
Dhamtari,MBA,HR Executive,Intern,Medium,2 Months,15,100000
Bilaspur,B.Com,Business Analyst,Contract,Medium,2 Months,8,93000
Bilaspur,B.Com,Accountant,Full Time,Small,45 Days,2,41000
Chirmiri,10th Pass,Computer Operator,Full Time,Small,30 Days,5,12000
Tilda Newra,12th Pass,Accountant,Full Time,Medium,45 Days,2,26000
Raipur,B.Com,HR Executive,Full Time,Medium,45 Days,5,47000
Ambikapur,BCA,Digital Marketing Executive,Full Time,Medium,30 Days,4,66000
Jagdalpur,BCA,Digital Marketing Executive,Full Time,Small,2 Months,5,71000
Rajnandgaon,MBA,Digital Marketing Executive,Part Time,Medium,30 Days,3,81000
Durg,BBA,Digital Marketing Executive,Full Time,Medium,45 Days,5,82000
Raipur,MBA,MIS Executive,Part Time,Small,2 Months,13,119000
Raigarh,12th Pass,Computer Operator,Part Time,Small,30 Days,6,13000
Bhilai,10th Pass,Computer Operator,Part Time,Medium,45 Days,10,12000
Bhatapara,12th Pass,Computer Operator,Full Time,Large,15 Days,6,30000
Manendragarh,10th Pass,Customer Support,Part Time,Medium,45 Days,10,13000
Manendragarh,B.Com,Digital Marketing Executive,Contract,Small,15 Days,2,37000
Rajnandgaon,10th Pass,Customer Support,Contract,Medium,30 Days,0,12000
Mahasamund,MA,Account Manager,Full Time,Large,2 Months,5,144000
Bhilai,12th Pass,Customer Support,Full Time,Small,3 Months,6,20000
Rajnandgaon,BBA,Business Analyst,Full Time,Large,Immediately,7,121000
Ambikapur,BCA,HR Executive,Full Time,Large,30 Days,3,73000
Manendragarh,10th Pass,Sales Executive,Full Time,Small,15 Days,3,17000
Chirmiri,Diploma,Sales Executive,Full Time,Large,2 Months,5,52000
Bhilai,BBA,HR Executive,Full Time,Large,30 Days,5,78000
Bemetra,12th Pass,Accountant,Full Time,Medium,15 Days,6,36000
Durg,BA,HR Executive,Contract,Large,15 Days,11,78000
Dalli-Rajhara,MA,Account Manager,Full Time,Large,3 Months,5,135000
Bhatapara,Diploma,Content Writer,Full Time,Small,Immediately,4,25000
Durg,12th Pass,Content Writer,Full Time,Large,30 Days,4,28000
Sakti,BCA,Sales Executive,Full Time,Small,15 Days,2,49000
Mahasamund,12th Pass,Accountant,Full Time,Medium,45 Days,0,21000
Jagdalpur,MA,Digital Marketing Executive,Full Time,Small,15 Days,10,120000
Durg,B.Com,Digital Marketing Executive,Full Time,Small,3 Months,11,76000
Dhamtari,MA,HR Executive,Full Time,Small,3 Months,7,75000
Bemetra,10th Pass,Computer Operator,Full Time,Small,3 Months,4,12000
Bhatapara,MA,Digital Marketing Executive,Full Time,Medium,2 Months,2,85000
Mahasamund,B.Com,Customer Support,Full Time,Medium,30 Days,2,33000
Sakti,10th Pass,Computer Operator,Full Time,Large,30 Days,2,15000
Tilda Newra,MBA,HR Executive,Full Time,Small,3 Months,20,150000
Raigarh,12th Pass,Customer Support,Contract,Large,15 Days,0,18000
Rajnandgaon,Diploma,Content Writer,Full Time,Large,2 Months,6,45000
Raipur,B.Com,Business Analyst,Full Time,Medium,45 Days,7,91000
Bemetra,BBA,Digital Marketing Executive,Full Time,Medium,3 Months,7,83000
Bhatapara,MA,Business Analyst,Part Time,Medium,3 Months,9,96000
Mungeli,MA,MIS Executive,Part Time,Medium,45 Days,2,49000
Chirmiri,M.Com,Account Manager,Full Time,Small,3 Months,3,96000
Raipur,M.Com,Sales Executive,Intern,Medium,15 Days,1,31000
Mahasamund,12th Pass,Sales Executive,Full Time,Medium,30 Days,2,25000
Bilaspur,B.Com,Sales Executive,Full Time,Small,2 Months,4,46000
Naila Janjgir,12th Pass,Accountant,Full Time,Large,2 Months,8,43000
Dhamtari,BA,Sales Executive,Full Time,Small,Immediately,12,63000
Bhatapara,BBA,Digital Marketing Executive,Full Time,Small,2 Months,8,80000
Chirmiri,Diploma,Accountant,Part Time,Medium,2 Months,11,34000
Korba,BCA,HR Executive,Full Time,Small,3 Months,6,63000
Bilaspur,BA,Sales Executive,Full Time,Small,3 Months,9,56000
Manendragarh,12th Pass,Computer Operator,Full Time,Large,15 Days,6,31000
Bemetra,12th Pass,Customer Support,Full Time,Large,15 Days,6,35000
Bemetra,BBA,Sales Executive,Full Time,Small,45 Days,6,64000
Sakti,Diploma,Accountant,Full Time,Medium,Immediately,1,33000
Chirmiri,B.Com,HR Executive,Full Time,Large,2 Months,4,64000
Chirmiri,12th Pass,Content Writer,Contract,Small,45 Days,1,16000
Korba,BBA,Sales Executive,Contract,Large,15 Days,2,62000
Mungeli,Diploma,Customer Support,Full Time,Small,Immediately,3,23000
Bhilai,BBA,Account Manager,Full Time,Medium,30 Days,4,81000
Bhatapara,B.Com,Sales Executive,Full Time,Large,3 Months,5,79000
Ambikapur,BBA,Content Writer,Full Time,Medium,15 Days,1,42000
Dhamtari,BA,Business Analyst,Full Time,Large,30 Days,12,130000
Naila Janjgir,M.Com,Business Analyst,Full Time,Medium,2 Months,14,150000
Manendragarh,MA,HR Executive,Full Time,Large,45 Days,18,150000
Raigarh,M.Com,Account Manager,Full Time,Medium,2 Months,10,150000
Dalli-Rajhara,12th Pass,Sales Executive,Full Time,Medium,3 Months,11,42000
Dalli-Rajhara,BBA,HR Executive,Part Time,Small,3 Months,7,38000
Jagdalpur,MA,MIS Executive,Part Time,Small,Immediately,2,39000
Dalli-Rajhara,BBA,Sales Executive,Full Time,Small,3 Months,7,66000
Naila Janjgir,Diploma,Content Writer,Full Time,Large,Immediately,12,60000
Raigarh,M.Com,Sales Executive,Full Time,Small,15 Days,1,73000
Tilda Newra,BCA,Sales Executive,Full Time,Medium,3 Months,12,95000
Mungeli,10th Pass,Customer Support,Full Time,Large,45 Days,2,16000
Raipur,10th Pass,Customer Support,Intern,Small,3 Months,6,8000
Mahasamund,MBA,HR Executive,Contract,Large,30 Days,8,150000
Bhilai,BA,Business Analyst,Contract,Medium,15 Days,6,63000
Sakti,10th Pass,Sales Executive,Full Time,Large,15 Days,5,29000
Chirmiri,M.Com,Account Manager,Full Time,Large,30 Days,16,150000
Durg,MA,Account Manager,Full Time,Large,45 Days,10,150000
Bilaspur,12th Pass,Customer Support,Full Time,Large,30 Days,3,27000
Dhamtari,MBA,MIS Executive,Full Time,Large,45 Days,13,150000
Korba,Diploma,Content Writer,Full Time,Large,45 Days,5,45000
Chirmiri,Diploma,Accountant,Full Time,Medium,30 Days,7,43000
Bemetra,MA,Business Analyst,Full Time,Medium,15 Days,6,144000
Bemetra,12th Pass,Content Writer,Full Time,Medium,2 Months,3,25000
Bhilai,BBA,Content Writer,Part Time,Large,15 Days,0,29000
Tilda Newra,BCA,Digital Marketing Executive,Full Time,Small,Immediately,1,49000
Durg,BBA,Sales Executive,Full Time,Small,2 Months,11,84000
Ambikapur,12th Pass,Customer Support,Part Time,Large,Immediately,0,13000
Mahasamund,BCA,Digital Marketing Executive,Full Time,Small,15 Days,11,88000
Manendragarh,BCA,Customer Support,Full Time,Large,15 Days,0,41000
Jagdalpur,MA,MIS Executive,Intern,Medium,2 Months,8,50000
Bemetra,Diploma,Accountant,Full Time,Medium,2 Months,7,49000
Sakti,Diploma,Accountant,Part Time,Large,3 Months,14,43000
Raipur,10th Pass,Sales Executive,Full Time,Medium,45 Days,7,27000
Naila Janjgir,MA,Digital Marketing Executive,Full Time,Medium,15 Days,9,129000
Mahasamund,BA,HR Executive,Part Time,Medium,Immediately,0,18000
Chirmiri,10th Pass,Computer Operator,Part Time,Large,45 Days,1,12000
Tilda Newra,BCA,Sales Executive,Full Time,Small,Immediately,13,101000
Sakti,BBA,Digital Marketing Executive,Contract,Medium,3 Months,7,72000
Mungeli,Diploma,Sales Executive,Full Time,Large,30 Days,10,68000
Korba,12th Pass,Computer Operator,Full Time,Large,15 Days,1,20000
Dhamtari,BBA,Digital Marketing Executive,Part Time,Small,2 Months,15,73000
Bhatapara,10th Pass,Sales Executive,Full Time,Medium,15 Days,2,18000
Raigarh,BA,Account Manager,Full Time,Small,30 Days,7,60000
Jagdalpur,Diploma,Content Writer,Contract,Small,2 Months,3,21000
Jagdalpur,MBA,Account Manager,Full Time,Medium,2 Months,11,150000
Mahasamund,Diploma,Content Writer,Full Time,Small,30 Days,6,35000
Sakti,BCA,MIS Executive,Part Time,Small,30 Days,6,46000
Mungeli,BBA,Business Analyst,Contract,Medium,30 Days,5,77000
Chirmiri,10th Pass,Customer Support,Full Time,Small,2 Months,4,15000
Bhatapara,BCA,Business Analyst,Contract,Small,15 Days,15,119000
Naila Janjgir,M.Com,MIS Executive,Full Time,Large,Immediately,6,150000
Durg,B.Com,Sales Executive,Full Time,Small,Immediately,0,30000
Manendragarh,Diploma,Sales Executive,Full Time,Small,30 Days,3,27000
Manendragarh,MBA,HR Executive,Full Time,Small,45 Days,17,150000
Rajnandgaon,MBA,Digital Marketing Executive,Intern,Large,15 Days,4,63000
Bhatapara,10th Pass,Sales Executive,Full Time,Large,Immediately,1,19000
Manendragarh,BCA,Content Writer,Full Time,Large,15 Days,1,60000
Manendragarh,B.Com,Digital Marketing Executive,Full Time,Small,30 Days,1,36000
Jagdalpur,M.Com,MIS Executive,Part Time,Small,Immediately,1,44000
Ambikapur,Diploma,Customer Support,Part Time,Small,45 Days,4,14000
Ambikapur,Diploma,Computer Operator,Full Time,Medium,Immediately,1,22000
Dalli-Rajhara,BA,Content Writer,Contract,Small,30 Days,0,23000
Raipur,MA,MIS Executive,Full Time,Medium,3 Months,6,108000
Bhilai,M.Com,MIS Executive,Full Time,Small,45 Days,8,126000
Tilda Newra,M.Com,MIS Executive,Full Time,Large,3 Months,18,150000
Raigarh,Diploma,Accountant,Full Time,Large,45 Days,12,81000
Raigarh,BA,Business Analyst,Full Time,Small,2 Months,13,86000
Bhilai,B.Com,Digital Marketing Executive,Contract,Large,2 Months,12,117000
Manendragarh,BBA,Digital Marketing Executive,Part Time,Medium,30 Days,3,42000
Rajnandgaon,BCA,Digital Marketing Executive,Full Time,Small,30 Days,15,114000
Bemetra,BBA,HR Executive,Full Time,Large,30 Days,3,69000
Rajnandgaon,MA,HR Executive,Intern,Medium,30 Days,4,32000
Sakti,BCA,HR Executive,Full Time,Medium,3 Months,7,67000
Dhamtari,BA,Sales Executive,Full Time,Large,45 Days,6,70000
Bemetra,10th Pass,Sales Executive,Full Time,Small,30 Days,4,16000
Chirmiri,BCA,Digital Marketing Executive,Full Time,Large,15 Days,3,93000
Mahasamund,10th Pass,Sales Executive,Full Time,Medium,2 Months,5,22000
Mahasamund,Diploma,Sales Executive,Part Time,Large,Immediately,6,32000
Durg,BA,Sales Executive,Full Time,Large,45 Days,7,80000
Ambikapur,12th Pass,Customer Support,Intern,Medium,30 Days,0,8000
Korba,10th Pass,Sales Executive,Part Time,Small,15 Days,0,12000
Bhilai,10th Pass,Sales Executive,Full Time,Large,Immediately,5,24000
Manendragarh,BBA,Digital Marketing Executive,Full Time,Medium,2 Months,6,77000
Dhamtari,Diploma,Computer Operator,Contract,Large,45 Days,6,33000
Manendragarh,12th Pass,Content Writer,Full Time,Small,3 Months,6,26000
Bhatapara,BBA,Account Manager,Full Time,Medium,30 Days,6,96000
Bemetra,MBA,Account Manager,Full Time,Medium,30 Days,10,150000
Mungeli,12th Pass,Customer Support,Full Time,Medium,3 Months,5,27000
Dhamtari,10th Pass,Customer Support,Part Time,Small,3 Months,3,12000
Ambikapur,BBA,Customer Support,Full Time,Large,Immediately,0,48000
Mahasamund,10th Pass,Sales Executive,Contract,Large,30 Days,3,22000
Ambikapur,BCA,Business Analyst,Full Time,Small,30 Days,5,72000
Sakti,MA,Account Manager,Part Time,Small,30 Days,9,82000
Naila Janjgir,BBA,Digital Marketing Executive,Intern,Small,30 Days,11,40000
Sakti,BA,HR Executive,Full Time,Large,Immediately,4,55000
Naila Janjgir,MA,Digital Marketing Executive,Full Time,Large,3 Months,8,149000
Chirmiri,BBA,Business Analyst,Full Time,Small,30 Days,10,100000
Bhilai,BCA,Digital Marketing Executive,Contract,Medium,Immediately,1,46000
Mungeli,BCA,Accountant,Full Time,Small,2 Months,2,50000
Tilda Newra,Diploma,Computer Operator,Full Time,Medium,45 Days,15,42000
Korba,M.Com,Account Manager,Full Time,Large,3 Months,6,150000
Dhamtari,BA,Account Manager,Part Time,Medium,2 Months,5,36000
Manendragarh,12th Pass,Computer Operator,Full Time,Medium,3 Months,6,22000
Naila Janjgir,BA,Digital Marketing Executive,Full Time,Medium,15 Days,4,54000
Dhamtari,Diploma,Computer Operator,Full Time,Medium,45 Days,12,40000
Bemetra,12th Pass,Content Writer,Full Time,Large,30 Days,8,36000
Tilda Newra,MBA,MIS Executive,Full Time,Medium,15 Days,3,130000
Dhamtari,MBA,MIS Executive,Full Time,Medium,3 Months,3,133000
Rajnandgaon,M.Com,Digital Marketing Executive,Full Time,Large,45 Days,5,147000
Dalli-Rajhara,M.Com,Account Manager,Part Time,Large,45 Days,8,129000
Raipur,Diploma,Accountant,Full Time,Large,30 Days,10,72000
Bilaspur,12th Pass,Computer Operator,Full Time,Medium,2 Months,9,29000
Bemetra,B.Com,Sales Executive,Full Time,Small,3 Months,14,80000
Sakti,B.Com,Sales Executive,Contract,Medium,3 Months,11,80000
Durg,BA,Account Manager,Intern,Small,3 Months,6,23000
Naila Janjgir,MA,HR Executive,Full Time,Large,3 Months,10,140000
Manendragarh,12th Pass,Accountant,Full Time,Large,2 Months,4,42000
Mahasamund,MBA,Business Analyst,Full Time,Medium,Immediately,5,150000
Raigarh,BCA,Account Manager,Part Time,Medium,45 Days,12,78000
Korba,BCA,Sales Executive,Full Time,Large,45 Days,10,134000
Durg,BA,HR Executive,Part Time,Small,15 Days,1,17000
Chirmiri,BBA,Accountant,Part Time,Medium,2 Months,2,36000
Korba,10th Pass,Sales Executive,Contract,Medium,3 Months,7,21000
Manendragarh,10th Pass,Computer Operator,Full Time,Small,3 Months,7,12000
Bemetra,BA,Sales Executive,Full Time,Small,Immediately,0,28000
Naila Janjgir,Diploma,Computer Operator,Full Time,Medium,45 Days,4,27000
Bhatapara,MA,Digital Marketing Executive,Contract,Small,15 Days,1,56000
Dhamtari,BBA,MIS Executive,Full Time,Medium,3 Months,5,79000
Rajnandgaon,B.Com,Account Manager,Contract,Large,2 Months,7,99000
Dalli-Rajhara,10th Pass,Sales Executive,Full Time,Small,30 Days,3,16000
Jagdalpur,12th Pass,Sales Executive,Full Time,Large,30 Days,5,38000
Bilaspur,B.Com,HR Executive,Part Time,Large,Immediately,2,36000
Durg,BCA,Sales Executive,Full Time,Large,Immediately,3,86000
Bhilai,12th Pass,Sales Executive,Full Time,Large,2 Months,2,33000
Sakti,BA,HR Executive,Full Time,Large,2 Months,10,82000
Rajnandgaon,MA,HR Executive,Part Time,Medium,45 Days,14,82000
Durg,Diploma,Accountant,Full Time,Large,2 Months,2,44000
Manendragarh,MA,HR Executive,Intern,Large,45 Days,10,61000
Bhilai,12th Pass,Accountant,Full Time,Large,45 Days,10,55000
Mungeli,BCA,Business Analyst,Full Time,Small,2 Months,4,79000
Chirmiri,M.Com,Digital Marketing Executive,Full Time,Medium,45 Days,10,150000
Dalli-Rajhara,Diploma,Computer Operator,Contract,Medium,15 Days,4,23000
Sakti,B.Com,Digital Marketing Executive,Intern,Small,30 Days,5,19000
Manendragarh,MA,Sales Executive,Part Time,Large,15 Days,3,61000
Bilaspur,BBA,Sales Executive,Full Time,Medium,30 Days,10,99000
Rajnandgaon,BCA,Digital Marketing Executive,Full Time,Medium,3 Months,8,107000
Mahasamund,B.Com,Account Manager,Full Time,Small,2 Months,8,75000
Rajnandgaon,B.Com,Business Analyst,Part Time,Medium,30 Days,5,51000
Bhatapara,MBA,HR Executive,Full Time,Large,15 Days,1,122000
Jagdalpur,BA,Digital Marketing Executive,Full Time,Large,Immediately,2,54000
Bilaspur,B.Com,Account Manager,Part Time,Medium,15 Days,9,61000
Durg,MBA,MIS Executive,Full Time,Large,3 Months,18,150000
Bhatapara,M.Com,MIS Executive,Full Time,Small,15 Days,17,150000
Jagdalpur,MA,Account Manager,Part Time,Medium,30 Days,11,89000
Bhilai,BBA,Account Manager,Full Time,Large,2 Months,7,125000
Naila Janjgir,BA,Sales Executive,Full Time,Large,30 Days,11,96000
Mahasamund,BBA,Sales Executive,Full Time,Large,2 Months,4,90000
Raigarh,MBA,Business Analyst,Full Time,Small,15 Days,9,150000
Chirmiri,10th Pass,Sales Executive,Full Time,Large,15 Days,4,22000
Raipur,12th Pass,Customer Support,Part Time,Small,15 Days,9,15000
Dhamtari,MA,Business Analyst,Contract,Large,2 Months,9,150000
Ambikapur,10th Pass,Customer Support,Part Time,Small,3 Months,5,12000
Jagdalpur,BBA,Customer Support,Full Time,Large,15 Days,2,59000
Jagdalpur,MA,Digital Marketing Executive,Full Time,Large,Immediately,14,150000
Raipur,MA,Digital Marketing Executive,Full Time,Large,3 Months,3,114000
Raipur,BBA,HR Executive,Full Time,Large,Immediately,1,55000
Rajnandgaon,12th Pass,Customer Support,Full Time,Large,15 Days,2,23000
Jagdalpur,10th Pass,Computer Operator,Contract,Small,Immediately,3,12000
Dhamtari,Diploma,Customer Support,Full Time,Large,2 Months,13,68000
Dalli-Rajhara,BCA,Digital Marketing Executive,Full Time,Medium,2 Months,5,80000
Durg,BBA,HR Executive,Full Time,Large,45 Days,12,131000
Chirmiri,BA,Digital Marketing Executive,Full Time,Large,45 Days,6,67000
Raigarh,BCA,Customer Support,Full Time,Large,15 Days,1,51000
Durg,10th Pass,Computer Operator,Full Time,Large,3 Months,7,23000
Bhatapara,BA,Digital Marketing Executive,Part Time,Large,2 Months,13,62000
Jagdalpur,12th Pass,Sales Executive,Full Time,Medium,30 Days,5,30000
Bhilai,MBA,Account Manager,Part Time,Small,15 Days,1,61000
Tilda Newra,B.Com,Sales Executive,Full Time,Small,30 Days,7,62000
Bhilai,M.Com,Business Analyst,Contract,Large,3 Months,20,150000
Rajnandgaon,Diploma,Sales Executive,Full Time,Medium,30 Days,10,55000
Korba,BCA,Content Writer,Contract,Small,45 Days,0,33000
Sakti,B.Com,Business Analyst,Full Time,Large,15 Days,6,95000
Raigarh,B.Com,Accountant,Contract,Medium,Immediately,1,40000
Tilda Newra,B.Com,HR Executive,Contract,Large,15 Days,7,74000
Bemetra,BA,HR Executive,Full Time,Small,2 Months,4,35000
Ambikapur,MA,HR Executive,Full Time,Small,Immediately,1,51000
Durg,Diploma,Content Writer,Part Time,Small,2 Months,6,19000
Naila Janjgir,BCA,MIS Executive,Full Time,Medium,Immediately,3,59000
Mungeli,10th Pass,Sales Executive,Part Time,Medium,Immediately,0,12000
Sakti,BCA,Account Manager,Contract,Medium,30 Days,5,88000
Mahasamund,Diploma,Content Writer,Full Time,Small,45 Days,6,31000
Sakti,10th Pass,Customer Support,Full Time,Large,2 Months,7,20000
Bhilai,M.Com,MIS Executive,Full Time,Medium,30 Days,12,145000
Mungeli,B.Com,MIS Executive,Full Time,Small,30 Days,7,63000
Bhatapara,M.Com,HR Executive,Full Time,Large,2 Months,15,150000
Naila Janjgir,Diploma,Sales Executive,Contract,Large,15 Days,1,36000
Ambikapur,B.Com,Customer Support,Full Time,Small,Immediately,0,26000
Mahasamund,MBA,Account Manager,Full Time,Medium,2 Months,9,150000
Tilda Newra,Diploma,Sales Executive,Full Time,Medium,3 Months,6,51000
Chirmiri,BCA,Sales Executive,Full Time,Large,30 Days,3,80000
Bhatapara,B.Com,Business Analyst,Full Time,Medium,15 Days,4,66000
Korba,M.Com,HR Executive,Full Time,Small,3 Months,13,135000
Tilda Newra,M.Com,Account Manager,Full Time,Large,30 Days,3,146000
Jagdalpur,12th Pass,Content Writer,Full Time,Small,30 Days,8,26000
Manendragarh,BCA,HR Executive,Part Time,Medium,Immediately,0,24000
Mahasamund,BBA,HR Executive,Full Time,Medium,30 Days,7,75000
Dalli-Rajhara,BCA,Digital Marketing Executive,Full Time,Medium,30 Days,3,68000
Chirmiri,M.Com,Digital Marketing Executive,Contract,Large,45 Days,1,96000
Raipur,BBA,Content Writer,Part Time,Small,Immediately,1,24000
Raipur,BBA,Business Analyst,Full Time,Large,30 Days,3,107000
Manendragarh,B.Com,Sales Executive,Full Time,Medium,30 Days,4,60000
Sakti,M.Com,Business Analyst,Full Time,Small,2 Months,16,150000
Durg,BBA,HR Executive,Full Time,Small,3 Months,2,44000
Jagdalpur,BA,Account Manager,Full Time,Large,2 Months,5,91000
Bilaspur,M.Com,HR Executive,Full Time,Small,Immediately,1,56000
Bemetra,BCA,Sales Executive,Part Time,Large,45 Days,2,42000
Raigarh,MA,Digital Marketing Executive,Full Time,Small,15 Days,1,60000
Korba,BCA,Business Analyst,Full Time,Small,Immediately,7,91000
Dhamtari,M.Com,Account Manager,Full Time,Large,3 Months,14,150000
Bhilai,12th Pass,Customer Support,Full Time,Small,30 Days,1,16000
Tilda Newra,B.Com,Content Writer,Full Time,Medium,45 Days,2,43000
Rajnandgaon,B.Com,Customer Support,Contract,Medium,15 Days,2,32000
Sakti,B.Com,Customer Support,Full Time,Small,2 Months,2,32000
Mungeli,M.Com,Account Manager,Full Time,Large,2 Months,16,150000
Mahasamund,Diploma,Computer Operator,Full Time,Large,15 Days,11,49000
Bilaspur,12th Pass,Customer Support,Full Time,Large,30 Days,3,26000
Dalli-Rajhara,BA,Accountant,Contract,Small,15 Days,0,25000
Dalli-Rajhara,12th Pass,Content Writer,Contract,Large,Immediately,0,22000
Naila Janjgir,B.Com,Accountant,Full Time,Medium,15 Days,2,44000
Bemetra,MA,HR Executive,Full Time,Large,45 Days,3,85000
Mungeli,B.Com,Sales Executive,Part Time,Medium,30 Days,3,33000
Bhatapara,BBA,Digital Marketing Executive,Full Time,Medium,30 Days,7,91000
Bhilai,12th Pass,Customer Support,Full Time,Large,2 Months,5,28000
Ambikapur,M.Com,Business Analyst,Contract,Large,3 Months,12,150000
Dhamtari,M.Com,MIS Executive,Intern,Small,Immediately,3,36000
Ambikapur,BA,HR Executive,Full Time,Small,Immediately,5,44000
Manendragarh,12th Pass,Customer Support,Part Time,Medium,15 Days,1,12000
Raipur,MA,MIS Executive,Full Time,Medium,15 Days,4,98000
Raipur,BBA,HR Executive,Intern,Medium,30 Days,0,18000
Dhamtari,B.Com,HR Executive,Full Time,Large,15 Days,2,56000
Sakti,BA,Sales Executive,Full Time,Medium,15 Days,8,66000
Mahasamund,MBA,Digital Marketing Executive,Contract,Medium,30 Days,4,114000
Raigarh,12th Pass,Computer Operator,Contract,Large,2 Months,4,20000
Bhilai,BBA,MIS Executive,Full Time,Medium,3 Months,7,92000
Mungeli,10th Pass,Sales Executive,Full Time,Large,15 Days,2,21000
Chirmiri,MA,MIS Executive,Contract,Large,2 Months,2,93000
Raipur,MBA,Digital Marketing Executive,Contract,Small,30 Days,10,150000
Bilaspur,B.Com,HR Executive,Part Time,Medium,2 Months,11,51000
Dalli-Rajhara,BBA,HR Executive,Full Time,Large,Immediately,1,57000
Bhatapara,MBA,HR Executive,Part Time,Large,30 Days,10,131000
Mungeli,BBA,Digital Marketing Executive,Full Time,Medium,15 Days,7,94000
Manendragarh,BBA,Account Manager,Full Time,Medium,45 Days,8,110000
Sakti,B.Com,Sales Executive,Full Time,Small,30 Days,9,66000
Sakti,MBA,HR Executive,Full Time,Large,15 Days,3,147000
Bilaspur,MA,Business Analyst,Full Time,Small,2 Months,8,119000
Bhatapara,MA,MIS Executive,Full Time,Small,Immediately,1,64000
Bemetra,BA,Accountant,Part Time,Large,30 Days,1,30000
Korba,10th Pass,Sales Executive,Contract,Medium,2 Months,8,20000
Sakti,BBA,Account Manager,Full Time,Small,Immediately,4,69000
Jagdalpur,B.Com,Content Writer,Contract,Small,2 Months,1,29000
Chirmiri,BCA,Sales Executive,Full Time,Medium,45 Days,1,49000
Jagdalpur,MA,HR Executive,Part Time,Small,30 Days,2,31000
Ambikapur,BCA,Accountant,Part Time,Medium,30 Days,1,33000
Ambikapur,MBA,Digital Marketing Executive,Part Time,Large,30 Days,12,150000
Bhatapara,B.Com,Sales Executive,Full Time,Medium,15 Days,5,56000
Jagdalpur,MBA,HR Executive,Full Time,Medium,Immediately,4,129000
Chirmiri,M.Com,Account Manager,Part Time,Medium,30 Days,9,90000
Bhatapara,10th Pass,Computer Operator,Full Time,Small,30 Days,0,12000
Jagdalpur,BA,HR Executive,Full Time,Small,Immediately,14,63000
Mungeli,BCA,HR Executive,Full Time,Small,45 Days,5,54000
Naila Janjgir,MBA,HR Executive,Part Time,Small,15 Days,2,46000
Bhatapara,M.Com,Digital Marketing Executive,Full Time,Medium,2 Months,14,150000
Mungeli,MBA,Sales Executive,Part Time,Large,15 Days,4,108000
Dalli-Rajhara,BA,Digital Marketing Executive,Full Time,Small,15 Days,7,49000
Mungeli,12th Pass,Accountant,Full Time,Small,15 Days,0,19000
Korba,BCA,MIS Executive,Full Time,Medium,45 Days,10,94000
Bilaspur,BBA,Customer Support,Contract,Medium,Immediately,0,30000
Raigarh,B.Com,Sales Executive,Full Time,Medium,30 Days,1,40000
Durg,BCA,Sales Executive,Full Time,Large,3 Months,5,87000
Rajnandgaon,10th Pass,Sales Executive,Contract,Small,30 Days,4,15000
Bhilai,12th Pass,Computer Operator,Full Time,Large,2 Months,8,30000
Tilda Newra,BBA,Account Manager,Full Time,Large,45 Days,3,93000
Bhilai,10th Pass,Computer Operator,Contract,Small,3 Months,5,12000
Mahasamund,MA,Business Analyst,Full Time,Medium,3 Months,10,150000
Bilaspur,M.Com,HR Executive,Full Time,Medium,15 Days,12,145000
Dalli-Rajhara,BCA,Sales Executive,Full Time,Large,Immediately,1,64000
Bemetra,BBA,HR Executive,Full Time,Small,15 Days,1,41000
Sakti,MA,HR Executive,Contract,Large,3 Months,5,99000
Bhilai,BCA,Digital Marketing Executive,Full Time,Small,15 Days,5,68000
Manendragarh,12th Pass,Computer Operator,Full Time,Large,3 Months,9,37000
Raipur,BCA,HR Executive,Full Time,Small,45 Days,4,56000
Ambikapur,BBA,Accountant,Intern,Medium,30 Days,0,18000
Naila Janjgir,BA,MIS Executive,Part Time,Medium,15 Days,7,41000
Bhatapara,BBA,HR Executive,Part Time,Medium,Immediately,1,26000
Chirmiri,BA,MIS Executive,Full Time,Small,3 Months,12,69000
Tilda Newra,BCA,HR Executive,Full Time,Small,45 Days,4,48000
Bhatapara,10th Pass,Sales Executive,Part Time,Large,45 Days,6,17000
Bhatapara,Diploma,Content Writer,Full Time,Large,15 Days,0,29000
Bemetra,BBA,HR Executive,Part Time,Medium,45 Days,4,40000
Naila Janjgir,MBA,Sales Executive,Full Time,Medium,30 Days,2,101000
Raipur,12th Pass,Accountant,Full Time,Small,30 Days,5,30000
Mungeli,12th Pass,Accountant,Full Time,Small,30 Days,8,33000
Dhamtari,BCA,Sales Executive,Full Time,Medium,45 Days,5,69000
Naila Janjgir,BBA,Business Analyst,Full Time,Large,3 Months,5,118000
Ambikapur,BA,Business Analyst,Intern,Large,30 Days,5,37000
Jagdalpur,Diploma,Accountant,Intern,Small,30 Days,0,10000
Raigarh,MA,MIS Executive,Full Time,Medium,45 Days,15,150000
Naila Janjgir,MA,HR Executive,Full Time,Small,45 Days,10,96000
Jagdalpur,MBA,MIS Executive,Part Time,Large,2 Months,9,124000
Chirmiri,B.Com,Accountant,Full Time,Large,15 Days,2,54000
Tilda Newra,10th Pass,Computer Operator,Full Time,Large,30 Days,3,16000
Ambikapur,BA,Content Writer,Full Time,Large,30 Days,0,35000
Jagdalpur,10th Pass,Sales Executive,Full Time,Large,Immediately,1,19000
Jagdalpur,12th Pass,Customer Support,Full Time,Medium,45 Days,8,28000
Tilda Newra,BBA,MIS Executive,Full Time,Medium,3 Months,12,121000
Rajnandgaon,M.Com,Digital Marketing Executive,Full Time,Small,45 Days,8,119000
Raipur,MA,Account Manager,Full Time,Small,30 Days,6,102000
Jagdalpur,M.Com,Business Analyst,Full Time,Large,Immediately,8,150000
Bhatapara,B.Com,Business Analyst,Contract,Medium,30 Days,3,57000
Bhatapara,BBA,Accountant,Part Time,Medium,30 Days,0,28000
Manendragarh,B.Com,Business Analyst,Full Time,Large,30 Days,5,94000
Durg,M.Com,MIS Executive,Full Time,Small,45 Days,18,150000
Durg,Diploma,Content Writer,Full Time,Medium,30 Days,4,29000
Chirmiri,10th Pass,Customer Support,Contract,Medium,15 Days,0,12000
Bhatapara,MBA,Account Manager,Full Time,Medium,45 Days,3,150000
Bhilai,MA,Account Manager,Full Time,Small,2 Months,15,150000
Raipur,B.Com,Digital Marketing Executive,Intern,Medium,15 Days,0,17000
Sakti,BBA,Account Manager,Full Time,Medium,2 Months,11,135000
Dalli-Rajhara,MA,Business Analyst,Full Time,Medium,30 Days,14,150000
Dhamtari,Diploma,Sales Executive,Full Time,Small,Immediately,3,28000
Mahasamund,BCA,Sales Executive,Full Time,Medium,2 Months,5,74000
Mahasamund,BCA,Account Manager,Part Time,Large,30 Days,8,90000
Mungeli,MA,Digital Marketing Executive,Contract,Small,15 Days,8,86000
Mahasamund,B.Com,Sales Executive,Full Time,Large,2 Months,8,84000
Raipur,BA,Sales Executive,Full Time,Large,30 Days,10,88000
Korba,B.Com,Content Writer,Contract,Large,15 Days,0,36000
Jagdalpur,Diploma,Customer Support,Full Time,Small,45 Days,7,34000
Dalli-Rajhara,B.Com,Sales Executive,Full Time,Large,15 Days,12,115000
Bhatapara,M.Com,Digital Marketing Executive,Full Time,Large,2 Months,8,150000
Bemetra,B.Com,Business Analyst,Full Time,Small,30 Days,12,114000
Tilda Newra,B.Com,Business Analyst,Full Time,Medium,45 Days,7,79000
Bhilai,M.Com,MIS Executive,Part Time,Medium,2 Months,10,92000
Raipur,12th Pass,Accountant,Full Time,Medium,30 Days,5,34000
Bilaspur,10th Pass,Customer Support,Full Time,Large,30 Days,6,21000
Ambikapur,M.Com,MIS Executive,Full Time,Small,30 Days,10,144000
Raipur,MA,Business Analyst,Full Time,Large,45 Days,8,150000
Raipur,MA,Digital Marketing Executive,Full Time,Medium,30 Days,5,92000
Sakti,MA,Digital Marketing Executive,Contract,Large,15 Days,14,150000
Bemetra,BBA,Sales Executive,Contract,Medium,2 Months,2,54000
Jagdalpur,BCA,Digital Marketing Executive,Contract,Medium,30 Days,3,64000
Raigarh,B.Com,Account Manager,Full Time,Large,45 Days,8,111000
Bemetra,12th Pass,Computer Operator,Part Time,Small,Immediately,4,12000
Bhatapara,BA,Sales Executive,Full Time,Small,3 Months,5,48000
Mungeli,BCA,Sales Executive,Part Time,Large,2 Months,8,69000
Mungeli,BCA,Digital Marketing Executive,Part Time,Large,15 Days,1,46000
Jagdalpur,Diploma,Content Writer,Full Time,Large,30 Days,6,43000
Dhamtari,10th Pass,Computer Operator,Full Time,Large,Immediately,4,17000
Mahasamund,BA,Digital Marketing Executive,Intern,Large,45 Days,2,22000
Bhilai,MA,MIS Executive,Full Time,Small,3 Months,7,102000
Ambikapur,10th Pass,Computer Operator,Full Time,Small,15 Days,2,12000
Korba,12th Pass,Sales Executive,Full Time,Medium,15 Days,1,26000
Chirmiri,10th Pass,Customer Support,Full Time,Small,30 Days,2,12000
Manendragarh,M.Com,Digital Marketing Executive,Full Time,Small,2 Months,12,137000
Chirmiri,M.Com,HR Executive,Full Time,Small,2 Months,7,93000
Naila Janjgir,BCA,Digital Marketing Executive,Full Time,Small,3 Months,7,68000
Ambikapur,BCA,HR Executive,Full Time,Large,Immediately,5,82000
Mungeli,BCA,Business Analyst,Full Time,Small,30 Days,12,112000
Bilaspur,MBA,MIS Executive,Full Time,Small,3 Months,15,150000
Mahasamund,M.Com,Digital Marketing Executive,Full Time,Large,2 Months,10,150000
Dhamtari,M.Com,Business Analyst,Full Time,Large,15 Days,9,150000
Sakti,BCA,MIS Executive,Full Time,Medium,45 Days,6,96000
Sakti,10th Pass,Customer Support,Full Time,Medium,30 Days,5,16000
Bilaspur,M.Com,Sales Executive,Full Time,Small,2 Months,4,80000
Durg,MA,HR Executive,Full Time,Medium,45 Days,15,132000
Bhilai,MA,Digital Marketing Executive,Full Time,Medium,30 Days,1,74000
Jagdalpur,10th Pass,Computer Operator,Full Time,Small,Immediately,5,13000
Tilda Newra,12th Pass,Content Writer,Part Time,Small,30 Days,7,18000
Mahasamund,MBA,HR Executive,Full Time,Medium,30 Days,5,118000
Raipur,MA,Digital Marketing Executive,Full Time,Small,3 Months,9,97000
Mahasamund,MA,Account Manager,Full Time,Medium,45 Days,3,98000
Tilda Newra,BBA,Business Analyst,Full Time,Large,45 Days,8,130000
Bhatapara,B.Com,Business Analyst,Part Time,Small,30 Days,3,36000
Raipur,MA,HR Executive,Full Time,Small,2 Months,16,113000
Manendragarh,BCA,Customer Support,Full Time,Small,45 Days,2,40000
Chirmiri,B.Com,Account Manager,Full Time,Medium,3 Months,7,96000
Mungeli,M.Com,Business Analyst,Full Time,Medium,2 Months,5,150000
Rajnandgaon,BBA,Content Writer,Full Time,Small,15 Days,1,38000
Ambikapur,Diploma,Computer Operator,Full Time,Large,15 Days,9,42000
Dhamtari,Diploma,Sales Executive,Full Time,Large,30 Days,5,59000
Dhamtari,MBA,Digital Marketing Executive,Full Time,Large,3 Months,7,150000
Raigarh,B.Com,MIS Executive,Full Time,Small,3 Months,14,95000
Durg,Diploma,Content Writer,Full Time,Medium,30 Days,11,50000
Dalli-Rajhara,BCA,Sales Executive,Full Time,Small,45 Days,7,63000
Raigarh,BBA,Account Manager,Intern,Small,2 Months,5,32000
Tilda Newra,MA,Account Manager,Full Time,Small,30 Days,1,66000
Korba,10th Pass,Customer Support,Full Time,Small,45 Days,8,15000
Ambikapur,12th Pass,Content Writer,Full Time,Medium,30 Days,5,26000
Bemetra,MBA,Digital Marketing Executive,Full Time,Medium,30 Days,1,117000
Mungeli,Diploma,Accountant,Intern,Medium,2 Months,5,17000
Sakti,BA,Business Analyst,Full Time,Large,45 Days,11,103000
Jagdalpur,10th Pass,Computer Operator,Full Time,Small,Immediately,4,13000
Bemetra,BBA,Customer Support,Part Time,Large,30 Days,1,32000
Bhilai,MA,Business Analyst,Full Time,Large,45 Days,7,150000
Ambikapur,MBA,Account Manager,Contract,Large,15 Days,4,150000
Chirmiri,MBA,Sales Executive,Full Time,Large,15 Days,4,150000
Tilda Newra,M.Com,MIS Executive,Part Time,Medium,30 Days,10,102000
Bhatapara,MA,HR Executive,Full Time,Large,30 Days,3,94000
Naila Janjgir,Diploma,Customer Support,Part Time,Large,3 Months,14,46000
Chirmiri,Diploma,Content Writer,Full Time,Medium,30 Days,12,55000
Raipur,MBA,Business Analyst,Full Time,Medium,45 Days,5,150000
Manendragarh,BBA,Customer Support,Full Time,Small,30 Days,2,34000
Mungeli,BA,HR Executive,Full Time,Small,15 Days,0,25000
Korba,BCA,MIS Executive,Full Time,Medium,Immediately,4,76000
Mungeli,BCA,Account Manager,Full Time,Small,45 Days,11,115000
Bhatapara,BBA,Account Manager,Full Time,Medium,Immediately,3,83000
Manendragarh,BBA,HR Executive,Part Time,Small,Immediately,2,25000
Korba,B.Com,Account Manager,Part Time,Large,30 Days,11,83000
Tilda Newra,BBA,Digital Marketing Executive,Full Time,Large,3 Months,9,134000
Manendragarh,BA,Accountant,Full Time,Medium,15 Days,1,37000
Sakti,BCA,MIS Executive,Full Time,Small,3 Months,6,71000
Rajnandgaon,12th Pass,Customer Support,Full Time,Large,Immediately,6,35000
Tilda Newra,BBA,Digital Marketing Executive,Full Time,Large,3 Months,10,143000
Bemetra,B.Com,Account Manager,Full Time,Small,2 Months,7,68000
Jagdalpur,MBA,Business Analyst,Full Time,Small,2 Months,15,150000
Korba,M.Com,HR Executive,Contract,Small,3 Months,10,114000
Jagdalpur,MBA,Digital Marketing Executive,Full Time,Small,30 Days,13,150000
Korba,BBA,HR Executive,Full Time,Small,30 Days,5,52000
Ambikapur,B.Com,Business Analyst,Contract,Small,45 Days,12,93000
Rajnandgaon,10th Pass,Customer Support,Full Time,Medium,2 Months,3,14000
Bemetra,BCA,Accountant,Contract,Medium,2 Months,2,48000
Tilda Newra,BA,Sales Executive,Intern,Large,Immediately,0,18000
Manendragarh,B.Com,Digital Marketing Executive,Full Time,Small,45 Days,5,56000
Bemetra,M.Com,Account Manager,Full Time,Medium,30 Days,5,121000
Sakti,BCA,MIS Executive,Full Time,Medium,2 Months,5,81000
Dalli-Rajhara,MBA,MIS Executive,Full Time,Large,3 Months,16,150000
Sakti,M.Com,MIS Executive,Part Time,Large,15 Days,1,64000
Durg,BA,Digital Marketing Executive,Contract,Medium,2 Months,11,61000
Bemetra,Diploma,Sales Executive,Contract,Large,45 Days,8,53000
Sakti,Diploma,Computer Operator,Full Time,Small,15 Days,1,19000
Bhatapara,BBA,Account Manager,Contract,Small,Immediately,6,72000
Bhatapara,12th Pass,Accountant,Full Time,Small,2 Months,7,26000
Jagdalpur,M.Com,MIS Executive,Part Time,Small,30 Days,3,47000
Rajnandgaon,BA,MIS Executive,Full Time,Medium,3 Months,6,60000
Bhilai,Diploma,Content Writer,Full Time,Small,2 Months,11,40000
Jagdalpur,BA,Digital Marketing Executive,Part Time,Medium,Immediately,7,37000
Dhamtari,MA,Account Manager,Full Time,Large,2 Months,6,150000
Durg,12th Pass,Content Writer,Full Time,Medium,2 Months,1,19000
Bemetra,MA,Digital Marketing Executive,Full Time,Small,15 Days,6,89000
Jagdalpur,12th Pass,Content Writer,Contract,Medium,30 Days,8,28000
Mahasamund,BA,HR Executive,Part Time,Medium,Immediately,0,19000
Korba,BBA,HR Executive,Full Time,Small,15 Days,1,44000
Bhilai,10th Pass,Computer Operator,Full Time,Medium,30 Days,7,16000
Mungeli,BCA,MIS Executive,Full Time,Small,3 Months,10,88000
Mungeli,M.Com,MIS Executive,Contract,Large,30 Days,2,115000
Ambikapur,BBA,HR Executive,Full Time,Medium,30 Days,1,44000
Bilaspur,10th Pass,Customer Support,Part Time,Large,30 Days,0,12000
Bhilai,Diploma,Content Writer,Part Time,Small,30 Days,1,14000
Manendragarh,BCA,Customer Support,Full Time,Large,15 Days,2,56000
Raigarh,M.Com,Account Manager,Full Time,Large,2 Months,7,150000
Naila Janjgir,BBA,Sales Executive,Intern,Small,15 Days,0,17000
Durg,10th Pass,Customer Support,Contract,Small,30 Days,1,12000
Bhatapara,BA,Business Analyst,Full Time,Small,3 Months,5,49000
Naila Janjgir,BA,MIS Executive,Full Time,Small,2 Months,12,71000
Ambikapur,M.Com,Business Analyst,Part Time,Large,2 Months,7,129000
Mungeli,BCA,Sales Executive,Intern,Small,45 Days,0,16000
Naila Janjgir,B.Com,Sales Executive,Part Time,Medium,30 Days,2,28000
Bhilai,M.Com,Account Manager,Full Time,Large,30 Days,4,150000
Manendragarh,BA,MIS Executive,Full Time,Medium,2 Months,3,44000
Rajnandgaon,M.Com,Business Analyst,Part Time,Medium,45 Days,6,82000
Jagdalpur,MA,HR Executive,Full Time,Large,15 Days,4,95000
Raipur,BCA,Sales Executive,Part Time,Small,30 Days,3,32000
Ambikapur,Diploma,Computer Operator,Contract,Small,30 Days,11,33000
Raigarh,12th Pass,Content Writer,Full Time,Medium,3 Months,3,25000
Bemetra,MBA,Business Analyst,Full Time,Large,2 Months,13,150000
Mungeli,Diploma,Accountant,Full Time,Large,30 Days,7,60000
Jagdalpur,BCA,HR Executive,Full Time,Small,15 Days,7,71000
Mungeli,10th Pass,Sales Executive,Full Time,Small,15 Days,0,12000
Tilda Newra,Diploma,Accountant,Full Time,Large,45 Days,6,58000
Tilda Newra,12th Pass,Accountant,Full Time,Small,15 Days,9,39000
Bemetra,BA,HR Executive,Full Time,Small,15 Days,5,43000
Manendragarh,BA,Business Analyst,Full Time,Small,45 Days,7,71000
Chirmiri,Diploma,Sales Executive,Full Time,Medium,45 Days,5,41000
Naila Janjgir,M.Com,Business Analyst,Contract,Small,30 Days,10,126000
Mungeli,12th Pass,Computer Operator,Full Time,Small,Immediately,2,15000
Bilaspur,M.Com,Account Manager,Intern,Small,30 Days,18,80000
Mungeli,B.Com,Account Manager,Full Time,Small,30 Days,4,65000
Durg,B.Com,Content Writer,Part Time,Large,30 Days,0,23000
Durg,BCA,Digital Marketing Executive,Full Time,Small,3 Months,7,74000
Naila Janjgir,M.Com,HR Executive,Part Time,Large,3 Months,6,78000
Bemetra,BA,Content Writer,Full Time,Large,Immediately,1,40000
Bhilai,BCA,Digital Marketing Executive,Contract,Large,Immediately,7,107000
Raipur,BBA,HR Executive,Full Time,Large,45 Days,5,74000
Bhatapara,MBA,MIS Executive,Full Time,Large,30 Days,10,150000
Mahasamund,MBA,Account Manager,Full Time,Large,45 Days,10,150000
Mahasamund,M.Com,Account Manager,Full Time,Small,15 Days,14,150000
Tilda Newra,MBA,Account Manager,Full Time,Small,3 Months,5,148000
Ambikapur,BBA,Sales Executive,Part Time,Small,Immediately,2,28000
Raipur,BBA,Sales Executive,Contract,Medium,15 Days,6,62000
Manendragarh,12th Pass,Sales Executive,Full Time,Large,30 Days,3,34000
Bhilai,BA,Account Manager,Contract,Small,45 Days,10,60000
Mungeli,MA,Account Manager,Full Time,Small,45 Days,5,87000
Raipur,BA,Customer Support,Contract,Small,15 Days,0,20000
Chirmiri,MA,Digital Marketing Executive,Full Time,Large,3 Months,1,92000
Durg,B.Com,MIS Executive,Full Time,Small,15 Days,6,53000
Jagdalpur,12th Pass,Sales Executive,Full Time,Small,15 Days,5,25000
Jagdalpur,Diploma,Content Writer,Part Time,Large,30 Days,4,22000
Mahasamund,M.Com,Account Manager,Full Time,Small,3 Months,10,143000
Raigarh,BCA,Business Analyst,Full Time,Medium,45 Days,7,127000
Bemetra,M.Com,MIS Executive,Full Time,Medium,2 Months,7,125000
Durg,MBA,HR Executive,Full Time,Small,2 Months,12,150000
Tilda Newra,M.Com,Digital Marketing Executive,Full Time,Small,15 Days,2,77000
Bemetra,BA,HR Executive,Full Time,Large,3 Months,6,62000
Mahasamund,BBA,HR Executive,Full Time,Small,15 Days,15,91000
Naila Janjgir,BCA,Account Manager,Full Time,Small,3 Months,11,123000
Bilaspur,BA,HR Executive,Contract,Small,30 Days,7,38000
Durg,BA,Customer Support,Intern,Small,30 Days,0,8000
Tilda Newra,MA,MIS Executive,Full Time,Large,3 Months,14,150000
Raipur,B.Com,HR Executive,Part Time,Large,Immediately,4,37000
Chirmiri,BA,Account Manager,Full Time,Small,30 Days,6,54000
Jagdalpur,MA,Account Manager,Full Time,Medium,45 Days,19,150000
Durg,B.Com,Business Analyst,Contract,Large,45 Days,4,83000
Durg,BA,Digital Marketing Executive,Part Time,Large,3 Months,11,65000
Bilaspur,BCA,Business Analyst,Full Time,Small,2 Months,9,103000
Ambikapur,BBA,Accountant,Contract,Large,15 Days,1,58000
Chirmiri,B.Com,Sales Executive,Full Time,Medium,30 Days,4,49000
Bilaspur,10th Pass,Sales Executive,Part Time,Large,2 Months,6,17000
Rajnandgaon,BA,MIS Executive,Full Time,Medium,3 Months,6,63000
Bilaspur,MBA,Account Manager,Contract,Medium,15 Days,5,150000
Ambikapur,MBA,MIS Executive,Full Time,Large,2 Months,6,150000
Bhatapara,MBA,Digital Marketing Executive,Full Time,Small,30 Days,4,113000
Bilaspur,Diploma,Computer Operator,Full Time,Medium,45 Days,11,38000
Manendragarh,12th Pass,Content Writer,Full Time,Large,45 Days,2,28000
Bilaspur,BA,Customer Support,Full Time,Small,15 Days,2,25000
Bhilai,B.Com,Sales Executive,Full Time,Medium,30 Days,4,60000
Dhamtari,12th Pass,Customer Support,Full Time,Small,15 Days,4,17000
Dalli-Rajhara,BA,HR Executive,Part Time,Medium,30 Days,8,30000
Naila Janjgir,MA,HR Executive,Intern,Large,30 Days,4,38000
Bemetra,MBA,Account Manager,Full Time,Medium,3 Months,5,150000
Manendragarh,10th Pass,Customer Support,Full Time,Small,Immediately,10,18000
Raipur,BBA,Sales Executive,Full Time,Small,30 Days,4,57000
Bemetra,12th Pass,Customer Support,Contract,Small,2 Months,5,16000
Chirmiri,BA,Sales Executive,Full Time,Small,30 Days,5,44000
Dalli-Rajhara,MA,MIS Executive,Full Time,Large,Immediately,5,115000
Chirmiri,BA,Sales Executive,Full Time,Large,30 Days,10,90000
Manendragarh,BA,Customer Support,Full Time,Small,30 Days,2,24000
Tilda Newra,BCA,Sales Executive,Contract,Small,45 Days,12,76000
Bilaspur,12th Pass,Customer Support,Full Time,Small,2 Months,6,21000
Bhatapara,10th Pass,Computer Operator,Full Time,Medium,30 Days,2,12000
Dhamtari,12th Pass,Sales Executive,Full Time,Large,30 Days,0,28000
Bemetra,Diploma,Content Writer,Full Time,Small,30 Days,4,30000
Naila Janjgir,12th Pass,Computer Operator,Part Time,Large,45 Days,6,18000
Ambikapur,M.Com,MIS Executive,Full Time,Small,3 Months,6,106000
Chirmiri,BCA,Account Manager,Full Time,Small,30 Days,14,123000
Sakti,M.Com,Business Analyst,Full Time,Medium,15 Days,13,150000
Raigarh,10th Pass,Sales Executive,Contract,Medium,3 Months,5,22000
Bhatapara,MA,MIS Executive,Full Time,Medium,15 Days,11,131000
Dhamtari,10th Pass,Sales Executive,Full Time,Small,15 Days,2,14000
Sakti,BCA,Business Analyst,Full Time,Small,2 Months,12,127000
Sakti,BCA,HR Executive,Part Time,Large,30 Days,0,31000
Mahasamund,MA,Account Manager,Contract,Small,15 Days,3,69000
Jagdalpur,12th Pass,Content Writer,Full Time,Small,45 Days,5,21000
Dhamtari,M.Com,Account Manager,Full Time,Small,45 Days,2,91000
Manendragarh,MBA,Sales Executive,Full Time,Large,45 Days,3,135000
Rajnandgaon,12th Pass,Computer Operator,Contract,Large,45 Days,6,25000
Bhatapara,Diploma,Customer Support,Full Time,Small,45 Days,7,29000
Korba,MA,Digital Marketing Executive,Contract,Large,15 Days,16,150000
Jagdalpur,MA,Business Analyst,Full Time,Medium,30 Days,8,149000
Ambikapur,B.Com,HR Executive,Full Time,Small,3 Months,11,62000
Sakti,Diploma,Content Writer,Full Time,Small,30 Days,10,35000
Bhatapara,M.Com,Business Analyst,Full Time,Medium,30 Days,7,150000
Chirmiri,MA,HR Executive,Full Time,Medium,3 Months,13,125000
Korba,BBA,Sales Executive,Full Time,Large,Immediately,5,99000
Mungeli,MBA,MIS Executive,Full Time,Small,45 Days,5,127000
Chirmiri,BCA,HR Executive,Full Time,Large,15 Days,4,84000
Bhatapara,12th Pass,Accountant,Full Time,Large,45 Days,4,39000
Naila Janjgir,MA,Business Analyst,Full Time,Large,Immediately,19,150000
Naila Janjgir,BCA,Sales Executive,Full Time,Medium,Immediately,9,103000
Mahasamund,M.Com,MIS Executive,Full Time,Medium,30 Days,10,150000
Chirmiri,M.Com,Account Manager,Full Time,Medium,Immediately,7,150000
Jagdalpur,12th Pass,Accountant,Full Time,Medium,30 Days,4,31000
Korba,BBA,HR Executive,Full Time,Small,15 Days,11,92000
Rajnandgaon,MA,HR Executive,Full Time,Medium,2 Months,9,116000
Manendragarh,M.Com,Business Analyst,Full Time,Small,2 Months,16,150000
Rajnandgaon,MBA,Digital Marketing Executive,Full Time,Small,45 Days,16,150000
Jagdalpur,Diploma,Computer Operator,Part Time,Small,15 Days,4,14000
Sakti,M.Com,Digital Marketing Executive,Part Time,Small,3 Months,8,73000
Dalli-Rajhara,MBA,Account Manager,Full Time,Small,30 Days,3,129000
Jagdalpur,B.Com,Content Writer,Part Time,Large,Immediately,1,29000
Durg,12th Pass,Content Writer,Full Time,Large,3 Months,5,34000
Bhilai,BCA,Digital Marketing Executive,Intern,Large,15 Days,8,47000
Bhilai,MBA,HR Executive,Full Time,Large,45 Days,14,150000
Bhatapara,BA,Digital Marketing Executive,Full Time,Medium,3 Months,8,67000
Raigarh,M.Com,MIS Executive,Full Time,Medium,3 Months,20,150000
Raipur,Diploma,Customer Support,Part Time,Large,30 Days,0,17000
Dalli-Rajhara,MBA,MIS Executive,Full Time,Large,3 Months,7,150000
Durg,Diploma,Customer Support,Full Time,Small,3 Months,8,32000
Bilaspur,10th Pass,Customer Support,Full Time,Small,30 Days,4,12000
Jagdalpur,MBA,HR Executive,Full Time,Medium,30 Days,15,150000
Bhatapara,BA,HR Executive,Full Time,Large,30 Days,5,54000
Dalli-Rajhara,10th Pass,Sales Executive,Part Time,Medium,30 Days,3,12000
Raipur,10th Pass,Computer Operator,Full Time,Small,2 Months,4,12000
Jagdalpur,10th Pass,Sales Executive,Full Time,Large,30 Days,3,24000
Jagdalpur,BCA,HR Executive,Full Time,Large,30 Days,1,59000
Mungeli,M.Com,Account Manager,Full Time,Medium,2 Months,16,150000
Ambikapur,BA,Sales Executive,Full Time,Medium,15 Days,11,62000
Bhatapara,BCA,Digital Marketing Executive,Full Time,Large,30 Days,10,122000
Bilaspur,MA,MIS Executive,Full Time,Medium,45 Days,10,126000
Jagdalpur,BA,MIS Executive,Full Time,Small,3 Months,5,46000
Sakti,BCA,Account Manager,Contract,Large,45 Days,5,105000
Mahasamund,Diploma,Customer Support,Full Time,Small,3 Months,13,40000
Tilda Newra,12th Pass,Accountant,Full Time,Medium,30 Days,9,41000
Dalli-Rajhara,BBA,MIS Executive,Full Time,Small,45 Days,3,53000
Bhatapara,12th Pass,Sales Executive,Full Time,Small,30 Days,7,28000
Durg,M.Com,HR Executive,Full Time,Small,30 Days,4,74000
Raigarh,B.Com,Sales Executive,Full Time,Medium,15 Days,7,66000
Jagdalpur,12th Pass,Content Writer,Full Time,Large,2 Months,5,34000
Sakti,B.Com,HR Executive,Contract,Medium,45 Days,8,52000
Mungeli,MBA,Account Manager,Full Time,Large,30 Days,4,150000
Bhilai,MA,Account Manager,Part Time,Large,30 Days,10,115000
Naila Janjgir,MA,Account Manager,Intern,Large,45 Days,20,108000
Dalli-Rajhara,BCA,Business Analyst,Full Time,Small,45 Days,7,88000
Manendragarh,BBA,Customer Support,Full Time,Medium,30 Days,2,42000
Dhamtari,Diploma,Computer Operator,Full Time,Small,30 Days,7,27000
Raipur,M.Com,Account Manager,Full Time,Medium,3 Months,5,132000
Korba,BCA,MIS Executive,Full Time,Small,2 Months,5,69000
Ambikapur,10th Pass,Sales Executive,Full Time,Large,30 Days,8,33000
Korba,BCA,Sales Executive,Full Time,Large,15 Days,1,69000
Mungeli,M.Com,HR Executive,Full Time,Medium,45 Days,11,148000
Jagdalpur,12th Pass,Sales Executive,Intern,Medium,30 Days,10,17000
Raigarh,B.Com,HR Executive,Full Time,Large,3 Months,7,78000
Bhilai,BCA,MIS Executive,Full Time,Large,45 Days,10,137000
Tilda Newra,BBA,Business Analyst,Full Time,Medium,15 Days,3,88000
Naila Janjgir,BBA,Business Analyst,Intern,Small,2 Months,4,32000
Bilaspur,M.Com,MIS Executive,Full Time,Medium,30 Days,7,134000
Bemetra,BBA,Business Analyst,Part Time,Small,30 Days,7,58000
Bemetra,12th Pass,Sales Executive,Full Time,Small,Immediately,1,18000
Dalli-Rajhara,MA,Account Manager,Full Time,Small,Immediately,4,89000
Rajnandgaon,M.Com,MIS Executive,Full Time,Large,2 Months,9,150000
Rajnandgaon,Diploma,Customer Support,Full Time,Medium,15 Days,1,25000
Mahasamund,BBA,HR Executive,Full Time,Medium,45 Days,3,58000
Bemetra,BBA,Sales Executive,Full Time,Small,45 Days,6,74000
Sakti,Diploma,Content Writer,Full Time,Medium,15 Days,4,31000
Manendragarh,BBA,Digital Marketing Executive,Full Time,Medium,30 Days,7,92000
Bhilai,B.Com,Digital Marketing Executive,Part Time,Small,45 Days,4,32000
Raipur,BA,Sales Executive,Contract,Medium,3 Months,7,48000
Sakti,M.Com,Account Manager,Full Time,Small,30 Days,1,76000
Ambikapur,BCA,Accountant,Contract,Large,2 Months,2,64000
Raipur,10th Pass,Sales Executive,Full Time,Medium,3 Months,3,19000
Mungeli,BBA,HR Executive,Full Time,Medium,3 Months,11,92000
Rajnandgaon,MA,Account Manager,Full Time,Small,2 Months,4,90000
Rajnandgaon,M.Com,MIS Executive,Full Time,Large,45 Days,11,150000
Dalli-Rajhara,12th Pass,Customer Support,Part Time,Medium,30 Days,0,12000
Jagdalpur,MBA,Account Manager,Full Time,Large,15 Days,2,150000
Bhatapara,12th Pass,Content Writer,Contract,Small,30 Days,2,18000
Mungeli,Diploma,Content Writer,Full Time,Large,3 Months,3,35000
Jagdalpur,MBA,HR Executive,Contract,Small,2 Months,17,150000
Sakti,BCA,Business Analyst,Full Time,Medium,45 Days,4,84000
Raigarh,BA,MIS Executive,Full Time,Medium,15 Days,6,50000
Rajnandgaon,BBA,Customer Support,Contract,Large,Immediately,0,40000
Jagdalpur,M.Com,Account Manager,Full Time,Medium,2 Months,10,150000
Bemetra,BCA,HR Executive,Full Time,Medium,15 Days,10,76000
Raigarh,M.Com,MIS Executive,Full Time,Small,30 Days,8,121000
Sakti,12th Pass,Content Writer,Full Time,Large,45 Days,5,34000
Dhamtari,Diploma,Computer Operator,Full Time,Medium,45 Days,6,30000
